snapshot_date,commence_time,home_team,away_team,market,player,selection,line,american_odds,book,model_probability,edge,calibrated_probability,calibrated_edge,gates_in_force
2026-10-04,2026-10-04T20:05:00Z,Minnesota Vikings,Miami Dolphins,alternate_team_total,,away_over,17.5,210,fanduel,0.6015392913029934,0.2789586461417031,,,selection: cleared select()'s bars — backfilled 2026-10-05 from card.md; no selections ledger existed when 2026-10-04 was carded
2026-10-04,2026-10-04T20:05:00Z,Minnesota Vikings,Miami Dolphins,alternate_team_total,,away_over,18.5,220,fanduel,0.5878806493600697,0.2753806493600697,,,selection: cleared select()'s bars — backfilled 2026-10-05 from card.md; no selections ledger existed when 2026-10-04 was carded
2026-10-04,2026-10-04T20:05:00Z,Minnesota Vikings,Miami Dolphins,alternate_team_total,,away_over,19.5,255,fanduel,0.5532330702925354,0.271542929447465,,,selection: cleared select()'s bars — backfilled 2026-10-05 from card.md; no selections ledger existed when 2026-10-04 was carded
2026-10-04,2026-10-04T17:00:00Z,Philadelphia Eagles,Los Angeles Rams,alternate_spread,,home,-4.0,300,betmgm,0.5194943925080774,0.2694943925080774,,,selection: cleared select()'s bars — backfilled 2026-10-05 from card.md; no selections ledger existed when 2026-10-04 was carded
2026-10-04,2026-10-04T20:05:00Z,Minnesota Vikings,Miami Dolphins,alternate_team_total,,away_over,16.5,150,fanduel,0.6682848255934598,0.2682848255934598,,,selection: cleared select()'s bars — backfilled 2026-10-05 from card.md; no selections ledger existed when 2026-10-04 was carded
2026-10-04,2026-10-04T17:00:00Z,Philadelphia Eagles,Los Angeles Rams,alternate_spread,,home,-3.0,250,betmgm,0.5533846817228917,0.267670396008606,,,selection: cleared select()'s bars — backfilled 2026-10-05 from card.md; no selections ledger existed when 2026-10-04 was carded
2026-10-04,2026-10-04T17:00:00Z,Philadelphia Eagles,Los Angeles Rams,alternate_spread,,home,1.0,150,fanatics,0.6669716445538773,0.2669716445538772,,,selection: cleared select()'s bars — backfilled 2026-10-05 from card.md; no selections ledger existed when 2026-10-04 was carded
2026-10-04,2026-10-04T17:00:00Z,Philadelphia Eagles,Los Angeles Rams,alternate_spread,,home,-7.0,500,betmgm,0.4329789521596212,0.2663122854929546,,,selection: cleared select()'s bars — backfilled 2026-10-05 from card.md; no selections ledger existed when 2026-10-04 was carded
2026-10-04,2026-10-04T17:00:00Z,Philadelphia Eagles,Los Angeles Rams,moneyline,,home,,170,draftkings,0.6351967738684533,0.2648264034980829,,,selection: cleared select()'s bars — backfilled 2026-10-05 from card.md; no selections ledger existed when 2026-10-04 was carded
2026-10-04,2026-10-04T17:00:00Z,Philadelphia Eagles,Los Angeles Rams,alternate_spread,,home,-3.5,270,betmgm,0.5350506636543713,0.264780393384101,,,selection: cleared select()'s bars — backfilled 2026-10-05 from card.md; no selections ledger existed when 2026-10-04 was carded
2026-10-04,2026-10-04T17:00:00Z,Philadelphia Eagles,Los Angeles Rams,alternate_spread,,home,-5.0,340,betmgm,0.4914184269862738,0.2641456997135466,,,selection: cleared select()'s bars — backfilled 2026-10-05 from card.md; no selections ledger existed when 2026-10-04 was carded
2026-10-04,2026-10-04T17:00:00Z,Philadelphia Eagles,Los Angeles Rams,alternate_spread,,home,2.0,135,fanatics,0.6888739060601112,0.2633419911664942,,,selection: cleared select()'s bars — backfilled 2026-10-05 from card.md; no selections ledger existed when 2026-10-04 was carded
2026-10-04,2026-10-04T20:05:00Z,Minnesota Vikings,Miami Dolphins,team_total,,away_over,14.5,116,williamhill_us,0.7258500234196933,0.2628870604567303,,,selection: cleared select()'s bars — backfilled 2026-10-05 from card.md; no selections ledger existed when 2026-10-04 was carded
2026-10-04,2026-10-04T20:05:00Z,Minnesota Vikings,Miami Dolphins,alternate_team_total,,away_over,15.5,122,fanduel,0.7108764846691688,0.2604260342187183,,,selection: cleared select()'s bars — backfilled 2026-10-05 from card.md; no selections ledger existed when 2026-10-04 was carded
2026-10-04,2026-10-04T17:00:00Z,Philadelphia Eagles,Los Angeles Rams,alternate_spread,,home,-4.5,310,betmgm,0.5026758673903023,0.2587734283659121,,,selection: cleared select()'s bars — backfilled 2026-10-05 from card.md; no selections ledger existed when 2026-10-04 was carded
2026-10-04,2026-10-04T17:00:00Z,Philadelphia Eagles,Los Angeles Rams,alternate_spread,,home,0.5,155,fanatics,0.6508699884332575,0.2587131256881594,,,selection: cleared select()'s bars — backfilled 2026-10-05 from card.md; no selections ledger existed when 2026-10-04 was carded
2026-10-04,2026-10-04T17:00:00Z,Philadelphia Eagles,Los Angeles Rams,alternate_spread,,home,1.5,140,fanduel,0.6750114287060139,0.2583447620393472,,,selection: cleared select()'s bars — backfilled 2026-10-05 from card.md; no selections ledger existed when 2026-10-04 was carded
2026-10-04,2026-10-04T17:00:00Z,Philadelphia Eagles,Los Angeles Rams,alternate_spread,,home,-6.0,380,betmgm,0.4660513769352955,0.2577180436019621,,,selection: cleared select()'s bars — backfilled 2026-10-05 from card.md; no selections ledger existed when 2026-10-04 was carded
2026-10-04,2026-10-04T17:00:00Z,Philadelphia Eagles,Los Angeles Rams,alternate_spread,,home,-6.5,400,betmgm,0.4534043574706599,0.2534043574706599,,,selection: cleared select()'s bars — backfilled 2026-10-05 from card.md; no selections ledger existed when 2026-10-04 was carded
2026-10-04,2026-10-04T17:00:00Z,Philadelphia Eagles,Los Angeles Rams,alternate_spread,,home,-5.5,340,betmgm,0.4805408923904814,0.2532681651177542,,,selection: cleared select()'s bars — backfilled 2026-10-05 from card.md; no selections ledger existed when 2026-10-04 was carded
2026-10-04,2026-10-04T17:00:00Z,Philadelphia Eagles,Los Angeles Rams,alternate_spread,,home,2.5,126,fanduel,0.6951348173728616,0.2526569412666669,,,selection: cleared select()'s bars — backfilled 2026-10-05 from card.md; no selections ledger existed when 2026-10-04 was carded
2026-10-04,2026-10-04T17:00:00Z,Philadelphia Eagles,Los Angeles Rams,alternate_spread,,home,-7.5,500,fanatics,0.4173820521456051,0.2507153854789384,,,selection: cleared select()'s bars — backfilled 2026-10-05 from card.md; no selections ledger existed when 2026-10-04 was carded
2026-10-04,2026-10-04T20:05:00Z,Minnesota Vikings,Miami Dolphins,alternate_team_total,,away_over,14.5,110,fanduel,0.7258500234196933,0.2496595472292171,,,selection: cleared select()'s bars — backfilled 2026-10-05 from card.md; no selections ledger existed when 2026-10-04 was carded
2026-10-04,2026-10-04T17:00:00Z,Philadelphia Eagles,Los Angeles Rams,alternate_spread,,home,-8.0,550,fanatics,0.4027191085896796,0.2488729547435257,,,selection: cleared select()'s bars — backfilled 2026-10-05 from card.md; no selections ledger existed when 2026-10-04 was carded
2026-10-04,2026-10-04T20:05:00Z,Minnesota Vikings,Miami Dolphins,alternate_team_total,,away_over,21.5,420,fanduel,0.4369527720118061,0.2446450797041138,,,selection: cleared select()'s bars — backfilled 2026-10-05 from card.md; no selections ledger existed when 2026-10-04 was carded
2026-10-04,2026-10-04T17:00:00Z,Philadelphia Eagles,Los Angeles Rams,alternate_spread,,home,-1.0,175,betmgm,0.6057261887375323,0.2420898251011686,,,selection: cleared select()'s bars — backfilled 2026-10-05 from card.md; no selections ledger existed when 2026-10-04 was carded
2026-10-04,2026-10-04T20:05:00Z,Minnesota Vikings,Miami Dolphins,alternate_team_total,,away_over,20.5,340,fanduel,0.4689526516688624,0.2416799243961352,,,selection: cleared select()'s bars — backfilled 2026-10-05 from card.md; no selections ledger existed when 2026-10-04 was carded
2026-10-04,2026-10-04T17:00:00Z,Philadelphia Eagles,Los Angeles Rams,alternate_spread,,home,-8.5,560,fanduel,0.3928325583198394,0.2413174068046878,,,selection: cleared select()'s bars — backfilled 2026-10-05 from card.md; no selections ledger existed when 2026-10-04 was carded
2026-10-04,2026-10-04T20:05:00Z,Minnesota Vikings,Miami Dolphins,alternate_team_total,,away_over,13.5,-107,betrivers,0.7573995449228154,0.2404913323624289,,,selection: cleared select()'s bars — backfilled 2026-10-05 from card.md; no selections ledger existed when 2026-10-04 was carded
2026-10-04,2026-10-04T17:00:00Z,Philadelphia Eagles,Los Angeles Rams,alternate_spread,,home,3.0,110,fanatics,0.7156105945622818,0.2394201183718056,,,selection: cleared select()'s bars — backfilled 2026-10-05 from card.md; no selections ledger existed when 2026-10-04 was carded
2026-10-04,2026-10-04T17:00:00Z,Philadelphia Eagles,Los Angeles Rams,alternate_spread,,home,-9.0,600,fanatics,0.3793644618447527,0.2365073189876098,,,selection: cleared select()'s bars — backfilled 2026-10-05 from card.md; no selections ledger existed when 2026-10-04 was carded
2026-10-04,2026-10-04T17:00:00Z,Philadelphia Eagles,Los Angeles Rams,alternate_spread,,home,-2.0,190,betmgm,0.5810750683048026,0.236247482097906,,,selection: cleared select()'s bars — backfilled 2026-10-05 from card.md; no selections ledger existed when 2026-10-04 was carded
2026-10-04,2026-10-04T17:00:00Z,Philadelphia Eagles,Los Angeles Rams,alternate_spread,,home,0.0,148,betrivers,0.6381514513146151,0.2349256448630022,,,selection: cleared select()'s bars — backfilled 2026-10-05 from card.md; no selections ledger existed when 2026-10-04 was carded
2026-10-04,2026-10-04T17:00:00Z,Philadelphia Eagles,Los Angeles Rams,alternate_spread,,home,-2.5,200,fanduel,0.5681813567762692,0.2348480234429359,,,selection: cleared select()'s bars — backfilled 2026-10-05 from card.md; no selections ledger existed when 2026-10-04 was carded
2026-10-04,2026-10-04T20:05:00Z,Minnesota Vikings,Miami Dolphins,team_total,,away_over,13.5,-110,betmgm,0.7573995449228154,0.2335900211132915,,,selection: cleared select()'s bars — backfilled 2026-10-05 from card.md; no selections ledger existed when 2026-10-04 was carded
2026-10-04,2026-10-04T17:00:00Z,Philadelphia Eagles,Los Angeles Rams,alternate_spread,,home,-1.5,180,fanduel,0.5903707643620202,0.233227907219163,,,selection: cleared select()'s bars — backfilled 2026-10-05 from card.md; no selections ledger existed when 2026-10-04 was carded
2026-10-04,2026-10-04T20:05:00Z,Minnesota Vikings,Miami Dolphins,alternate_team_total,,away_over,22.5,450,fanduel,0.4129765557696426,0.2311583739514608,,,selection: cleared select()'s bars — backfilled 2026-10-05 from card.md; no selections ledger existed when 2026-10-04 was carded
2026-10-04,2026-10-04T17:00:00Z,Philadelphia Eagles,Los Angeles Rams,alternate_spread,,home,-0.5,160,fanatics,0.615721202664046,0.2311058180486613,,,selection: cleared select()'s bars — backfilled 2026-10-05 from card.md; no selections ledger existed when 2026-10-04 was carded
2026-10-04,2026-10-04T17:00:00Z,Philadelphia Eagles,Los Angeles Rams,alternate_spread,,home,-9.5,600,fanduel,0.3711320664093718,0.2282749235522289,,,selection: cleared select()'s bars — backfilled 2026-10-05 from card.md; no selections ledger existed when 2026-10-04 was carded
2026-10-04,2026-10-04T17:00:00Z,Philadelphia Eagles,Los Angeles Rams,alternate_team_total,,home_over,24.5,260,betmgm,0.5049568363758917,0.2271790585981139,,,selection: cleared select()'s bars — backfilled 2026-10-05 from card.md; no selections ledger existed when 2026-10-04 was carded
2026-10-04,2026-10-04T17:00:00Z,Philadelphia Eagles,Los Angeles Rams,alternate_team_total,,home_over,25.5,275,betmgm,0.4894953786281923,0.2228287119615256,,,selection: cleared select()'s bars — backfilled 2026-10-05 from card.md; no selections ledger existed when 2026-10-04 was carded
2026-10-04,2026-10-04T17:00:00Z,Philadelphia Eagles,Los Angeles Rams,alternate_team_total,,home_over,23.5,190,draftkings,0.5666923960139892,0.2218648098070926,,,selection: cleared select()'s bars — backfilled 2026-10-05 from card.md; no selections ledger existed when 2026-10-04 was carded
2026-10-04,2026-10-04T20:05:00Z,Minnesota Vikings,Miami Dolphins,alternate_team_total,,away_over,23.5,560,fanduel,0.3719286221659803,0.2204134706508288,,,selection: cleared select()'s bars — backfilled 2026-10-05 from card.md; no selections ledger existed when 2026-10-04 was carded
2026-10-04,2026-10-04T17:00:00Z,Philadelphia Eagles,Los Angeles Rams,spread,,home,3.5,-102,draftkings,0.723747833089803,0.218797338040298,,,selection: cleared select()'s bars — backfilled 2026-10-05 from card.md; no selections ledger existed when 2026-10-04 was carded
2026-10-04,2026-10-04T13:30:00Z,Washington Commanders,Indianapolis Colts,alternate_spread,,home,1.5,172,fanduel,0.5837865289393839,0.2161394701158544,,,selection: cleared select()'s bars — backfilled 2026-10-05 from card.md; no selections ledger existed when 2026-10-04 was carded
2026-10-04,2026-10-04T17:00:00Z,Philadelphia Eagles,Los Angeles Rams,alternate_team_total,,home_over,26.5,310,betmgm,0.4585440266810406,0.2146415876566503,,,selection: cleared select()'s bars — backfilled 2026-10-05 from card.md; no selections ledger existed when 2026-10-04 was carded
2026-10-04,2026-10-04T20:05:00Z,Minnesota Vikings,Miami Dolphins,alternate_spread,,away,2.0,333,betmgm,0.4423046860158514,0.2113578037987613,,,selection: cleared select()'s bars — backfilled 2026-10-05 from card.md; no selections ledger existed when 2026-10-04 was carded
2026-10-04,2026-10-04T17:00:00Z,Philadelphia Eagles,Los Angeles Rams,alternate_team_total,,home_over,22.5,152,fanduel,0.6077425149348922,0.2109171181094953,,,selection: cleared select()'s bars — backfilled 2026-10-05 from card.md; no selections ledger existed when 2026-10-04 was carded
2026-10-04,2026-10-04T20:05:00Z,Minnesota Vikings,Miami Dolphins,alternate_spread,,away,2.5,310,betmgm,0.4548082828892122,0.210905843864822,,,selection: cleared select()'s bars — backfilled 2026-10-05 from card.md; no selections ledger existed when 2026-10-04 was carded
2026-10-04,2026-10-04T17:00:00Z,Philadelphia Eagles,Los Angeles Rams,alternate_team_total,,home_over,21.5,138,betmgm,0.6305481257599223,0.2103800585330315,,,selection: cleared select()'s bars — backfilled 2026-10-05 from card.md; no selections ledger existed when 2026-10-04 was carded
2026-10-04,2026-10-04T20:05:00Z,Minnesota Vikings,Miami Dolphins,moneyline,,away,,464,betonlineag,0.3865809690788946,0.2092760045398875,,,selection: cleared select()'s bars — backfilled 2026-10-05 from card.md; no selections ledger existed when 2026-10-04 was carded
2026-10-04,2026-10-04T13:30:00Z,Washington Commanders,Indianapolis Colts,alternate_spread,,home,1.0,175,fanatics,0.5728234335724987,0.209187069936135,,,selection: cleared select()'s bars — backfilled 2026-10-05 from card.md; no selections ledger existed when 2026-10-04 was carded
2026-10-04,2026-10-04T13:30:00Z,Washington Commanders,Indianapolis Colts,alternate_spread,,home,2.5,152,fanduel,0.6056762002573784,0.2088508034319816,,,selection: cleared select()'s bars — backfilled 2026-10-05 from card.md; no selections ledger existed when 2026-10-04 was carded
2026-10-04,2026-10-04T17:00:00Z,Philadelphia Eagles,Los Angeles Rams,alternate_spread,,home,4.0,-115,fanatics,0.7435460337163418,0.2086623127861092,,,selection: cleared select()'s bars — backfilled 2026-10-05 from card.md; no selections ledger existed when 2026-10-04 was carded
2026-10-04,2026-10-04T20:05:00Z,Minnesota Vikings,Miami Dolphins,alternate_spread,,away,3.0,280,betrivers,0.4706458494881886,0.2074879547513465,,,selection: cleared select()'s bars — backfilled 2026-10-05 from card.md; no selections ledger existed when 2026-10-04 was carded
2026-10-04,2026-10-04T20:05:00Z,Minnesota Vikings,Miami Dolphins,alternate_spread,,away,1.0,375,betmgm,0.4173680164422168,0.2068417006527431,,,selection: cleared select()'s bars — backfilled 2026-10-05 from card.md; no selections ledger existed when 2026-10-04 was carded
2026-10-04,2026-10-04T20:05:00Z,Minnesota Vikings,Miami Dolphins,alternate_spread,,away,1.5,340,fanduel,0.4323881610774727,0.2051154338047454,,,selection: cleared select()'s bars — backfilled 2026-10-05 from card.md; no selections ledger existed when 2026-10-04 was carded
2026-10-04,2026-10-04T17:00:00Z,Philadelphia Eagles,Los Angeles Rams,alternate_team_total,,home_over,20.5,120,draftkings,0.6594980444723163,0.2049525899268617,,,selection: cleared select()'s bars — backfilled 2026-10-05 from card.md; no selections ledger existed when 2026-10-04 was carded
2026-10-04,2026-10-04T13:30:00Z,Washington Commanders,Indianapolis Colts,alternate_spread,,home,2.0,155,bovada,0.5968514101328739,0.2046945473877758,,,selection: cleared select()'s bars — backfilled 2026-10-05 from card.md; no selections ledger existed when 2026-10-04 was carded
2026-10-04,2026-10-04T17:00:00Z,Philadelphia Eagles,Los Angeles Rams,alternate_spread,,home,3.5,-108,fanduel,0.723747833089803,0.2045170638590336,,,selection: cleared select()'s bars — backfilled 2026-10-05 from card.md; no selections ledger existed when 2026-10-04 was carded
2026-10-04,2026-10-04T17:00:00Z,Philadelphia Eagles,Los Angeles Rams,alternate_team_total,,home_over,19.5,-112,betmgm,0.7320190186277146,0.2037171318352617,,,selection: cleared select()'s bars — backfilled 2026-10-05 from card.md; no selections ledger existed when 2026-10-04 was carded
2026-10-04,2026-10-04T17:00:00Z,Philadelphia Eagles,Los Angeles Rams,team_total,,home_over,19.5,-112,betmgm,0.7320190186277146,0.2037171318352617,,,selection: cleared select()'s bars — backfilled 2026-10-05 from card.md; no selections ledger existed when 2026-10-04 was carded
2026-10-04,2026-10-04T17:00:00Z,Philadelphia Eagles,Los Angeles Rams,alternate_team_total,,home_over,27.5,425,betmgm,0.3937396028589796,0.2032634123827891,,,selection: cleared select()'s bars — backfilled 2026-10-05 from card.md; no selections ledger existed when 2026-10-04 was carded
2026-10-04,2026-10-04T13:30:00Z,Washington Commanders,Indianapolis Colts,alternate_spread,,home,-3.5,320,fanduel,0.4412634230248426,0.2031681849296046,,,selection: cleared select()'s bars — backfilled 2026-10-05 from card.md; no selections ledger existed when 2026-10-04 was carded
2026-10-04,2026-10-04T13:30:00Z,Washington Commanders,Indianapolis Colts,alternate_spread,,home,0.5,180,fanatics,0.55812244474448,0.2009795876016228,,,selection: cleared select()'s bars — backfilled 2026-10-05 from card.md; no selections ledger existed when 2026-10-04 was carded
2026-10-04,2026-10-04T13:30:00Z,Washington Commanders,Indianapolis Colts,alternate_spread,,home,-4.0,350,fanatics,0.4231857086238306,0.2009634864016083,,,selection: cleared select()'s bars — backfilled 2026-10-05 from card.md; no selections ledger existed when 2026-10-04 was carded
2026-10-04,2026-10-04T13:30:00Z,Washington Commanders,Indianapolis Colts,moneyline,,home,,192,lowvig,0.5419281817109596,0.199462428286302,,,selection: cleared select()'s bars — backfilled 2026-10-05 from card.md; no selections ledger existed when 2026-10-04 was carded
2026-10-04,2026-10-04T20:05:00Z,Minnesota Vikings,Miami Dolphins,alternate_spread,,away,3.5,245,bovada,0.4884589920502497,0.1986039195864815,,,selection: cleared select()'s bars — backfilled 2026-10-05 from card.md; no selections ledger existed when 2026-10-04 was carded
2026-10-04,2026-10-04T17:00:00Z,Philadelphia Eagles,Los Angeles Rams,alternate_spread,,home,5.0,-130,betrivers,0.7636131305642135,0.1983957392598657,,,selection: cleared select()'s bars — backfilled 2026-10-05 from card.md; no selections ledger existed when 2026-10-04 was carded
2026-10-04,2026-10-04T17:00:00Z,Philadelphia Eagles,Los Angeles Rams,alternate_team_total,,home_over,28.5,500,betmgm,0.363815904183728,0.1971492375170614,,,selection: cleared select()'s bars — backfilled 2026-10-05 from card.md; no selections ledger existed when 2026-10-04 was carded
2026-10-04,2026-10-04T17:00:00Z,Philadelphia Eagles,Los Angeles Rams,alternate_spread,,home,4.5,-124,betrivers,0.7503745646286482,0.1968031360572195,,,selection: cleared select()'s bars — backfilled 2026-10-05 from card.md; no selections ledger existed when 2026-10-04 was carded
2026-10-04,2026-10-04T20:05:00Z,Minnesota Vikings,Miami Dolphins,alternate_spread,,away,0.5,375,betrivers,0.4066083462730453,0.1960820304835716,,,selection: cleared select()'s bars — backfilled 2026-10-05 from card.md; no selections ledger existed when 2026-10-04 was carded
2026-10-04,2026-10-04T17:00:00Z,Philadelphia Eagles,Los Angeles Rams,alternate_team_total,,home_over,18.5,-130,draftkings,0.7603752023302212,0.1951578110258733,,,selection: cleared select()'s bars — backfilled 2026-10-05 from card.md; no selections ledger existed when 2026-10-04 was carded
2026-10-04,2026-10-04T20:05:00Z,Minnesota Vikings,Miami Dolphins,alternate_spread,,away,5.0,195,betrivers,0.5328507374412166,0.1938676865937589,,,selection: cleared select()'s bars — backfilled 2026-10-05 from card.md; no selections ledger existed when 2026-10-04 was carded
2026-10-04,2026-10-04T13:30:00Z,Washington Commanders,Indianapolis Colts,alternate_spread,,home,-5.0,390,fanatics,0.397006330928445,0.1929246982753838,,,selection: cleared select()'s bars — backfilled 2026-10-05 from card.md; no selections ledger existed when 2026-10-04 was carded
2026-10-04,2026-10-04T13:30:00Z,Washington Commanders,Indianapolis Colts,alternate_spread,,home,-3.0,280,betmgm,0.4560164542426913,0.1928585595058492,,,selection: cleared select()'s bars — backfilled 2026-10-05 from card.md; no selections ledger existed when 2026-10-04 was carded
2026-10-04,2026-10-04T13:30:00Z,Washington Commanders,Indianapolis Colts,alternate_spread,,home,-4.5,360,fanatics,0.4099228084261958,0.1925315040783697,,,selection: cleared select()'s bars — backfilled 2026-10-05 from card.md; no selections ledger existed when 2026-10-04 was carded
2026-10-04,2026-10-04T20:05:00Z,Minnesota Vikings,Miami Dolphins,alternate_spread,,away,4.0,220,betrivers,0.5049389215503104,0.1924389215503104,,,selection: cleared select()'s bars — backfilled 2026-10-05 from card.md; no selections ledger existed when 2026-10-04 was carded
2026-10-04,2026-10-04T13:30:00Z,Washington Commanders,Indianapolis Colts,alternate_spread,,home,-6.0,450,betmgm,0.3725644412150438,0.190746259396862,,,selection: cleared select()'s bars — backfilled 2026-10-05 from card.md; no selections ledger existed when 2026-10-04 was carded
2026-10-04,2026-10-04T13:30:00Z,Washington Commanders,Indianapolis Colts,alternate_spread,,home,3.0,130,fanatics,0.625055104848292,0.1902724961526398,,,selection: cleared select()'s bars — backfilled 2026-10-05 from card.md; no selections ledger existed when 2026-10-04 was carded
2026-10-04,2026-10-04T17:00:00Z,Philadelphia Eagles,Los Angeles Rams,team_total,,home_over,20.5,113,betonlineag,0.6594980444723163,0.1900144763971989,,,selection: cleared select()'s bars — backfilled 2026-10-05 from card.md; no selections ledger existed when 2026-10-04 was carded
2026-10-04,2026-10-04T17:00:00Z,Philadelphia Eagles,Los Angeles Rams,alternate_spread,,home,5.5,-137,betrivers,0.7677113093828718,0.1896522376529139,,,selection: cleared select()'s bars — backfilled 2026-10-05 from card.md; no selections ledger existed when 2026-10-04 was carded
2026-10-04,2026-10-04T17:00:00Z,Philadelphia Eagles,Los Angeles Rams,alternate_team_total,,home_over,29.5,550,betmgm,0.3432433516040818,0.1893971977579279,,,selection: cleared select()'s bars — backfilled 2026-10-05 from card.md; no selections ledger existed when 2026-10-04 was carded
2026-10-04,2026-10-04T20:05:00Z,Minnesota Vikings,Miami Dolphins,alternate_total_points,,over,45.5,245,bovada,0.4791439705278011,0.1892888980640329,,,selection: cleared select()'s bars — backfilled 2026-10-05 from card.md; no selections ledger existed when 2026-10-04 was carded
2026-10-04,2026-10-04T13:30:00Z,Washington Commanders,Indianapolis Colts,alternate_spread,,home,-5.5,400,fanduel,0.3885022228375633,0.1885022228375633,,,selection: cleared select()'s bars — backfilled 2026-10-05 from card.md; no selections ledger existed when 2026-10-04 was carded
2026-10-04,2026-10-04T20:05:00Z,Minnesota Vikings,Miami Dolphins,alternate_spread,,away,6.0,170,betrivers,0.5583038884893157,0.1879335181189453,,,selection: cleared select()'s bars — backfilled 2026-10-05 from card.md; no selections ledger existed when 2026-10-04 was carded
2026-10-04,2026-10-04T20:05:00Z,Minnesota Vikings,Miami Dolphins,alternate_spread,,away,4.5,200,betrivers,0.5210964632308476,0.1877631298975142,,,selection: cleared select()'s bars — backfilled 2026-10-05 from card.md; no selections ledger existed when 2026-10-04 was carded
2026-10-04,2026-10-04T17:00:00Z,Philadelphia Eagles,Los Angeles Rams,alternate_team_total,,home_over,17.5,-140,betmgm,0.7710073340542122,0.1876740007208788,,,selection: cleared select()'s bars — backfilled 2026-10-05 from card.md; no selections ledger existed when 2026-10-04 was carded
2026-10-04,2026-10-04T13:30:00Z,Washington Commanders,Indianapolis Colts,alternate_spread,,home,-6.5,470,fanduel,0.3631007590547593,0.1876621625635312,,,selection: cleared select()'s bars — backfilled 2026-10-05 from card.md; no selections ledger existed when 2026-10-04 was carded
2026-10-04,2026-10-04T13:30:00Z,Washington Commanders,Indianapolis Colts,alternate_spread,,home,-7.0,550,fanatics,0.3414664607391707,0.1876203068930169,,,selection: cleared select()'s bars — backfilled 2026-10-05 from card.md; no selections ledger existed when 2026-10-04 was carded
2026-10-04,2026-10-04T13:30:00Z,Washington Commanders,Indianapolis Colts,alternate_spread,,home,-7.5,600,fanduel,0.3302485244671755,0.1873913816100327,,,selection: cleared select()'s bars — backfilled 2026-10-05 from card.md; no selections ledger existed when 2026-10-04 was carded
2026-10-04,2026-10-04T20:05:00Z,Minnesota Vikings,Miami Dolphins,alternate_spread,,away,5.5,180,betrivers,0.5431556880464385,0.1860128309035814,,,selection: cleared select()'s bars — backfilled 2026-10-05 from card.md; no selections ledger existed when 2026-10-04 was carded
2026-10-04,2026-10-04T13:30:00Z,Washington Commanders,Indianapolis Colts,alternate_spread,,home,-1.5,220,fanduel,0.4961352598489936,0.1836352598489936,,,selection: cleared select()'s bars — backfilled 2026-10-05 from card.md; no selections ledger existed when 2026-10-04 was carded
2026-10-04,2026-10-04T20:25:00Z,Las Vegas Raiders,Kansas City Chiefs,alternate_total_points,,under,42.5,190,fanduel,0.5278827196364916,0.183055133429595,,,selection: cleared select()'s bars — backfilled 2026-10-05 from card.md; no selections ledger existed when 2026-10-04 was carded
2026-10-04,2026-10-04T20:25:00Z,San Francisco 49ers,Denver Broncos,alternate_team_total,,away_under,20.5,136,fanduel,0.6042735302589561,0.1805447166996341,,,selection: cleared select()'s bars — backfilled 2026-10-05 from card.md; no selections ledger existed when 2026-10-04 was carded
2026-10-04,2026-10-04T17:00:00Z,Philadelphia Eagles,Los Angeles Rams,alternate_spread,,home,6.0,-152,betrivers,0.783571158711928,0.1803965555373248,,,selection: cleared select()'s bars — backfilled 2026-10-05 from card.md; no selections ledger existed when 2026-10-04 was carded
2026-10-04,2026-10-04T20:05:00Z,Minnesota Vikings,Miami Dolphins,alternate_spread,,away,0.0,390,betrivers,0.3843124638664874,0.1802308312134261,,,selection: cleared select()'s bars — backfilled 2026-10-05 from card.md; no selections ledger existed when 2026-10-04 was carded
2026-10-04,2026-10-04T20:05:00Z,Minnesota Vikings,Miami Dolphins,alternate_total_points,,over,44.5,210,fanduel,0.5025705301811382,0.1799898850198478,,,selection: cleared select()'s bars — backfilled 2026-10-05 from card.md; no selections ledger existed when 2026-10-04 was carded
2026-10-04,2026-10-04T17:00:00Z,Philadelphia Eagles,Los Angeles Rams,alternate_spread,,home,-10.5,530,draftkings,0.3385541633282563,0.1798240045980976,,,selection: cleared select()'s bars — backfilled 2026-10-05 from card.md; no selections ledger existed when 2026-10-04 was carded
2026-10-04,2026-10-04T13:30:00Z,Washington Commanders,Indianapolis Colts,alternate_spread,,home,-2.5,240,fanduel,0.4736153942762949,0.1794977472174713,,,selection: cleared select()'s bars — backfilled 2026-10-05 from card.md; no selections ledger existed when 2026-10-04 was carded
2026-10-04,2026-10-04T17:00:00Z,Tampa Bay Buccaneers,Green Bay Packers,alternate_team_total,,home_over,23.5,260,draftkings,0.4560470674017515,0.1782692896239737,,,selection: cleared select()'s bars — backfilled 2026-10-05 from card.md; no selections ledger existed when 2026-10-04 was carded
2026-10-04,2026-10-04T20:05:00Z,Minnesota Vikings,Miami Dolphins,alternate_total_points,,over,45.0,220,betmgm,0.4906379292454596,0.1781379292454596,,,selection: cleared select()'s bars — backfilled 2026-10-05 from card.md; no selections ledger existed when 2026-10-04 was carded
2026-10-04,2026-10-04T20:05:00Z,Minnesota Vikings,Miami Dolphins,alternate_total_points,,over,44.0,190,betmgm,0.5211722739298372,0.1763446877229406,,,selection: cleared select()'s bars — backfilled 2026-10-05 from card.md; no selections ledger existed when 2026-10-04 was carded
2026-10-04,2026-10-04T20:25:00Z,Las Vegas Raiders,Kansas City Chiefs,alternate_total_points,,under,40.5,235,fanduel,0.4746901519844616,0.1761826892978945,,,selection: cleared select()'s bars — backfilled 2026-10-05 from card.md; no selections ledger existed when 2026-10-04 was carded
2026-10-04,2026-10-04T13:30:00Z,Washington Commanders,Indianapolis Colts,alternate_spread,,home,-1.0,200,betmgm,0.5093952731178676,0.1760619397845342,,,selection: cleared select()'s bars — backfilled 2026-10-05 from card.md; no selections ledger existed when 2026-10-04 was carded
2026-10-04,2026-10-04T20:05:00Z,Minnesota Vikings,Miami Dolphins,alternate_total_points,,over,43.5,176,fanduel,0.5382626509619215,0.1759438103822113,,,selection: cleared select()'s bars — backfilled 2026-10-05 from card.md; no selections ledger existed when 2026-10-04 was carded
2026-10-04,2026-10-04T20:25:00Z,San Francisco 49ers,Denver Broncos,alternate_team_total,,away_under,19.5,190,fanduel,0.5204522639951901,0.1756246777882935,,,selection: cleared select()'s bars — backfilled 2026-10-05 from card.md; no selections ledger existed when 2026-10-04 was carded
2026-10-04,2026-10-04T20:25:00Z,Las Vegas Raiders,Kansas City Chiefs,alternate_total_points,,under,39.5,280,fanduel,0.4386878333984006,0.1755299386615585,,,selection: cleared select()'s bars — backfilled 2026-10-05 from card.md; no selections ledger existed when 2026-10-04 was carded
2026-10-04,2026-10-04T17:00:00Z,Philadelphia Eagles,Los Angeles Rams,alternate_spread,,home,6.5,-159,draftkings,0.787951780401646,0.1740521665020321,,,selection: cleared select()'s bars — backfilled 2026-10-05 from card.md; no selections ledger existed when 2026-10-04 was carded
2026-10-04,2026-10-04T20:25:00Z,Las Vegas Raiders,Kansas City Chiefs,alternate_total_points,,under,43.0,170,betmgm,0.5443010863400642,0.1739307159696939,,,selection: cleared select()'s bars — backfilled 2026-10-05 from card.md; no selections ledger existed when 2026-10-04 was carded
2026-10-04,2026-10-04T20:05:00Z,Minnesota Vikings,Miami Dolphins,total_points,,over,38.0,-107,lowvig,0.6908019371065217,0.1738937245461352,,,selection: cleared select()'s bars — backfilled 2026-10-05 from card.md; no selections ledger existed when 2026-10-04 was carded
2026-10-04,2026-10-04T20:25:00Z,San Francisco 49ers,Denver Broncos,alternate_team_total,,away_under,22.5,106,fanduel,0.6584040425993202,0.1729671493954366,,,selection: cleared select()'s bars — backfilled 2026-10-05 from card.md; no selections ledger existed when 2026-10-04 was carded
2026-10-04,2026-10-04T20:05:00Z,Minnesota Vikings,Miami Dolphins,alternate_total_points,,over,41.0,130,betmgm,0.6076937467417568,0.1729111380461046,,,selection: cleared select()'s bars — backfilled 2026-10-05 from card.md; no selections ledger existed when 2026-10-04 was carded
2026-10-04,2026-10-04T20:25:00Z,Las Vegas Raiders,Kansas City Chiefs,alternate_total_points,,under,41.5,200,fanduel,0.5061684474531618,0.1728351141198285,,,selection: cleared select()'s bars — backfilled 2026-10-05 from card.md; no selections ledger existed when 2026-10-04 was carded
2026-10-04,2026-10-04T20:05:00Z,Minnesota Vikings,Miami Dolphins,alternate_total_points,,over,41.5,140,fanduel,0.5894559587811213,0.1727892921144546,,,selection: cleared select()'s bars — backfilled 2026-10-05 from card.md; no selections ledger existed when 2026-10-04 was carded
2026-10-04,2026-10-04T20:05:00Z,Minnesota Vikings,Miami Dolphins,alternate_spread,,away,-1.0,450,betmgm,0.3544195846119882,0.1726014027938064,,,selection: cleared select()'s bars — backfilled 2026-10-05 from card.md; no selections ledger existed when 2026-10-04 was carded
2026-10-04,2026-10-04T20:05:00Z,Minnesota Vikings,Miami Dolphins,alternate_total_points,,over,42.0,145,betmgm,0.5805545062167198,0.1723912409105973,,,selection: cleared select()'s bars — backfilled 2026-10-05 from card.md; no selections ledger existed when 2026-10-04 was carded
2026-10-04,2026-10-04T20:05:00Z,Minnesota Vikings,Miami Dolphins,alternate_total_points,,over,46.5,255,fanduel,0.45404585908224,0.1723557182371695,,,selection: cleared select()'s bars — backfilled 2026-10-05 from card.md; no selections ledger existed when 2026-10-04 was carded
2026-10-04,2026-10-04T13:30:00Z,Washington Commanders,Indianapolis Colts,alternate_spread,,home,-2.0,220,fanatics,0.4845268743530863,0.1720268743530862,,,selection: cleared select()'s bars — backfilled 2026-10-05 from card.md; no selections ledger existed when 2026-10-04 was carded
2026-10-04,2026-10-04T13:30:00Z,Washington Commanders,Indianapolis Colts,alternate_spread,,home,-8.0,600,fanatics,0.3147194548796911,0.1718623120225482,,,selection: cleared select()'s bars — backfilled 2026-10-05 from card.md; no selections ledger existed when 2026-10-04 was carded
2026-10-04,2026-10-04T20:05:00Z,Minnesota Vikings,Miami Dolphins,alternate_total_points,,over,46.0,240,betmgm,0.4657349261631735,0.1716172791043499,,,selection: cleared select()'s bars — backfilled 2026-10-05 from card.md; no selections ledger existed when 2026-10-04 was carded
2026-10-04,2026-10-04T20:05:00Z,Minnesota Vikings,Miami Dolphins,alternate_total_points,,over,47.0,280,betmgm,0.4347027175565361,0.171544822819694,,,selection: cleared select()'s bars — backfilled 2026-10-05 from card.md; no selections ledger existed when 2026-10-04 was carded
2026-10-04,2026-10-04T20:05:00Z,Minnesota Vikings,Miami Dolphins,alternate_spread,,away,7.0,138,betrivers,0.5915856594511096,0.1714175922242188,,,selection: cleared select()'s bars — backfilled 2026-10-05 from card.md; no selections ledger existed when 2026-10-04 was carded
2026-10-04,2026-10-04T20:05:00Z,Minnesota Vikings,Miami Dolphins,alternate_total_points,,over,42.5,152,fanduel,0.5682340057590183,0.1714086089336214,,,selection: cleared select()'s bars — backfilled 2026-10-05 from card.md; no selections ledger existed when 2026-10-04 was carded
2026-10-04,2026-10-04T13:30:00Z,Washington Commanders,Indianapolis Colts,alternate_spread,,home,-0.5,185,fanatics,0.5221661517096767,0.1712889587272206,,,selection: cleared select()'s bars — backfilled 2026-10-05 from card.md; no selections ledger existed when 2026-10-04 was carded
2026-10-04,2026-10-04T13:30:00Z,Washington Commanders,Indianapolis Colts,alternate_spread,,home,0.0,170,betrivers,0.541641574896487,0.1712712045261166,,,selection: cleared select()'s bars — backfilled 2026-10-05 from card.md; no selections ledger existed when 2026-10-04 was carded
2026-10-04,2026-10-04T20:25:00Z,Las Vegas Raiders,Kansas City Chiefs,alternate_total_points,,under,43.5,158,fanduel,0.558046845918089,0.1704499466932827,,,selection: cleared select()'s bars — backfilled 2026-10-05 from card.md; no selections ledger existed when 2026-10-04 was carded
2026-10-04,2026-10-04T20:25:00Z,Las Vegas Raiders,Kansas City Chiefs,alternate_total_points,,under,44.0,145,betmgm,0.5785621153064421,0.1703988500003196,,,selection: cleared select()'s bars — backfilled 2026-10-05 from card.md; no selections ledger existed when 2026-10-04 was carded
2026-10-04,2026-10-04T20:05:00Z,Minnesota Vikings,Miami Dolphins,alternate_spread,,away,6.5,150,betrivers,0.5702882242067473,0.1702882242067472,,,selection: cleared select()'s bars — backfilled 2026-10-05 from card.md; no selections ledger existed when 2026-10-04 was carded
2026-10-04,2026-10-04T20:05:00Z,Minnesota Vikings,Miami Dolphins,alternate_total_points,,over,43.0,160,betmgm,0.5548935628074483,0.1702781781920636,,,selection: cleared select()'s bars — backfilled 2026-10-05 from card.md; no selections ledger existed when 2026-10-04 was carded
2026-10-04,2026-10-04T17:00:00Z,Tampa Bay Buccaneers,Green Bay Packers,alternate_team_total,,home_over,19.5,115,draftkings,0.6353486385763444,0.1702323595065769,,,selection: cleared select()'s bars — backfilled 2026-10-05 from card.md; no selections ledger existed when 2026-10-04 was carded
2026-10-04,2026-10-04T20:25:00Z,Las Vegas Raiders,Kansas City Chiefs,alternate_total_points,,under,42.0,188,betmgm,0.517403487611768,0.1701812653895458,,,selection: cleared select()'s bars — backfilled 2026-10-05 from card.md; no selections ledger existed when 2026-10-04 was carded
2026-10-04,2026-10-04T20:25:00Z,Las Vegas Raiders,Kansas City Chiefs,alternate_total_points,,under,45.5,124,fanduel,0.6163401642470012,0.1699115928184297,,,selection: cleared select()'s bars — backfilled 2026-10-05 from card.md; no selections ledger existed when 2026-10-04 was carded
2026-10-04,2026-10-04T20:05:00Z,Minnesota Vikings,Miami Dolphins,alternate_total_points,,over,47.5,300,fanduel,0.4198282144438398,0.1698282144438397,,,selection: cleared select()'s bars — backfilled 2026-10-05 from card.md; no selections ledger existed when 2026-10-04 was carded
2026-10-04,2026-10-04T20:25:00Z,Las Vegas Raiders,Kansas City Chiefs,alternate_total_points,,under,44.5,136,fanduel,0.593505907003495,0.169777093444173,,,selection: cleared select()'s bars — backfilled 2026-10-05 from card.md; no selections ledger existed when 2026-10-04 was carded
2026-10-04,2026-10-04T20:25:00Z,Las Vegas Raiders,Kansas City Chiefs,alternate_total_points,,under,40.0,250,betmgm,0.4550714611211069,0.1693571754068212,,,selection: cleared select()'s bars — backfilled 2026-10-05 from card.md; no selections ledger existed when 2026-10-04 was carded
2026-10-04,2026-10-04T20:25:00Z,Las Vegas Raiders,Kansas City Chiefs,total_points,,under,48.0,-109,lowvig,0.6906532038914999,0.169122103413031,,,selection: cleared select()'s bars — backfilled 2026-10-05 from card.md; no selections ledger existed when 2026-10-04 was carded
2026-10-04,2026-10-04T20:05:00Z,Minnesota Vikings,Miami Dolphins,alternate_total_points,,over,40.5,122,fanduel,0.6194674375208977,0.1690169870704472,,,selection: cleared select()'s bars — backfilled 2026-10-05 from card.md; no selections ledger existed when 2026-10-04 was carded
2026-10-04,2026-10-04T13:30:00Z,Washington Commanders,Indianapolis Colts,spread,,home,4.5,101,lowvig,0.666290804642551,0.1687783668316057,,,selection: cleared select()'s bars — backfilled 2026-10-05 from card.md; no selections ledger existed when 2026-10-04 was carded
2026-10-04,2026-10-04T20:25:00Z,Las Vegas Raiders,Kansas City Chiefs,alternate_total_points,,under,46.5,112,fanduel,0.6402286260005733,0.1685305127930261,,,selection: cleared select()'s bars — backfilled 2026-10-05 from card.md; no selections ledger existed when 2026-10-04 was carded
2026-10-04,2026-10-04T17:00:00Z,Tampa Bay Buccaneers,Green Bay Packers,team_total,,home_over,17.5,-105,betonlineag,0.680627382752505,0.1684322608012854,,,selection: cleared select()'s bars — backfilled 2026-10-05 from card.md; no selections ledger existed when 2026-10-04 was carded
2026-10-04,2026-10-04T13:30:00Z,Washington Commanders,Indianapolis Colts,alternate_spread,,home,4.0,105,fanatics,0.6561077810064962,0.1683029029577157,,,selection: cleared select()'s bars — backfilled 2026-10-05 from card.md; no selections ledger existed when 2026-10-04 was carded
2026-10-04,2026-10-04T20:25:00Z,San Francisco 49ers,Denver Broncos,alternate_team_total,,away_under,21.5,114,fanduel,0.63547883494308,0.1681891153169117,,,selection: cleared select()'s bars — backfilled 2026-10-05 from card.md; no selections ledger existed when 2026-10-04 was carded
2026-10-04,2026-10-04T20:25:00Z,San Francisco 49ers,Denver Broncos,alternate_team_total,,away_under,18.5,215,fanduel,0.4853085319738792,0.1678482145135618,,,selection: cleared select()'s bars — backfilled 2026-10-05 from card.md; no selections ledger existed when 2026-10-04 was carded
2026-10-04,2026-10-04T20:25:00Z,Las Vegas Raiders,Kansas City Chiefs,alternate_total_points,,under,41.0,210,betmgm,0.4901182387174069,0.1675375935561166,,,selection: cleared select()'s bars — backfilled 2026-10-05 from card.md; no selections ledger existed when 2026-10-04 was carded
2026-10-04,2026-10-04T20:25:00Z,Las Vegas Raiders,Kansas City Chiefs,alternate_total_points,,under,48.0,-110,betmgm,0.6906532038914999,0.166843680081976,,,selection: cleared select()'s bars — backfilled 2026-10-05 from card.md; no selections ledger existed when 2026-10-04 was carded
2026-10-04,2026-10-04T20:05:00Z,Minnesota Vikings,Miami Dolphins,alternate_spread,,away,-0.5,390,betrivers,0.370395363066377,0.1663137304133157,,,selection: cleared select()'s bars — backfilled 2026-10-05 from card.md; no selections ledger existed when 2026-10-04 was carded
2026-10-04,2026-10-04T20:25:00Z,Las Vegas Raiders,Kansas City Chiefs,alternate_total_points,,under,46.0,115,betmgm,0.63142391017552,0.1663076311057525,,,selection: cleared select()'s bars — backfilled 2026-10-05 from card.md; no selections ledger existed when 2026-10-04 was carded
2026-10-04,2026-10-04T13:30:00Z,Washington Commanders,Indianapolis Colts,alternate_spread,,home,4.5,100,betmgm,0.666290804642551,0.1662908046425509,,,selection: cleared select()'s bars — backfilled 2026-10-05 from card.md; no selections ledger existed when 2026-10-04 was carded
2026-10-04,2026-10-04T17:00:00Z,Tampa Bay Buccaneers,Green Bay Packers,alternate_team_total,,home_over,17.5,-106,betrivers,0.680627382752505,0.1660642759563885,,,selection: cleared select()'s bars — backfilled 2026-10-05 from card.md; no selections ledger existed when 2026-10-04 was carded
2026-10-04,2026-10-04T20:05:00Z,Minnesota Vikings,Miami Dolphins,alternate_total_points,,over,39.5,105,fanatics,0.653299742238393,0.1654948641896125,,,selection: cleared select()'s bars — backfilled 2026-10-05 from card.md; no selections ledger existed when 2026-10-04 was carded
2026-10-04,2026-10-04T17:00:00Z,Tampa Bay Buccaneers,Green Bay Packers,alternate_team_total,,home_over,21.5,180,draftkings,0.5225239725085021,0.1653811153656449,,,selection: cleared select()'s bars — backfilled 2026-10-05 from card.md; no selections ledger existed when 2026-10-04 was carded
2026-10-04,2026-10-04T20:05:00Z,Minnesota Vikings,Miami Dolphins,alternate_total_points,,over,37.0,-125,fanatics,0.7208914130709455,0.1653358575153899,,,selection: cleared select()'s bars — backfilled 2026-10-05 from card.md; no selections ledger existed when 2026-10-04 was carded
2026-10-04,2026-10-04T17:00:00Z,Tampa Bay Buccaneers,Green Bay Packers,alternate_team_total,,home_over,22.5,200,draftkings,0.4983542729342256,0.1650209396008923,,,selection: cleared select()'s bars — backfilled 2026-10-05 from card.md; no selections ledger existed when 2026-10-04 was carded
2026-10-04,2026-10-04T20:05:00Z,Minnesota Vikings,Miami Dolphins,alternate_total_points,,over,40.0,110,betmgm,0.6411593355331215,0.1649688593426453,,,selection: cleared select()'s bars — backfilled 2026-10-05 from card.md; no selections ledger existed when 2026-10-04 was carded
2026-10-04,2026-10-04T13:30:00Z,Washington Commanders,Indianapolis Colts,alternate_spread,,home,-8.5,600,fanatics,0.3075876307674162,0.1647304879102733,,,selection: cleared select()'s bars — backfilled 2026-10-05 from card.md; no selections ledger existed when 2026-10-04 was carded
2026-10-04,2026-10-04T20:05:00Z,Minnesota Vikings,Miami Dolphins,alternate_total_points,,over,48.0,320,betmgm,0.4028031577875461,0.164707919692308,,,selection: cleared select()'s bars — backfilled 2026-10-05 from card.md; no selections ledger existed when 2026-10-04 was carded
2026-10-04,2026-10-04T20:25:00Z,Las Vegas Raiders,Kansas City Chiefs,alternate_total_points,,under,38.5,300,fanduel,0.4142030759724872,0.1642030759724872,,,selection: cleared select()'s bars — backfilled 2026-10-05 from card.md; no selections ledger existed when 2026-10-04 was carded
2026-10-04,2026-10-04T20:05:00Z,Minnesota Vikings,Miami Dolphins,alternate_total_points,,over,48.5,340,fanduel,0.3913199313236202,0.164047204050893,,,selection: cleared select()'s bars — backfilled 2026-10-05 from card.md; no selections ledger existed when 2026-10-04 was carded
2026-10-04,2026-10-04T20:05:00Z,Minnesota Vikings,Miami Dolphins,total_points,,over,38.5,-105,bovada,0.6760343804081802,0.1638392584569606,,,selection: cleared select()'s bars — backfilled 2026-10-05 from card.md; no selections ledger existed when 2026-10-04 was carded
2026-10-04,2026-10-04T20:25:00Z,Las Vegas Raiders,Kansas City Chiefs,alternate_total_points,,under,37.5,340,fanduel,0.3905940788004322,0.1633213515277049,,,selection: cleared select()'s bars — backfilled 2026-10-05 from card.md; no selections ledger existed when 2026-10-04 was carded
2026-10-04,2026-10-04T17:00:00Z,Tampa Bay Buccaneers,Green Bay Packers,alternate_team_total,,home_over,24.5,333,betmgm,0.3941734243502115,0.1632265421331214,,,selection: cleared select()'s bars — backfilled 2026-10-05 from card.md; no selections ledger existed when 2026-10-04 was carded
2026-10-04,2026-10-04T20:25:00Z,Las Vegas Raiders,Kansas City Chiefs,alternate_total_points,,under,45.0,125,betmgm,0.6073748608186672,0.1629304163742228,,,selection: cleared select()'s bars — backfilled 2026-10-05 from card.md; no selections ledger existed when 2026-10-04 was carded
2026-10-04,2026-10-04T17:00:00Z,Philadelphia Eagles,Los Angeles Rams,alternate_spread,,home,-11.5,578,draftkings,0.3102919892248631,0.1627993638561315,,,selection: cleared select()'s bars — backfilled 2026-10-05 from card.md; no selections ledger existed when 2026-10-04 was carded
2026-10-04,2026-10-04T20:25:00Z,Las Vegas Raiders,Kansas City Chiefs,alternate_total_points,,under,49.5,-125,fanatics,0.7176754459391307,0.1621198903835751,,,selection: cleared select()'s bars — backfilled 2026-10-05 from card.md; no selections ledger existed when 2026-10-04 was carded
2026-10-04,2026-10-04T17:00:00Z,Tampa Bay Buccaneers,Green Bay Packers,alternate_team_total,,home_over,20.5,155,draftkings,0.5540744920092633,0.1619176292641652,,,selection: cleared select()'s bars — backfilled 2026-10-05 from card.md; no selections ledger existed when 2026-10-04 was carded
2026-10-04,2026-10-04T17:00:00Z,Tampa Bay Buccaneers,Green Bay Packers,alternate_team_total,,home_over,25.5,360,draftkings,0.3791041925470786,0.1617128881992525,,,selection: cleared select()'s bars — backfilled 2026-10-05 from card.md; no selections ledger existed when 2026-10-04 was carded
2026-10-04,2026-10-04T20:25:00Z,Las Vegas Raiders,Kansas City Chiefs,alternate_total_points,,under,47.0,100,betmgm,0.6615239234665895,0.1615239234665895,,,selection: cleared select()'s bars — backfilled 2026-10-05 from card.md; no selections ledger existed when 2026-10-04 was carded
2026-10-04,2026-10-04T20:25:00Z,Las Vegas Raiders,Kansas City Chiefs,alternate_total_points,,under,39.0,280,betmgm,0.4245992865057976,0.1614413917689555,,,selection: cleared select()'s bars — backfilled 2026-10-05 from card.md; no selections ledger existed when 2026-10-04 was carded
2026-10-04,2026-10-04T20:05:00Z,Minnesota Vikings,Miami Dolphins,alternate_spread,,away,-3.0,600,fanatics,0.3042830909371444,0.1614259480800015,,,selection: cleared select()'s bars — backfilled 2026-10-05 from card.md; no selections ledger existed when 2026-10-04 was carded
2026-10-04,2026-10-04T13:30:00Z,Washington Commanders,Indianapolis Colts,alternate_spread,,home,3.5,110,bovada,0.6366797140925574,0.1604892379020812,,,selection: cleared select()'s bars — backfilled 2026-10-05 from card.md; no selections ledger existed when 2026-10-04 was carded
2026-10-04,2026-10-04T20:05:00Z,Minnesota Vikings,Miami Dolphins,alternate_spread,,away,-1.5,440,fanduel,0.3456489827958621,0.1604637976106769,,,selection: cleared select()'s bars — backfilled 2026-10-05 from card.md; no selections ledger existed when 2026-10-04 was carded
2026-10-04,2026-10-04T20:25:00Z,Las Vegas Raiders,Kansas City Chiefs,total_points,,under,47.5,-105,draftkings,0.6724198993779928,0.1602247774267733,,,selection: cleared select()'s bars — backfilled 2026-10-05 from card.md; no selections ledger existed when 2026-10-04 was carded
2026-10-04,2026-10-04T20:25:00Z,Las Vegas Raiders,Kansas City Chiefs,alternate_total_points,,under,47.5,-105,fanatics,0.6724198993779928,0.1602247774267733,,,selection: cleared select()'s bars — backfilled 2026-10-05 from card.md; no selections ledger existed when 2026-10-04 was carded
2026-10-04,2026-10-04T17:00:00Z,Buffalo Bills,New England Patriots,alternate_team_total,,away_under,20.5,100,bovada,0.66014939561786,0.16014939561786,,,selection: cleared select()'s bars — backfilled 2026-10-05 from card.md; no selections ledger existed when 2026-10-04 was carded
2026-10-04,2026-10-04T17:00:00Z,Tampa Bay Buccaneers,Green Bay Packers,alternate_team_total,,home_over,26.5,425,draftkings,0.3497688829128895,0.159292692436699,,,selection: cleared select()'s bars — backfilled 2026-10-05 from card.md; no selections ledger existed when 2026-10-04 was carded
2026-10-04,2026-10-04T20:25:00Z,Seattle Seahawks,Los Angeles Chargers,alternate_spread,,away,2.5,230,fanduel,0.4618018288825657,0.1587715258522627,,,selection: cleared select()'s bars — backfilled 2026-10-05 from card.md; no selections ledger existed when 2026-10-04 was carded
2026-10-04,2026-10-04T20:25:00Z,San Francisco 49ers,Denver Broncos,alternate_team_total,,away_under,17.5,220,fanduel,0.4711789291121231,0.1586789291121231,,,selection: cleared select()'s bars — backfilled 2026-10-05 from card.md; no selections ledger existed when 2026-10-04 was carded
2026-10-04,2026-10-04T17:00:00Z,Tampa Bay Buccaneers,Green Bay Packers,alternate_team_total,,home_over,18.5,-104,fanduel,0.668027445499797,0.1582235239311695,,,selection: cleared select()'s bars — backfilled 2026-10-05 from card.md; no selections ledger existed when 2026-10-04 was carded
2026-10-04,2026-10-04T20:25:00Z,Seattle Seahawks,Los Angeles Chargers,alternate_spread,,away,1.5,255,fanduel,0.4393410022270694,0.1576508613819989,,,selection: cleared select()'s bars — backfilled 2026-10-05 from card.md; no selections ledger existed when 2026-10-04 was carded
2026-10-04,2026-10-04T20:25:00Z,San Francisco 49ers,Denver Broncos,team_total,,away_under,21.5,109,betonlineag,0.63547883494308,0.1570099354215489,,,selection: cleared select()'s bars — backfilled 2026-10-05 from card.md; no selections ledger existed when 2026-10-04 was carded
2026-10-04,2026-10-04T20:05:00Z,Minnesota Vikings,Miami Dolphins,alternate_total_points,,over,38.5,-108,betmgm,0.6760343804081802,0.1568036111774109,,,selection: cleared select()'s bars — backfilled 2026-10-05 from card.md; no selections ledger existed when 2026-10-04 was carded
2026-10-04,2026-10-04T20:25:00Z,Las Vegas Raiders,Kansas City Chiefs,alternate_total_points,,under,49.0,-125,fanatics,0.712249783299405,0.1566942277438494,,,selection: cleared select()'s bars — backfilled 2026-10-05 from card.md; no selections ledger existed when 2026-10-04 was carded
2026-10-04,2026-10-04T20:05:00Z,Minnesota Vikings,Miami Dolphins,alternate_total_points,,over,39.0,-105,betmgm,0.6684977977884123,0.1563026758371928,,,selection: cleared select()'s bars — backfilled 2026-10-05 from card.md; no selections ledger existed when 2026-10-04 was carded
2026-10-04,2026-10-04T20:25:00Z,Las Vegas Raiders,Kansas City Chiefs,alternate_total_points,,under,38.0,310,betmgm,0.4000385887099993,0.1561361496856091,,,selection: cleared select()'s bars — backfilled 2026-10-05 from card.md; no selections ledger existed when 2026-10-04 was carded
2026-10-04,2026-10-04T13:30:00Z,Washington Commanders,Indianapolis Colts,spread,,home,5.0,-110,williamhill_us,0.6798561860725999,0.156046662263076,,,selection: cleared select()'s bars — backfilled 2026-10-05 from card.md; no selections ledger existed when 2026-10-04 was carded
2026-10-04,2026-10-04T13:30:00Z,Washington Commanders,Indianapolis Colts,alternate_spread,,home,5.0,-110,betmgm,0.6798561860725999,0.156046662263076,,,selection: cleared select()'s bars — backfilled 2026-10-05 from card.md; no selections ledger existed when 2026-10-04 was carded
2026-10-04,2026-10-04T20:25:00Z,San Francisco 49ers,Denver Broncos,alternate_spread,,home,-8.5,260,fanduel,0.4337630569309077,0.1559852791531299,,,selection: cleared select()'s bars — backfilled 2026-10-05 from card.md; no selections ledger existed when 2026-10-04 was carded
2026-10-04,2026-10-04T13:30:00Z,Washington Commanders,Indianapolis Colts,alternate_team_total,,home_over,23.5,150,draftkings,0.5559286271889662,0.1559286271889661,,,selection: cleared select()'s bars — backfilled 2026-10-05 from card.md; no selections ledger existed when 2026-10-04 was carded
2026-10-04,2026-10-04T20:05:00Z,Minnesota Vikings,Miami Dolphins,alternate_total_points,,over,38.0,-115,fanatics,0.6908019371065217,0.1559182161762892,,,selection: cleared select()'s bars — backfilled 2026-10-05 from card.md; no selections ledger existed when 2026-10-04 was carded
2026-10-04,2026-10-04T13:30:00Z,Washington Commanders,Indianapolis Colts,alternate_team_total,,home_over,25.5,210,draftkings,0.4784873569960894,0.1559067118347991,,,selection: cleared select()'s bars — backfilled 2026-10-05 from card.md; no selections ledger existed when 2026-10-04 was carded
2026-10-04,2026-10-04T20:25:00Z,San Francisco 49ers,Denver Broncos,alternate_spread,,home,-7.5,230,fanduel,0.4587160388837702,0.1556857358534671,,,selection: cleared select()'s bars — backfilled 2026-10-05 from card.md; no selections ledger existed when 2026-10-04 was carded
2026-10-04,2026-10-04T13:30:00Z,Washington Commanders,Indianapolis Colts,alternate_team_total,,home_over,24.5,195,betmgm,0.4939641709323992,0.1549811200849415,,,selection: cleared select()'s bars — backfilled 2026-10-05 from card.md; no selections ledger existed when 2026-10-04 was carded
2026-10-04,2026-10-04T20:05:00Z,Minnesota Vikings,Miami Dolphins,alternate_spread,,away,8.0,114,betrivers,0.6212897088531086,0.1539999892269404,,,selection: cleared select()'s bars — backfilled 2026-10-05 from card.md; no selections ledger existed when 2026-10-04 was carded
2026-10-04,2026-10-04T20:05:00Z,Minnesota Vikings,Miami Dolphins,alternate_spread,,away,9.0,104,betrivers,0.6441867689051558,0.1539906904737832,,,selection: cleared select()'s bars — backfilled 2026-10-05 from card.md; no selections ledger existed when 2026-10-04 was carded
2026-10-04,2026-10-04T20:25:00Z,Las Vegas Raiders,Kansas City Chiefs,alternate_total_points,,under,36.5,400,fanduel,0.3539507954055623,0.1539507954055623,,,selection: cleared select()'s bars — backfilled 2026-10-05 from card.md; no selections ledger existed when 2026-10-04 was carded
2026-10-04,2026-10-04T20:05:00Z,Minnesota Vikings,Miami Dolphins,alternate_total_points,,over,49.5,361,draftkings,0.3704513315672679,0.1535315918709555,,,selection: cleared select()'s bars — backfilled 2026-10-05 from card.md; no selections ledger existed when 2026-10-04 was carded
2026-10-04,2026-10-04T13:30:00Z,Washington Commanders,Indianapolis Colts,alternate_team_total,,home_over,26.5,240,draftkings,0.4475890547545524,0.1534714076957289,,,selection: cleared select()'s bars — backfilled 2026-10-05 from card.md; no selections ledger existed when 2026-10-04 was carded
2026-10-04,2026-10-04T20:25:00Z,Las Vegas Raiders,Kansas City Chiefs,alternate_total_points,,under,48.5,-120,fanduel,0.6988199861520371,0.1533654406974917,,,selection: cleared select()'s bars — backfilled 2026-10-05 from card.md; no selections ledger existed when 2026-10-04 was carded
2026-10-04,2026-10-04T20:25:00Z,Las Vegas Raiders,Kansas City Chiefs,alternate_total_points,,under,50.0,-140,fanatics,0.7362060473484345,0.1528727140151011,,,selection: cleared select()'s bars — backfilled 2026-10-05 from card.md; no selections ledger existed when 2026-10-04 was carded
2026-10-04,2026-10-04T20:05:00Z,Minnesota Vikings,Miami Dolphins,alternate_spread,,away,-2.5,480,fanduel,0.3249903419153521,0.1525765488119038,,,selection: cleared select()'s bars — backfilled 2026-10-05 from card.md; no selections ledger existed when 2026-10-04 was carded
2026-10-04,2026-10-04T20:05:00Z,Minnesota Vikings,Miami Dolphins,alternate_total_points,,over,37.5,-120,fanatics,0.6974117910741034,0.151957245619558,,,selection: cleared select()'s bars — backfilled 2026-10-05 from card.md; no selections ledger existed when 2026-10-04 was carded
2026-10-04,2026-10-04T20:05:00Z,Minnesota Vikings,Miami Dolphins,spread,,away,10.0,-109,lowvig,0.6734655148580123,0.1519344143795434,,,selection: cleared select()'s bars — backfilled 2026-10-05 from card.md; no selections ledger existed when 2026-10-04 was carded
2026-10-04,2026-10-04T20:05:00Z,Minnesota Vikings,Miami Dolphins,alternate_spread,,away,9.5,100,betrivers,0.6517832729709999,0.1517832729709999,,,selection: cleared select()'s bars — backfilled 2026-10-05 from card.md; no selections ledger existed when 2026-10-04 was carded
2026-10-04,2026-10-04T20:05:00Z,Minnesota Vikings,Miami Dolphins,alternate_spread,,away,7.5,120,betrivers,0.6062888183795708,0.1517433638341163,,,selection: cleared select()'s bars — backfilled 2026-10-05 from card.md; no selections ledger existed when 2026-10-04 was carded
2026-10-04,2026-10-04T20:25:00Z,Las Vegas Raiders,Kansas City Chiefs,alternate_team_total,,away_under,22.5,215,fanduel,0.4690945126281964,0.151634195167879,,,selection: cleared select()'s bars — backfilled 2026-10-05 from card.md; no selections ledger existed when 2026-10-04 was carded
2026-10-04,2026-10-04T20:25:00Z,San Francisco 49ers,Denver Broncos,alternate_spread,,home,-9.5,285,fanduel,0.4112758909743963,0.1515356312341366,,,selection: cleared select()'s bars — backfilled 2026-10-05 from card.md; no selections ledger existed when 2026-10-04 was carded
2026-10-04,2026-10-04T20:25:00Z,San Francisco 49ers,Denver Broncos,alternate_team_total,,away_under,23.5,-120,betrivers,0.6968877123915179,0.1514331669369725,,,selection: cleared select()'s bars — backfilled 2026-10-05 from card.md; no selections ledger existed when 2026-10-04 was carded
2026-10-04,2026-10-04T13:30:00Z,Washington Commanders,Indianapolis Colts,alternate_spread,,home,5.5,-115,fanatics,0.6862441149277948,0.1513603939975623,,,selection: cleared select()'s bars — backfilled 2026-10-05 from card.md; no selections ledger existed when 2026-10-04 was carded
2026-10-04,2026-10-04T20:25:00Z,Las Vegas Raiders,Kansas City Chiefs,alternate_total_points,,under,50.5,-145,fanatics,0.7428458469104958,0.1510091122166182,,,selection: cleared select()'s bars — backfilled 2026-10-05 from card.md; no selections ledger existed when 2026-10-04 was carded
2026-10-04,2026-10-04T20:25:00Z,San Francisco 49ers,Denver Broncos,alternate_team_total,,away_under,16.5,300,fanduel,0.4007595648594729,0.1507595648594729,,,selection: cleared select()'s bars — backfilled 2026-10-05 from card.md; no selections ledger existed when 2026-10-04 was carded
2026-10-04,2026-10-04T20:05:00Z,Minnesota Vikings,Miami Dolphins,alternate_spread,,away,-2.0,450,fanatics,0.3318458256552604,0.1500276438370786,,,selection: cleared select()'s bars — backfilled 2026-10-05 from card.md; no selections ledger existed when 2026-10-04 was carded
2026-10-04,2026-10-04T20:05:00Z,Minnesota Vikings,Miami Dolphins,alternate_total_points,,over,50.5,420,fanduel,0.342201247838354,0.1498935555306616,,,selection: cleared select()'s bars — backfilled 2026-10-05 from card.md; no selections ledger existed when 2026-10-04 was carded
2026-10-04,2026-10-04T20:05:00Z,Minnesota Vikings,Miami Dolphins,alternate_spread,,away,10.0,-110,betrivers,0.6734655148580123,0.1496559910484884,,,selection: cleared select()'s bars — backfilled 2026-10-05 from card.md; no selections ledger existed when 2026-10-04 was carded
2026-10-04,2026-10-04T17:00:00Z,Tampa Bay Buccaneers,Green Bay Packers,alternate_team_total,,home_over,16.5,-145,draftkings,0.7408487539876233,0.1490120192937457,,,selection: cleared select()'s bars — backfilled 2026-10-05 from card.md; no selections ledger existed when 2026-10-04 was carded
2026-10-04,2026-10-04T17:00:00Z,Buffalo Bills,New England Patriots,team_total,,away_under,20.5,-105,betonlineag,0.66014939561786,0.1479542736666405,,,selection: cleared select()'s bars — backfilled 2026-10-05 from card.md; no selections ledger existed when 2026-10-04 was carded
2026-10-04,2026-10-04T20:25:00Z,Las Vegas Raiders,Kansas City Chiefs,alternate_total_points,,under,51.0,-160,fanatics,0.7633264982391903,0.1479418828545748,,,selection: cleared select()'s bars — backfilled 2026-10-05 from card.md; no selections ledger existed when 2026-10-04 was carded
2026-10-04,2026-10-04T17:00:00Z,New York Giants,Arizona Cardinals,alternate_spread,,home,-7.0,375,fanatics,0.3581908379164768,0.1476645221270031,,,selection: cleared select()'s bars — backfilled 2026-10-05 from card.md; no selections ledger existed when 2026-10-04 was carded
2026-10-04,2026-10-04T20:05:00Z,Minnesota Vikings,Miami Dolphins,alternate_spread,,away,8.5,107,betrivers,0.6304335776758887,0.1473417902362752,,,selection: cleared select()'s bars — backfilled 2026-10-05 from card.md; no selections ledger existed when 2026-10-04 was carded
2026-10-04,2026-10-04T20:25:00Z,San Francisco 49ers,Denver Broncos,team_total,,away_under,23.5,-122,fanduel,0.6968877123915179,0.1473381628419683,,,selection: cleared select()'s bars — backfilled 2026-10-05 from card.md; no selections ledger existed when 2026-10-04 was carded
2026-10-04,2026-10-04T20:25:00Z,Las Vegas Raiders,Kansas City Chiefs,alternate_total_points,,under,35.5,460,fanduel,0.3257633880178727,0.1471919594464441,,,selection: cleared select()'s bars — backfilled 2026-10-05 from card.md; no selections ledger existed when 2026-10-04 was carded
2026-10-04,2026-10-04T13:30:00Z,Washington Commanders,Indianapolis Colts,alternate_spread,,home,6.0,-125,fanatics,0.7026352495706024,0.1470796940150468,,,selection: cleared select()'s bars — backfilled 2026-10-05 from card.md; no selections ledger existed when 2026-10-04 was carded
2026-10-04,2026-10-04T20:05:00Z,Minnesota Vikings,Miami Dolphins,alternate_total_points,,over,36.5,-140,fanatics,0.7299820527960752,0.1466487194627418,,,selection: cleared select()'s bars — backfilled 2026-10-05 from card.md; no selections ledger existed when 2026-10-04 was carded
2026-10-04,2026-10-04T20:25:00Z,San Francisco 49ers,Denver Broncos,alternate_spread,,home,-8.0,235,fanatics,0.4448637336481121,0.146356270961545,,,selection: cleared select()'s bars — backfilled 2026-10-05 from card.md; no selections ledger existed when 2026-10-04 was carded
2026-10-04,2026-10-04T13:30:00Z,Washington Commanders,Indianapolis Colts,alternate_team_total,,home_over,28.5,380,draftkings,0.3533596150248739,0.1450262816915405,,,selection: cleared select()'s bars — backfilled 2026-10-05 from card.md; no selections ledger existed when 2026-10-04 was carded
2026-10-04,2026-10-04T13:30:00Z,Washington Commanders,Indianapolis Colts,alternate_team_total,,home_over,27.5,320,betmgm,0.383070665421003,0.1449754273257649,,,selection: cleared select()'s bars — backfilled 2026-10-05 from card.md; no selections ledger existed when 2026-10-04 was carded
2026-10-04,2026-10-04T17:00:00Z,Tampa Bay Buccaneers,Green Bay Packers,alternate_total_points,,over,44.5,196,fanduel,0.4827688991202241,0.1449310612823863,,,selection: cleared select()'s bars — backfilled 2026-10-05 from card.md; no selections ledger existed when 2026-10-04 was carded
2026-10-04,2026-10-04T13:30:00Z,Washington Commanders,Indianapolis Colts,alternate_team_total,,home_over,21.5,110,draftkings,0.6202571632634138,0.1440666870729376,,,selection: cleared select()'s bars — backfilled 2026-10-05 from card.md; no selections ledger existed when 2026-10-04 was carded
2026-10-04,2026-10-04T20:05:00Z,Minnesota Vikings,Miami Dolphins,alternate_spread,,away,11.0,-127,betrivers,0.7033414400809926,0.1438700744422261,,,selection: cleared select()'s bars — backfilled 2026-10-05 from card.md; no selections ledger existed when 2026-10-04 was carded
2026-10-04,2026-10-04T20:25:00Z,San Francisco 49ers,Denver Broncos,team_total,,away_under,22.5,-106,williamhill_us,0.6584040425993202,0.1438409358032036,,,selection: cleared select()'s bars — backfilled 2026-10-05 from card.md; no selections ledger existed when 2026-10-04 was carded
2026-10-04,2026-10-04T20:25:00Z,San Francisco 49ers,Denver Broncos,alternate_spread,,home,-7.0,200,fanatics,0.4765374650239378,0.1432041316906045,,,selection: cleared select()'s bars — backfilled 2026-10-05 from card.md; no selections ledger existed when 2026-10-04 was carded
2026-10-04,2026-10-04T13:30:00Z,Washington Commanders,Indianapolis Colts,alternate_team_total,,home_over,22.5,120,draftkings,0.5972426802906153,0.1426972257451608,,,selection: cleared select()'s bars — backfilled 2026-10-05 from card.md; no selections ledger existed when 2026-10-04 was carded
2026-10-04,2026-10-04T13:30:00Z,Washington Commanders,Indianapolis Colts,alternate_team_total,,home_over,29.5,425,draftkings,0.3329885007980605,0.14251231032187,,,selection: cleared select()'s bars — backfilled 2026-10-05 from card.md; no selections ledger existed when 2026-10-04 was carded
2026-10-04,2026-10-04T20:25:00Z,San Francisco 49ers,Denver Broncos,alternate_team_total,,away_under,15.5,370,fanduel,0.3549304051408058,0.1421644476939973,,,selection: cleared select()'s bars — backfilled 2026-10-05 from card.md; no selections ledger existed when 2026-10-04 was carded
2026-10-04,2026-10-04T20:25:00Z,Las Vegas Raiders,Kansas City Chiefs,alternate_team_total,,away_under,21.5,230,fanduel,0.445143253147765,0.1421129501174619,,,selection: cleared select()'s bars — backfilled 2026-10-05 from card.md; no selections ledger existed when 2026-10-04 was carded
2026-10-04,2026-10-04T20:05:00Z,Minnesota Vikings,Miami Dolphins,spread,,away,9.5,-104,williamhill_us,0.6517832729709999,0.1419793514023725,,,selection: cleared select()'s bars — backfilled 2026-10-05 from card.md; no selections ledger existed when 2026-10-04 was carded
2026-10-04,2026-10-04T17:00:00Z,Tampa Bay Buccaneers,Green Bay Packers,alternate_total_points,,over,45.5,215,fanduel,0.4593810650418253,0.1419207475815078,,,selection: cleared select()'s bars — backfilled 2026-10-05 from card.md; no selections ledger existed when 2026-10-04 was carded
2026-10-04,2026-10-04T17:00:00Z,Tampa Bay Buccaneers,Green Bay Packers,alternate_team_total,,home_over,27.5,575,betmgm,0.2900397673560651,0.1418916192079169,,,selection: cleared select()'s bars — backfilled 2026-10-05 from card.md; no selections ledger existed when 2026-10-04 was carded
2026-10-04,2026-10-04T20:05:00Z,Minnesota Vikings,Miami Dolphins,alternate_spread,,away,-3.5,552,draftkings,0.2952264383671392,0.1418522052383048,,,selection: cleared select()'s bars — backfilled 2026-10-05 from card.md; no selections ledger existed when 2026-10-04 was carded
2026-10-04,2026-10-04T13:30:00Z,Washington Commanders,Indianapolis Colts,team_total,,home_over,21.5,109,betonlineag,0.6202571632634138,0.1417882637418827,,,selection: cleared select()'s bars — backfilled 2026-10-05 from card.md; no selections ledger existed when 2026-10-04 was carded
2026-10-04,2026-10-04T17:00:00Z,New York Giants,Arizona Cardinals,alternate_spread,,home,-7.5,390,fanatics,0.3457056384639287,0.1416240058108675,,,selection: cleared select()'s bars — backfilled 2026-10-05 from card.md; no selections ledger existed when 2026-10-04 was carded
2026-10-04,2026-10-04T17:00:00Z,New York Giants,Arizona Cardinals,alternate_spread,,home,-8.0,430,fanatics,0.3302568226614989,0.14157757737848,,,selection: cleared select()'s bars — backfilled 2026-10-05 from card.md; no selections ledger existed when 2026-10-04 was carded
2026-10-04,2026-10-04T20:05:00Z,Minnesota Vikings,Miami Dolphins,alternate_total_points,,over,36.0,-155,fanatics,0.7485205422104999,0.140677404955598,,,selection: cleared select()'s bars — backfilled 2026-10-05 from card.md; no selections ledger existed when 2026-10-04 was carded
2026-10-04,2026-10-04T20:25:00Z,Las Vegas Raiders,Kansas City Chiefs,alternate_total_points,,under,34.5,500,fanduel,0.3072879240838543,0.1406212574171877,,,selection: cleared select()'s bars — backfilled 2026-10-05 from card.md; no selections ledger existed when 2026-10-04 was carded
2026-10-04,2026-10-04T20:25:00Z,Seattle Seahawks,Los Angeles Chargers,moneyline,,away,,295,fanduel,0.3929115539384082,0.1397469969763829,,,selection: cleared select()'s bars — backfilled 2026-10-05 from card.md; no selections ledger existed when 2026-10-04 was carded
2026-10-04,2026-10-04T20:05:00Z,Minnesota Vikings,Miami Dolphins,alternate_spread,,away,12.0,-141,betrivers,0.7247654438172544,0.1397032031533539,,,selection: cleared select()'s bars — backfilled 2026-10-05 from card.md; no selections ledger existed when 2026-10-04 was carded
2026-10-04,2026-10-04T17:00:00Z,Tampa Bay Buccaneers,Green Bay Packers,alternate_total_points,,over,43.5,164,fanduel,0.5184732116028792,0.1396853328150004,,,selection: cleared select()'s bars — backfilled 2026-10-05 from card.md; no selections ledger existed when 2026-10-04 was carded
2026-10-04,2026-10-04T20:05:00Z,Minnesota Vikings,Miami Dolphins,alternate_total_points,,over,35.5,-160,fanatics,0.7547488940101823,0.1393642786255668,,,selection: cleared select()'s bars — backfilled 2026-10-05 from card.md; no selections ledger existed when 2026-10-04 was carded
2026-10-04,2026-10-04T20:05:00Z,Minnesota Vikings,Miami Dolphins,alternate_total_points,,over,51.5,480,fanduel,0.3116243007590032,0.1392105076555549,,,selection: cleared select()'s bars — backfilled 2026-10-05 from card.md; no selections ledger existed when 2026-10-04 was carded
2026-10-04,2026-10-04T17:00:00Z,Tampa Bay Buccaneers,Green Bay Packers,alternate_total_points,,over,41.5,132,fanduel,0.5702305548464249,0.1391960720878042,,,selection: cleared select()'s bars — backfilled 2026-10-05 from card.md; no selections ledger existed when 2026-10-04 was carded
2026-10-04,2026-10-04T20:05:00Z,Minnesota Vikings,Miami Dolphins,alternate_spread,,away,11.5,-134,betrivers,0.7115085127050934,0.1388589400555208,,,selection: cleared select()'s bars — backfilled 2026-10-05 from card.md; no selections ledger existed when 2026-10-04 was carded
2026-10-04,2026-10-04T20:25:00Z,Seattle Seahawks,Los Angeles Chargers,alternate_spread,,away,1.0,250,betmgm,0.4243996932927049,0.1386854075784191,,,selection: cleared select()'s bars — backfilled 2026-10-05 from card.md; no selections ledger existed when 2026-10-04 was carded
2026-10-04,2026-10-04T20:25:00Z,San Francisco 49ers,Denver Broncos,alternate_team_total,,away_under,14.5,400,fanduel,0.3384984500696789,0.1384984500696788,,,selection: cleared select()'s bars — backfilled 2026-10-05 from card.md; no selections ledger existed when 2026-10-04 was carded
2026-10-04,2026-10-04T20:25:00Z,San Francisco 49ers,Denver Broncos,alternate_spread,,home,-10.5,320,fanduel,0.3765067078151514,0.1384114697199133,,,selection: cleared select()'s bars — backfilled 2026-10-05 from card.md; no selections ledger existed when 2026-10-04 was carded
2026-10-04,2026-10-04T17:00:00Z,Tampa Bay Buccaneers,Green Bay Packers,alternate_total_points,,over,45.0,200,betmgm,0.4703822879457175,0.1370489546123842,,,selection: cleared select()'s bars — backfilled 2026-10-05 from card.md; no selections ledger existed when 2026-10-04 was carded
2026-10-04,2026-10-04T17:00:00Z,Tampa Bay Buccaneers,Green Bay Packers,alternate_total_points,,over,44.0,175,betmgm,0.5006440507508122,0.1370076871144485,,,selection: cleared select()'s bars — backfilled 2026-10-05 from card.md; no selections ledger existed when 2026-10-04 was carded
2026-10-04,2026-10-04T20:25:00Z,Seattle Seahawks,Los Angeles Chargers,alternate_spread,,away,2.0,220,betrivers,0.4494356995678547,0.1369356995678547,,,selection: cleared select()'s bars — backfilled 2026-10-05 from card.md; no selections ledger existed when 2026-10-04 was carded
2026-10-04,2026-10-04T17:00:00Z,New York Giants,Arizona Cardinals,alternate_spread,,home,-6.5,310,fanatics,0.3805619165451102,0.1366594775207199,,,selection: cleared select()'s bars — backfilled 2026-10-05 from card.md; no selections ledger existed when 2026-10-04 was carded
2026-10-04,2026-10-04T17:00:00Z,Tampa Bay Buccaneers,Green Bay Packers,alternate_total_points,,over,47.0,260,betmgm,0.4143874681435495,0.1366096903657717,,,selection: cleared select()'s bars — backfilled 2026-10-05 from card.md; no selections ledger existed when 2026-10-04 was carded
2026-10-04,2026-10-04T20:05:00Z,Minnesota Vikings,Miami Dolphins,alternate_spread,,away,10.5,-121,betrivers,0.683978302127888,0.1364669899106934,,,selection: cleared select()'s bars — backfilled 2026-10-05 from card.md; no selections ledger existed when 2026-10-04 was carded
2026-10-04,2026-10-04T20:25:00Z,Las Vegas Raiders,Kansas City Chiefs,alternate_team_total,,away_under,20.5,260,fanduel,0.4141359886608335,0.1363582108830557,,,selection: cleared select()'s bars — backfilled 2026-10-05 from card.md; no selections ledger existed when 2026-10-04 was carded
2026-10-04,2026-10-04T17:00:00Z,Buffalo Bills,New England Patriots,alternate_team_total,,away_under,19.5,126,fanduel,0.5787227442335489,0.1362448681273541,,,selection: cleared select()'s bars — backfilled 2026-10-05 from card.md; no selections ledger existed when 2026-10-04 was carded
2026-10-04,2026-10-04T17:00:00Z,Tampa Bay Buccaneers,Green Bay Packers,alternate_total_points,,over,46.5,235,fanduel,0.4342520575024144,0.1357445948158473,,,selection: cleared select()'s bars — backfilled 2026-10-05 from card.md; no selections ledger existed when 2026-10-04 was carded
2026-10-04,2026-10-04T17:00:00Z,Buffalo Bills,New England Patriots,alternate_team_total,,away_under,16.5,210,fanduel,0.4581165424502294,0.1355358972889391,,,selection: cleared select()'s bars — backfilled 2026-10-05 from card.md; no selections ledger existed when 2026-10-04 was carded
2026-10-04,2026-10-04T17:00:00Z,Tampa Bay Buccaneers,Green Bay Packers,alternate_total_points,,over,42.5,142,fanduel,0.5487133704813598,0.135490229985492,,,selection: cleared select()'s bars — backfilled 2026-10-05 from card.md; no selections ledger existed when 2026-10-04 was carded
2026-10-04,2026-10-04T20:05:00Z,Minnesota Vikings,Miami Dolphins,alternate_total_points,,over,52.5,540,fanduel,0.2915079854686035,0.1352579854686035,,,selection: cleared select()'s bars — backfilled 2026-10-05 from card.md; no selections ledger existed when 2026-10-04 was carded
2026-10-04,2026-10-04T13:30:00Z,Washington Commanders,Indianapolis Colts,alternate_spread,,home,6.5,-135,fanatics,0.709572199667103,0.13510411456072,,,selection: cleared select()'s bars — backfilled 2026-10-05 from card.md; no selections ledger existed when 2026-10-04 was carded
2026-10-04,2026-10-04T20:25:00Z,San Francisco 49ers,Denver Broncos,alternate_spread,,home,-9.0,250,fanatics,0.4207370754132719,0.1350227896989861,,,selection: cleared select()'s bars — backfilled 2026-10-05 from card.md; no selections ledger existed when 2026-10-04 was carded
2026-10-04,2026-10-04T17:00:00Z,Tampa Bay Buccaneers,Green Bay Packers,alternate_spread,,home,-7.0,430,fanatics,0.3234568187942074,0.1347775735111885,,,selection: cleared select()'s bars — backfilled 2026-10-05 from card.md; no selections ledger existed when 2026-10-04 was carded
2026-10-04,2026-10-04T17:00:00Z,Tampa Bay Buccaneers,Green Bay Packers,alternate_total_points,,over,43.0,150,betmgm,0.5346408354085577,0.1346408354085576,,,selection: cleared select()'s bars — backfilled 2026-10-05 from card.md; no selections ledger existed when 2026-10-04 was carded
2026-10-04,2026-10-04T20:25:00Z,Las Vegas Raiders,Kansas City Chiefs,alternate_total_points,,under,33.5,600,fanduel,0.2773674566805409,0.134510313823398,,,selection: cleared select()'s bars — backfilled 2026-10-05 from card.md; no selections ledger existed when 2026-10-04 was carded
2026-10-04,2026-10-04T17:00:00Z,New York Giants,Arizona Cardinals,alternate_spread,,home,-6.0,290,fanatics,0.3909116415352957,0.1345013851250392,,,selection: cleared select()'s bars — backfilled 2026-10-05 from card.md; no selections ledger existed when 2026-10-04 was carded
2026-10-04,2026-10-04T17:00:00Z,New York Giants,Arizona Cardinals,alternate_spread,,home,-8.5,430,fanduel,0.3226388625337549,0.133959617250736,,,selection: cleared select()'s bars — backfilled 2026-10-05 from card.md; no selections ledger existed when 2026-10-04 was carded
2026-10-04,2026-10-04T20:25:00Z,San Francisco 49ers,Denver Broncos,alternate_spread,,home,-6.5,176,fanduel,0.4961137829190108,0.1337949423393007,,,selection: cleared select()'s bars — backfilled 2026-10-05 from card.md; no selections ledger existed when 2026-10-04 was carded
2026-10-04,2026-10-04T20:25:00Z,San Francisco 49ers,Denver Broncos,alternate_spread,,home,-10.0,290,fanatics,0.3900690915023572,0.1336588350921008,,,selection: cleared select()'s bars — backfilled 2026-10-05 from card.md; no selections ledger existed when 2026-10-04 was carded
2026-10-04,2026-10-04T17:00:00Z,Tampa Bay Buccaneers,Green Bay Packers,alternate_total_points,,over,40.5,114,fanduel,0.6005319051175104,0.1332421854913422,,,selection: cleared select()'s bars — backfilled 2026-10-05 from card.md; no selections ledger existed when 2026-10-04 was carded
2026-10-04,2026-10-04T17:00:00Z,Tampa Bay Buccaneers,Green Bay Packers,total_points,,over,39.0,-107,lowvig,0.6501047343696157,0.1331965218092292,,,selection: cleared select()'s bars — backfilled 2026-10-05 from card.md; no selections ledger existed when 2026-10-04 was carded
2026-10-04,2026-10-04T20:05:00Z,Minnesota Vikings,Miami Dolphins,alternate_spread,,away,13.0,-159,betrivers,0.7469684413803609,0.133068827480747,,,selection: cleared select()'s bars — backfilled 2026-10-05 from card.md; no selections ledger existed when 2026-10-04 was carded
2026-10-04,2026-10-04T17:00:00Z,Buffalo Bills,New England Patriots,alternate_team_total,,away_under,17.5,152,fanduel,0.5298663689303635,0.1330409721049667,,,selection: cleared select()'s bars — backfilled 2026-10-05 from card.md; no selections ledger existed when 2026-10-04 was carded
2026-10-04,2026-10-04T20:05:00Z,Minnesota Vikings,Miami Dolphins,alternate_spread,,away,12.5,-148,betrivers,0.7297998526485904,0.1330256591002032,,,selection: cleared select()'s bars — backfilled 2026-10-05 from card.md; no selections ledger existed when 2026-10-04 was carded
2026-10-04,2026-10-04T17:00:00Z,Tampa Bay Buccaneers,Green Bay Packers,alternate_total_points,,over,48.0,300,betmgm,0.3829902125145399,0.1329902125145399,,,selection: cleared select()'s bars — backfilled 2026-10-05 from card.md; no selections ledger existed when 2026-10-04 was carded
2026-10-04,2026-10-04T17:00:00Z,Tampa Bay Buccaneers,Green Bay Packers,alternate_total_points,,over,46.0,220,betmgm,0.4454456649759941,0.132945664975994,,,selection: cleared select()'s bars — backfilled 2026-10-05 from card.md; no selections ledger existed when 2026-10-04 was carded
2026-10-04,2026-10-04T20:25:00Z,San Francisco 49ers,Denver Broncos,alternate_spread,,home,-6.0,165,fanatics,0.5102422783236226,0.1328837877575848,,,selection: cleared select()'s bars — backfilled 2026-10-05 from card.md; no selections ledger existed when 2026-10-04 was carded
2026-10-04,2026-10-04T20:25:00Z,Seattle Seahawks,Los Angeles Chargers,alternate_spread,,away,0.5,255,betrivers,0.4133832173540281,0.1316930765089577,,,selection: cleared select()'s bars — backfilled 2026-10-05 from card.md; no selections ledger existed when 2026-10-04 was carded
2026-10-04,2026-10-04T13:30:00Z,Washington Commanders,Indianapolis Colts,alternate_team_total,,home_over,30.5,525,betmgm,0.2916104602347679,0.1316104602347679,,,selection: cleared select()'s bars — backfilled 2026-10-05 from card.md; no selections ledger existed when 2026-10-04 was carded
2026-10-04,2026-10-04T13:30:00Z,Washington Commanders,Indianapolis Colts,alternate_team_total,,home_over,19.5,-145,draftkings,0.723134100787551,0.1312973660936734,,,selection: cleared select()'s bars — backfilled 2026-10-05 from card.md; no selections ledger existed when 2026-10-04 was carded
2026-10-04,2026-10-04T20:25:00Z,Las Vegas Raiders,Kansas City Chiefs,alternate_team_total,,away_under,26.5,105,betmgm,0.6190671564525185,0.131262278403738,,,selection: cleared select()'s bars — backfilled 2026-10-05 from card.md; no selections ledger existed when 2026-10-04 was carded
2026-10-04,2026-10-04T20:25:00Z,Las Vegas Raiders,Kansas City Chiefs,team_total,,away_under,26.5,105,betmgm,0.6190671564525185,0.131262278403738,,,selection: cleared select()'s bars — backfilled 2026-10-05 from card.md; no selections ledger existed when 2026-10-04 was carded
2026-10-04,2026-10-04T20:25:00Z,Seattle Seahawks,Los Angeles Chargers,alternate_spread,,away,3.0,188,betmgm,0.4781478624205234,0.1309256401983011,,,selection: cleared select()'s bars — backfilled 2026-10-05 from card.md; no selections ledger existed when 2026-10-04 was carded
2026-10-04,2026-10-04T17:00:00Z,Tampa Bay Buccaneers,Green Bay Packers,alternate_total_points,,over,39.0,-108,betmgm,0.6501047343696157,0.1308739651388464,,,selection: cleared select()'s bars — backfilled 2026-10-05 from card.md; no selections ledger existed when 2026-10-04 was carded
2026-10-04,2026-10-04T17:00:00Z,Buffalo Bills,New England Patriots,alternate_team_total,,away_under,18.5,142,fanduel,0.5440358271430458,0.130812686647178,,,selection: cleared select()'s bars — backfilled 2026-10-05 from card.md; no selections ledger existed when 2026-10-04 was carded
2026-10-04,2026-10-04T20:25:00Z,Las Vegas Raiders,Kansas City Chiefs,alternate_team_total,,home_under,20.5,102,fanduel,0.6258466285771082,0.1307971236266131,,,selection: cleared select()'s bars — backfilled 2026-10-05 from card.md; no selections ledger existed when 2026-10-04 was carded
2026-10-04,2026-10-04T20:25:00Z,San Francisco 49ers,Denver Broncos,alternate_team_total,,away_under,13.5,480,fanduel,0.303187856689652,0.1307740635862037,,,selection: cleared select()'s bars — backfilled 2026-10-05 from card.md; no selections ledger existed when 2026-10-04 was carded
2026-10-04,2026-10-04T17:00:00Z,Tampa Bay Buccaneers,Green Bay Packers,alternate_spread,,home,-7.5,450,betmgm,0.3125506546358166,0.1307324728176348,,,selection: cleared select()'s bars — backfilled 2026-10-05 from card.md; no selections ledger existed when 2026-10-04 was carded
2026-10-04,2026-10-04T17:00:00Z,New York Giants,Arizona Cardinals,alternate_spread,,home,-4.0,220,fanatics,0.4430706993900772,0.1305706993900772,,,selection: cleared select()'s bars — backfilled 2026-10-05 from card.md; no selections ledger existed when 2026-10-04 was carded
2026-10-04,2026-10-04T17:00:00Z,Tampa Bay Buccaneers,Green Bay Packers,alternate_spread,,home,-8.0,500,fanatics,0.2970187230543798,0.1303520563877131,,,selection: cleared select()'s bars — backfilled 2026-10-05 from card.md; no selections ledger existed when 2026-10-04 was carded
2026-10-04,2026-10-04T17:00:00Z,New York Giants,Arizona Cardinals,alternate_spread,,home,-5.0,250,fanatics,0.41605072087638,0.1303364351620943,,,selection: cleared select()'s bars — backfilled 2026-10-05 from card.md; no selections ledger existed when 2026-10-04 was carded
2026-10-04,2026-10-04T13:30:00Z,Washington Commanders,Indianapolis Colts,alternate_team_total,,home_over,20.5,-108,betmgm,0.6495514543498949,0.1303206851191256,,,selection: cleared select()'s bars — backfilled 2026-10-05 from card.md; no selections ledger existed when 2026-10-04 was carded
2026-10-04,2026-10-04T13:30:00Z,Washington Commanders,Indianapolis Colts,team_total,,home_over,20.5,-108,betmgm,0.6495514543498949,0.1303206851191256,,,selection: cleared select()'s bars — backfilled 2026-10-05 from card.md; no selections ledger existed when 2026-10-04 was carded
2026-10-04,2026-10-04T17:00:00Z,Buffalo Bills,New England Patriots,alternate_team_total,,away_under,14.5,280,fanduel,0.3933897186966154,0.1302318239597733,,,selection: cleared select()'s bars — backfilled 2026-10-05 from card.md; no selections ledger existed when 2026-10-04 was carded
2026-10-04,2026-10-04T17:00:00Z,Tampa Bay Buccaneers,Green Bay Packers,alternate_total_points,,over,47.5,270,betmgm,0.4003310119675928,0.1300607416973225,,,selection: cleared select()'s bars — backfilled 2026-10-05 from card.md; no selections ledger existed when 2026-10-04 was carded
2026-10-04,2026-10-04T17:00:00Z,Tampa Bay Buccaneers,Green Bay Packers,alternate_total_points,,over,39.5,-102,fanduel,0.6349317539330417,0.1299812588835367,,,selection: cleared select()'s bars — backfilled 2026-10-05 from card.md; no selections ledger existed when 2026-10-04 was carded
2026-10-04,2026-10-04T20:25:00Z,Las Vegas Raiders,Kansas City Chiefs,alternate_team_total,,away_under,23.5,162,fanduel,0.5113683437694097,0.1296889544564325,,,selection: cleared select()'s bars — backfilled 2026-10-05 from card.md; no selections ledger existed when 2026-10-04 was carded
2026-10-04,2026-10-04T20:25:00Z,San Francisco 49ers,Denver Broncos,alternate_spread,,home,-4.0,130,bovada,0.5641120141954403,0.1293294054997881,,,selection: cleared select()'s bars — backfilled 2026-10-05 from card.md; no selections ledger existed when 2026-10-04 was carded
2026-10-04,2026-10-04T17:00:00Z,Buffalo Bills,New England Patriots,alternate_team_total,,away_under,15.5,255,fanduel,0.4106731085231263,0.1289829676780558,,,selection: cleared select()'s bars — backfilled 2026-10-05 from card.md; no selections ledger existed when 2026-10-04 was carded
2026-10-04,2026-10-04T17:00:00Z,Buffalo Bills,New England Patriots,alternate_team_total,,away_under,13.5,340,fanduel,0.355654213525784,0.1283814862530567,,,selection: cleared select()'s bars — backfilled 2026-10-05 from card.md; no selections ledger existed when 2026-10-04 was carded
2026-10-04,2026-10-04T20:25:00Z,Las Vegas Raiders,Kansas City Chiefs,alternate_team_total,,home_under,21.5,-112,betmgm,0.6566035286614775,0.1283016418690247,,,selection: cleared select()'s bars — backfilled 2026-10-05 from card.md; no selections ledger existed when 2026-10-04 was carded
2026-10-04,2026-10-04T20:25:00Z,Las Vegas Raiders,Kansas City Chiefs,team_total,,home_under,21.5,-112,betmgm,0.6566035286614775,0.1283016418690247,,,selection: cleared select()'s bars — backfilled 2026-10-05 from card.md; no selections ledger existed when 2026-10-04 was carded
2026-10-04,2026-10-04T17:00:00Z,Tampa Bay Buccaneers,Green Bay Packers,alternate_total_points,,over,49.0,333,betmgm,0.3589882482308202,0.1280413660137301,,,selection: cleared select()'s bars — backfilled 2026-10-05 from card.md; no selections ledger existed when 2026-10-04 was carded
2026-10-04,2026-10-04T17:00:00Z,New York Giants,Arizona Cardinals,alternate_spread,,home,-3.5,200,fanatics,0.4611332501253172,0.1277999167919839,,,selection: cleared select()'s bars — backfilled 2026-10-05 from card.md; no selections ledger existed when 2026-10-04 was carded
2026-10-04,2026-10-04T20:05:00Z,Minnesota Vikings,Miami Dolphins,alternate_total_points,,over,53.5,600,fanduel,0.2706488178044119,0.127791674947269,,,selection: cleared select()'s bars — backfilled 2026-10-05 from card.md; no selections ledger existed when 2026-10-04 was carded
2026-10-04,2026-10-04T17:00:00Z,Tampa Bay Buccaneers,Green Bay Packers,total_points,,over,38.5,-113,betrivers,0.6582710401040416,0.1277546081791589,,,selection: cleared select()'s bars — backfilled 2026-10-05 from card.md; no selections ledger existed when 2026-10-04 was carded
2026-10-04,2026-10-04T17:00:00Z,Tampa Bay Buccaneers,Green Bay Packers,alternate_total_points,,over,38.0,-120,fanatics,0.6729748991588063,0.1275203537042608,,,selection: cleared select()'s bars — backfilled 2026-10-05 from card.md; no selections ledger existed when 2026-10-04 was carded
2026-10-04,2026-10-04T20:25:00Z,San Francisco 49ers,Denver Broncos,alternate_spread,,home,-5.0,145,fanatics,0.5355763279042266,0.1274130625981041,,,selection: cleared select()'s bars — backfilled 2026-10-05 from card.md; no selections ledger existed when 2026-10-04 was carded
2026-10-04,2026-10-04T17:00:00Z,Buffalo Bills,New England Patriots,alternate_total_points,,under,48.0,110,bovada,0.6031899623922872,0.126999486201811,,,selection: cleared select()'s bars — backfilled 2026-10-05 from card.md; no selections ledger existed when 2026-10-04 was carded
2026-10-04,2026-10-04T17:00:00Z,New York Giants,Arizona Cardinals,alternate_spread,,home,-9.0,450,fanatics,0.3086431303086304,0.1268249484904486,,,selection: cleared select()'s bars — backfilled 2026-10-05 from card.md; no selections ledger existed when 2026-10-04 was carded
2026-10-04,2026-10-04T17:00:00Z,New York Giants,Arizona Cardinals,alternate_spread,,home,-10.0,550,fanatics,0.2805645703904022,0.1267184165442483,,,selection: cleared select()'s bars — backfilled 2026-10-05 from card.md; no selections ledger existed when 2026-10-04 was carded
2026-10-04,2026-10-04T17:00:00Z,Buffalo Bills,New England Patriots,alternate_total_points,,under,47.0,125,bovada,0.5710368075370502,0.1265923630926058,,,selection: cleared select()'s bars — backfilled 2026-10-05 from card.md; no selections ledger existed when 2026-10-04 was carded
2026-10-04,2026-10-04T20:25:00Z,Las Vegas Raiders,Kansas City Chiefs,alternate_team_total,,home_under,19.5,140,fanduel,0.5427309120583007,0.126064245391634,,,selection: cleared select()'s bars — backfilled 2026-10-05 from card.md; no selections ledger existed when 2026-10-04 was carded
2026-10-04,2026-10-04T20:25:00Z,Las Vegas Raiders,Kansas City Chiefs,alternate_team_total,,away_under,25.5,116,fanduel,0.5890168823476635,0.1260539193847005,,,selection: cleared select()'s bars — backfilled 2026-10-05 from card.md; no selections ledger existed when 2026-10-04 was carded
2026-10-04,2026-10-04T17:00:00Z,Tampa Bay Buccaneers,Green Bay Packers,alternate_total_points,,over,42.0,130,bovada,0.5607797722286013,0.1259971635329491,,,selection: cleared select()'s bars — backfilled 2026-10-05 from card.md; no selections ledger existed when 2026-10-04 was carded
2026-10-04,2026-10-04T17:00:00Z,Buffalo Bills,New England Patriots,alternate_total_points,,under,46.5,135,fanatics,0.5514373690290226,0.1259054541354056,,,selection: cleared select()'s bars — backfilled 2026-10-05 from card.md; no selections ledger existed when 2026-10-04 was carded
2026-10-04,2026-10-04T17:00:00Z,New York Giants,Arizona Cardinals,alternate_spread,,home,-4.5,230,fanatics,0.4287008557164422,0.1256705526861391,,,selection: cleared select()'s bars — backfilled 2026-10-05 from card.md; no selections ledger existed when 2026-10-04 was carded
2026-10-04,2026-10-04T17:00:00Z,Tampa Bay Buccaneers,Green Bay Packers,alternate_spread,,home,1.0,130,fanatics,0.5602294498590855,0.1254468411634333,,,selection: cleared select()'s bars — backfilled 2026-10-05 from card.md; no selections ledger existed when 2026-10-04 was carded
2026-10-04,2026-10-04T17:00:00Z,Buffalo Bills,New England Patriots,alternate_total_points,,under,42.5,220,fanduel,0.4376688422438657,0.1251688422438657,,,selection: cleared select()'s bars — backfilled 2026-10-05 from card.md; no selections ledger existed when 2026-10-04 was carded
2026-10-04,2026-10-04T17:00:00Z,Buffalo Bills,New England Patriots,alternate_team_total,,away_under,12.5,475,draftkings,0.2990704332062437,0.1251573897279828,,,selection: cleared select()'s bars — backfilled 2026-10-05 from card.md; no selections ledger existed when 2026-10-04 was carded
2026-10-04,2026-10-04T20:25:00Z,San Francisco 49ers,Denver Broncos,alternate_total_points,,under,46.0,125,bovada,0.5695986006588605,0.125154156214416,,,selection: cleared select()'s bars — backfilled 2026-10-05 from card.md; no selections ledger existed when 2026-10-04 was carded
2026-10-04,2026-10-04T20:25:00Z,San Francisco 49ers,Denver Broncos,alternate_total_points,,under,50.0,-125,fanatics,0.6806892054225773,0.1251336498670217,,,selection: cleared select()'s bars — backfilled 2026-10-05 from card.md; no selections ledger existed when 2026-10-04 was carded
2026-10-04,2026-10-04T20:25:00Z,San Francisco 49ers,Denver Broncos,total_points,,under,48.5,-107,lowvig,0.6419906487303609,0.1250824361699745,,,selection: cleared select()'s bars — backfilled 2026-10-05 from card.md; no selections ledger existed when 2026-10-04 was carded
2026-10-04,2026-10-04T20:25:00Z,San Francisco 49ers,Denver Broncos,alternate_spread,,home,-11.0,330,fanatics,0.357451442058617,0.1248933025237333,,,selection: cleared select()'s bars — backfilled 2026-10-05 from card.md; no selections ledger existed when 2026-10-04 was carded
2026-10-04,2026-10-04T17:00:00Z,New York Giants,Arizona Cardinals,alternate_spread,,home,1.0,112,betrivers,0.5965736843490619,0.1248755711415147,,,selection: cleared select()'s bars — backfilled 2026-10-05 from card.md; no selections ledger existed when 2026-10-04 was carded
2026-10-04,2026-10-04T17:00:00Z,Buffalo Bills,New England Patriots,alternate_team_total,,away_under,21.5,-130,draftkings,0.6899850329418363,0.1247676416374885,,,selection: cleared select()'s bars — backfilled 2026-10-05 from card.md; no selections ledger existed when 2026-10-04 was carded
2026-10-04,2026-10-04T20:25:00Z,Seattle Seahawks,Los Angeles Chargers,alternate_spread,,away,-3.5,470,fanduel,0.3001769331477071,0.1247383366564791,,,selection: cleared select()'s bars — backfilled 2026-10-05 from card.md; no selections ledger existed when 2026-10-04 was carded
2026-10-04,2026-10-04T20:25:00Z,San Francisco 49ers,Denver Broncos,alternate_spread,,home,-11.5,350,fanduel,0.3468509479180562,0.124628725695834,,,selection: cleared select()'s bars — backfilled 2026-10-05 from card.md; no selections ledger existed when 2026-10-04 was carded
2026-10-04,2026-10-04T17:00:00Z,Tampa Bay Buccaneers,Green Bay Packers,alternate_total_points,,over,37.5,-125,fanatics,0.6801200854000017,0.1245645298444461,,,selection: cleared select()'s bars — backfilled 2026-10-05 from card.md; no selections ledger existed when 2026-10-04 was carded
2026-10-04,2026-10-04T20:25:00Z,San Francisco 49ers,Denver Broncos,alternate_total_points,,under,47.0,110,bovada,0.6004697716436556,0.1242792954531794,,,selection: cleared select()'s bars — backfilled 2026-10-05 from card.md; no selections ledger existed when 2026-10-04 was carded
2026-10-04,2026-10-04T17:00:00Z,Tampa Bay Buccaneers,Green Bay Packers,alternate_spread,,home,-6.5,350,fanatics,0.3462681820604883,0.1240459598382661,,,selection: cleared select()'s bars — backfilled 2026-10-05 from card.md; no selections ledger existed when 2026-10-04 was carded
2026-10-04,2026-10-04T20:25:00Z,San Francisco 49ers,Denver Broncos,alternate_spread,,home,-5.5,150,fanatics,0.5238035609025822,0.1238035609025821,,,selection: cleared select()'s bars — backfilled 2026-10-05 from card.md; no selections ledger existed when 2026-10-04 was carded
2026-10-04,2026-10-04T17:00:00Z,Tampa Bay Buccaneers,Green Bay Packers,alternate_spread,,home,-8.5,500,fanatics,0.2904562801612623,0.1237896134945956,,,selection: cleared select()'s bars — backfilled 2026-10-05 from card.md; no selections ledger existed when 2026-10-04 was carded
2026-10-04,2026-10-04T20:25:00Z,San Francisco 49ers,Denver Broncos,alternate_spread,,home,-3.5,120,fanatics,0.578273212418566,0.1237277578731114,,,selection: cleared select()'s bars — backfilled 2026-10-05 from card.md; no selections ledger existed when 2026-10-04 was carded
2026-10-04,2026-10-04T17:00:00Z,Tampa Bay Buccaneers,Green Bay Packers,alternate_spread,,home,-5.0,290,fanatics,0.3800677556676718,0.1236574992574154,,,selection: cleared select()'s bars — backfilled 2026-10-05 from card.md; no selections ledger existed when 2026-10-04 was carded
2026-10-04,2026-10-04T20:25:00Z,Las Vegas Raiders,Kansas City Chiefs,alternate_total_points,,under,37.0,310,fanatics,0.3674140526604571,0.1235116136360668,,,selection: cleared select()'s bars — backfilled 2026-10-05 from card.md; no selections ledger existed when 2026-10-04 was carded
2026-10-04,2026-10-04T13:30:00Z,Washington Commanders,Indianapolis Colts,alternate_spread,,home,7.0,-155,fanatics,0.7313258892420699,0.1234827519871679,,,selection: cleared select()'s bars — backfilled 2026-10-05 from card.md; no selections ledger existed when 2026-10-04 was carded
2026-10-04,2026-10-04T17:00:00Z,Tampa Bay Buccaneers,Green Bay Packers,alternate_total_points,,over,38.5,-115,fanduel,0.6582710401040416,0.123387319173809,,,selection: cleared select()'s bars — backfilled 2026-10-05 from card.md; no selections ledger existed when 2026-10-04 was carded
2026-10-04,2026-10-04T20:25:00Z,Las Vegas Raiders,Kansas City Chiefs,alternate_team_total,,away_under,24.5,122,fanduel,0.5737078158213675,0.123257365370917,,,selection: cleared select()'s bars — backfilled 2026-10-05 from card.md; no selections ledger existed when 2026-10-04 was carded
2026-10-04,2026-10-04T17:00:00Z,Tampa Bay Buccaneers,Green Bay Packers,alternate_total_points,,over,41.0,115,bovada,0.5880492408706943,0.1229329618009268,,,selection: cleared select()'s bars — backfilled 2026-10-05 from card.md; no selections ledger existed when 2026-10-04 was carded
2026-10-04,2026-10-04T17:00:00Z,Tampa Bay Buccaneers,Green Bay Packers,alternate_spread,,home,-6.0,330,fanatics,0.3554219100351251,0.1228637705002414,,,selection: cleared select()'s bars — backfilled 2026-10-05 from card.md; no selections ledger existed when 2026-10-04 was carded
2026-10-04,2026-10-04T17:00:00Z,Tampa Bay Buccaneers,Green Bay Packers,alternate_spread,,home,-9.0,550,fanatics,0.2765024087843092,0.1226562549381553,,,selection: cleared select()'s bars — backfilled 2026-10-05 from card.md; no selections ledger existed when 2026-10-04 was carded
2026-10-04,2026-10-04T13:30:00Z,Washington Commanders,Indianapolis Colts,alternate_spread,,home,-9.5,504,draftkings,0.2881069918858531,0.1225440779785683,,,selection: cleared select()'s bars — backfilled 2026-10-05 from card.md; no selections ledger existed when 2026-10-04 was carded
2026-10-04,2026-10-04T17:00:00Z,Buffalo Bills,New England Patriots,alternate_total_points,,under,43.5,190,fanduel,0.4672974902622302,0.1224699040553336,,,selection: cleared select()'s bars — backfilled 2026-10-05 from card.md; no selections ledger existed when 2026-10-04 was carded
2026-10-04,2026-10-04T17:00:00Z,Tampa Bay Buccaneers,Green Bay Packers,alternate_total_points,,over,48.5,300,fanduel,0.3722264343664447,0.1222264343664447,,,selection: cleared select()'s bars — backfilled 2026-10-05 from card.md; no selections ledger existed when 2026-10-04 was carded
2026-10-04,2026-10-04T17:00:00Z,Tampa Bay Buccaneers,Green Bay Packers,alternate_spread,,home,2.5,112,betrivers,0.5938676959737716,0.1221695827662244,,,selection: cleared select()'s bars — backfilled 2026-10-05 from card.md; no selections ledger existed when 2026-10-04 was carded
2026-10-04,2026-10-04T17:00:00Z,Tampa Bay Buccaneers,Green Bay Packers,alternate_spread,,home,-3.5,230,bovada,0.4251568102302683,0.1221265071999652,,,selection: cleared select()'s bars — backfilled 2026-10-05 from card.md; no selections ledger existed when 2026-10-04 was carded
2026-10-04,2026-10-04T20:05:00Z,Minnesota Vikings,Miami Dolphins,alternate_total_points,,over,49.0,290,fanatics,0.3783469016263643,0.1219366452161079,,,selection: cleared select()'s bars — backfilled 2026-10-05 from card.md; no selections ledger existed when 2026-10-04 was carded
2026-10-04,2026-10-04T17:00:00Z,Tampa Bay Buccaneers,Green Bay Packers,alternate_total_points,,over,40.0,100,bovada,0.6219260678251328,0.1219260678251328,,,selection: cleared select()'s bars — backfilled 2026-10-05 from card.md; no selections ledger existed when 2026-10-04 was carded
2026-10-04,2026-10-04T17:00:00Z,Buffalo Bills,New England Patriots,alternate_team_total,,away_under,10.5,550,draftkings,0.2757442174775688,0.1218980636314149,,,selection: cleared select()'s bars — backfilled 2026-10-05 from card.md; no selections ledger existed when 2026-10-04 was carded
2026-10-04,2026-10-04T17:00:00Z,Buffalo Bills,New England Patriots,alternate_total_points,,under,44.5,162,fanduel,0.5035692432707094,0.1218898539577322,,,selection: cleared select()'s bars — backfilled 2026-10-05 from card.md; no selections ledger existed when 2026-10-04 was carded
2026-10-04,2026-10-04T17:00:00Z,Tampa Bay Buccaneers,Green Bay Packers,alternate_spread,,home,2.0,116,betrivers,0.584673085210732,0.121710122247769,,,selection: cleared select()'s bars — backfilled 2026-10-05 from card.md; no selections ledger existed when 2026-10-04 was carded
2026-10-04,2026-10-04T17:00:00Z,Tampa Bay Buccaneers,Green Bay Packers,alternate_total_points,,over,36.5,-145,fanatics,0.7134933981177851,0.1216566634239075,,,selection: cleared select()'s bars — backfilled 2026-10-05 from card.md; no selections ledger existed when 2026-10-04 was carded
2026-10-04,2026-10-04T17:00:00Z,New York Giants,Arizona Cardinals,alternate_spread,,home,-5.5,250,fanatics,0.4070377844664061,0.1213234987521204,,,selection: cleared select()'s bars — backfilled 2026-10-05 from card.md; no selections ledger existed when 2026-10-04 was carded
2026-10-04,2026-10-04T20:25:00Z,San Francisco 49ers,Denver Broncos,alternate_total_points,,under,42.5,190,fanduel,0.4660331946004002,0.1212056083935037,,,selection: cleared select()'s bars — backfilled 2026-10-05 from card.md; no selections ledger existed when 2026-10-04 was carded
2026-10-04,2026-10-05T00:20:00Z,Carolina Panthers,Detroit Lions,alternate_spread,,away,-8.5,190,betmgm,0.4659878606949095,0.1211602744880129,,,selection: cleared select()'s bars — backfilled 2026-10-05 from card.md; no selections ledger existed when 2026-10-04 was carded
2026-10-04,2026-10-05T00:20:00Z,Carolina Panthers,Detroit Lions,alternate_spread,,away,-8.0,180,betmgm,0.4779896486307817,0.1208467914879246,,,selection: cleared select()'s bars — backfilled 2026-10-05 from card.md; no selections ledger existed when 2026-10-04 was carded
2026-10-04,2026-10-04T17:00:00Z,Buffalo Bills,New England Patriots,alternate_total_points,,under,47.5,115,bovada,0.585759917504597,0.1206436384348295,,,selection: cleared select()'s bars — backfilled 2026-10-05 from card.md; no selections ledger existed when 2026-10-04 was carded
2026-10-04,2026-10-04T17:00:00Z,New York Giants,Arizona Cardinals,alternate_spread,,home,-9.5,450,fanduel,0.3023950017453718,0.12057681992719,,,selection: cleared select()'s bars — backfilled 2026-10-05 from card.md; no selections ledger existed when 2026-10-04 was carded
2026-10-04,2026-10-04T17:00:00Z,Tampa Bay Buccaneers,Green Bay Packers,alternate_spread,,home,-4.0,250,betmgm,0.4061741440954645,0.1204598583811788,,,selection: cleared select()'s bars — backfilled 2026-10-05 from card.md; no selections ledger existed when 2026-10-04 was carded
2026-10-04,2026-10-04T17:00:00Z,New York Giants,Arizona Cardinals,spread,,home,2.0,100,betus,0.6203599545743246,0.1203599545743245,,,selection: cleared select()'s bars — backfilled 2026-10-05 from card.md; no selections ledger existed when 2026-10-04 was carded
2026-10-04,2026-10-04T20:25:00Z,Las Vegas Raiders,Kansas City Chiefs,alternate_team_total,,home_under,17.5,168,fanduel,0.4934921500705646,0.1203578217123556,,,selection: cleared select()'s bars — backfilled 2026-10-05 from card.md; no selections ledger existed when 2026-10-04 was carded
2026-10-04,2026-10-04T20:25:00Z,San Francisco 49ers,Denver Broncos,alternate_total_points,,under,49.0,-115,fanatics,0.6551840975452883,0.1203003766150557,,,selection: cleared select()'s bars — backfilled 2026-10-05 from card.md; no selections ledger existed when 2026-10-04 was carded
2026-10-04,2026-10-04T17:00:00Z,Tampa Bay Buccaneers,Green Bay Packers,alternate_total_points,,over,37.0,-140,fanatics,0.7036016016816569,0.1202682683483234,,,selection: cleared select()'s bars — backfilled 2026-10-05 from card.md; no selections ledger existed when 2026-10-04 was carded
2026-10-04,2026-10-04T20:25:00Z,San Francisco 49ers,Denver Broncos,alternate_spread,,home,-4.5,135,fanatics,0.5457850533402948,0.1202531384466777,,,selection: cleared select()'s bars — backfilled 2026-10-05 from card.md; no selections ledger existed when 2026-10-04 was carded
2026-10-04,2026-10-04T17:00:00Z,Buffalo Bills,New England Patriots,total_points,,under,42.5,215,williamhill_us,0.4376688422438657,0.1202085247835483,,,selection: cleared select()'s bars — backfilled 2026-10-05 from card.md; no selections ledger existed when 2026-10-04 was carded
2026-10-04,2026-10-04T17:00:00Z,New York Giants,Arizona Cardinals,alternate_spread,,home,-3.0,180,fanatics,0.4772579426752639,0.1201150855324067,,,selection: cleared select()'s bars — backfilled 2026-10-05 from card.md; no selections ledger existed when 2026-10-04 was carded
2026-10-04,2026-10-04T20:25:00Z,Las Vegas Raiders,Kansas City Chiefs,alternate_team_total,,home_under,18.5,158,fanduel,0.50767255047584,0.1200756512510338,,,selection: cleared select()'s bars — backfilled 2026-10-05 from card.md; no selections ledger existed when 2026-10-04 was carded
2026-10-04,2026-10-04T17:00:00Z,Tampa Bay Buccaneers,Green Bay Packers,alternate_spread,,home,0.5,135,fanatics,0.5455794536042188,0.1200475387106017,,,selection: cleared select()'s bars — backfilled 2026-10-05 from card.md; no selections ledger existed when 2026-10-04 was carded
2026-10-04,2026-10-04T17:00:00Z,Buffalo Bills,New England Patriots,alternate_team_total,,away_under,22.5,-145,draftkings,0.7115582396306207,0.1197215049367431,,,selection: cleared select()'s bars — backfilled 2026-10-05 from card.md; no selections ledger existed when 2026-10-04 was carded
2026-10-04,2026-10-04T20:25:00Z,San Francisco 49ers,Denver Broncos,alternate_total_points,,under,48.0,-105,fanatics,0.6316636794477684,0.1194685574965488,,,selection: cleared select()'s bars — backfilled 2026-10-05 from card.md; no selections ledger existed when 2026-10-04 was carded
2026-10-04,2026-10-04T20:25:00Z,Las Vegas Raiders,Kansas City Chiefs,alternate_team_total,,home_under,16.5,230,fanduel,0.4223928312505667,0.1193625282202637,,,selection: cleared select()'s bars — backfilled 2026-10-05 from card.md; no selections ledger existed when 2026-10-04 was carded
2026-10-04,2026-10-04T17:00:00Z,Tampa Bay Buccaneers,Green Bay Packers,alternate_spread,,home,-4.5,265,fanatics,0.3931900880910163,0.1192174853512902,,,selection: cleared select()'s bars — backfilled 2026-10-05 from card.md; no selections ledger existed when 2026-10-04 was carded
2026-10-04,2026-10-04T17:00:00Z,New York Giants,Arizona Cardinals,alternate_spread,,home,1.5,105,betrivers,0.6069415727336147,0.1191366946848342,,,selection: cleared select()'s bars — backfilled 2026-10-05 from card.md; no selections ledger existed when 2026-10-04 was carded
2026-10-04,2026-10-04T20:25:00Z,Seattle Seahawks,Los Angeles Chargers,alternate_spread,,away,-3.0,425,betmgm,0.3095953644862292,0.1191191740100387,,,selection: cleared select()'s bars — backfilled 2026-10-05 from card.md; no selections ledger existed when 2026-10-04 was carded
2026-10-04,2026-10-04T17:00:00Z,Tampa Bay Buccaneers,Green Bay Packers,alternate_total_points,,over,49.5,330,fanduel,0.3515744165226417,0.1190162769877579,,,selection: cleared select()'s bars — backfilled 2026-10-05 from card.md; no selections ledger existed when 2026-10-04 was carded
2026-10-04,2026-10-04T17:00:00Z,Buffalo Bills,New England Patriots,alternate_team_total,,away_under,11.5,520,fanduel,0.2800500997662101,0.1187597771855649,,,selection: cleared select()'s bars — backfilled 2026-10-05 from card.md; no selections ledger existed when 2026-10-04 was carded
2026-10-04,2026-10-04T17:00:00Z,Tampa Bay Buccaneers,Green Bay Packers,moneyline,,home,,144,betonlineag,0.5284879456818943,0.1186518801081237,,,selection: cleared select()'s bars — backfilled 2026-10-05 from card.md; no selections ledger existed when 2026-10-04 was carded
2026-10-04,2026-10-04T20:25:00Z,San Francisco 49ers,Denver Broncos,alternate_total_points,,under,51.0,-145,fanatics,0.710320367998902,0.1184836333050244,,,selection: cleared select()'s bars — backfilled 2026-10-05 from card.md; no selections ledger existed when 2026-10-04 was carded
2026-10-04,2026-10-04T17:00:00Z,New York Giants,Arizona Cardinals,alternate_spread,,home,0.5,116,betrivers,0.5812419889872642,0.1182790260243012,,,selection: cleared select()'s bars — backfilled 2026-10-05 from card.md; no selections ledger existed when 2026-10-04 was carded
2026-10-04,2026-10-04T17:00:00Z,Buffalo Bills,New England Patriots,alternate_total_points,,under,41.5,235,fanduel,0.4167748030033752,0.118267340316808,,,selection: cleared select()'s bars — backfilled 2026-10-05 from card.md; no selections ledger existed when 2026-10-04 was carded
2026-10-04,2026-10-04T17:00:00Z,Buffalo Bills,New England Patriots,alternate_total_points,,under,50.0,-115,fanatics,0.6531440726119833,0.1182603516817507,,,selection: cleared select()'s bars — backfilled 2026-10-05 from card.md; no selections ledger existed when 2026-10-04 was carded
2026-10-04,2026-10-04T17:00:00Z,New York Giants,Arizona Cardinals,alternate_spread,,home,-10.5,550,fanatics,0.2720511648192201,0.1182050109730662,,,selection: cleared select()'s bars — backfilled 2026-10-05 from card.md; no selections ledger existed when 2026-10-04 was carded
2026-10-04,2026-10-04T20:25:00Z,San Francisco 49ers,Denver Broncos,alternate_total_points,,under,48.5,-110,fanatics,0.6419906487303609,0.1181811249208371,,,selection: cleared select()'s bars — backfilled 2026-10-05 from card.md; no selections ledger existed when 2026-10-04 was carded
2026-10-04,2026-10-04T20:25:00Z,Las Vegas Raiders,Kansas City Chiefs,alternate_team_total,,away_under,19.5,360,fanduel,0.3349206665447762,0.1175293621969501,,,selection: cleared select()'s bars — backfilled 2026-10-05 from card.md; no selections ledger existed when 2026-10-04 was carded
2026-10-04,2026-10-04T17:00:00Z,Buffalo Bills,New England Patriots,alternate_total_points,,under,50.5,-120,fanatics,0.6628425449108574,0.1173879994563119,,,selection: cleared select()'s bars — backfilled 2026-10-05 from card.md; no selections ledger existed when 2026-10-04 was carded
2026-10-04,2026-10-04T17:00:00Z,Tampa Bay Buccaneers,Green Bay Packers,alternate_spread,,home,-3.0,210,fanatics,0.4399170565983496,0.1173364114370593,,,selection: cleared select()'s bars — backfilled 2026-10-05 from card.md; no selections ledger existed when 2026-10-04 was carded
2026-10-04,2026-10-04T17:00:00Z,Tampa Bay Buccaneers,Green Bay Packers,alternate_spread,,home,-9.5,550,fanatics,0.2711695934516265,0.1173234396054726,,,selection: cleared select()'s bars — backfilled 2026-10-05 from card.md; no selections ledger existed when 2026-10-04 was carded
2026-10-04,2026-10-04T17:00:00Z,Philadelphia Eagles,Los Angeles Rams,alternate_team_total,,away_under,22.5,115,betmgm,0.5823492828506094,0.1172330037808419,,,selection: cleared select()'s bars — backfilled 2026-10-05 from card.md; no selections ledger existed when 2026-10-04 was carded
2026-10-04,2026-10-04T20:25:00Z,Seattle Seahawks,Los Angeles Chargers,alternate_spread,,away,3.5,164,fanduel,0.4959879767724867,0.1172000979846079,,,selection: cleared select()'s bars — backfilled 2026-10-05 from card.md; no selections ledger existed when 2026-10-04 was carded
2026-10-04,2026-10-04T17:00:00Z,Tampa Bay Buccaneers,Green Bay Packers,alternate_spread,,home,1.5,120,betrivers,0.5717294467160629,0.1171839921706083,,,selection: cleared select()'s bars — backfilled 2026-10-05 from card.md; no selections ledger existed when 2026-10-04 was carded
2026-10-04,2026-10-04T17:00:00Z,Tampa Bay Buccaneers,Green Bay Packers,alternate_total_points,,over,36.0,-160,fanatics,0.7322657791051359,0.1168811637205204,,,selection: cleared select()'s bars — backfilled 2026-10-05 from card.md; no selections ledger existed when 2026-10-04 was carded
2026-10-04,2026-10-04T20:25:00Z,San Francisco 49ers,Denver Broncos,alternate_total_points,,under,49.5,-120,fanatics,0.6621276588689736,0.1166731134144282,,,selection: cleared select()'s bars — backfilled 2026-10-05 from card.md; no selections ledger existed when 2026-10-04 was carded
2026-10-04,2026-10-04T17:00:00Z,New York Giants,Arizona Cardinals,spread,,home,2.5,-105,mybookieag,0.6285715663232511,0.1163764443720315,,,selection: cleared select()'s bars — backfilled 2026-10-05 from card.md; no selections ledger existed when 2026-10-04 was carded
2026-10-04,2026-10-04T20:25:00Z,San Francisco 49ers,Denver Broncos,alternate_spread,,home,-12.0,360,fanatics,0.3336234590501355,0.1162321547023094,,,selection: cleared select()'s bars — backfilled 2026-10-05 from card.md; no selections ledger existed when 2026-10-04 was carded
2026-10-04,2026-10-04T20:25:00Z,Seattle Seahawks,Los Angeles Chargers,alternate_spread,,away,5.5,130,fanduel,0.5508963003240832,0.116113691628431,,,selection: cleared select()'s bars — backfilled 2026-10-05 from card.md; no selections ledger existed when 2026-10-04 was carded
2026-10-04,2026-10-04T20:25:00Z,Las Vegas Raiders,Kansas City Chiefs,alternate_team_total,,home_under,15.5,285,fanduel,0.375841721812551,0.1161014620722912,,,selection: cleared select()'s bars — backfilled 2026-10-05 from card.md; no selections ledger existed when 2026-10-04 was carded
2026-10-04,2026-10-04T17:00:00Z,Philadelphia Eagles,Los Angeles Rams,alternate_team_total,,away_under,21.5,126,fanduel,0.5583331614588525,0.1158552853526577,,,selection: cleared select()'s bars — backfilled 2026-10-05 from card.md; no selections ledger existed when 2026-10-04 was carded
2026-10-04,2026-10-04T20:25:00Z,Seattle Seahawks,Los Angeles Chargers,alternate_spread,,away,-4.5,540,fanduel,0.2719822560714045,0.1157322560714045,,,selection: cleared select()'s bars — backfilled 2026-10-05 from card.md; no selections ledger existed when 2026-10-04 was carded
2026-10-04,2026-10-04T20:25:00Z,Seattle Seahawks,Los Angeles Chargers,alternate_spread,,away,4.5,142,fanduel,0.5289278440842533,0.1157047035883855,,,selection: cleared select()'s bars — backfilled 2026-10-05 from card.md; no selections ledger existed when 2026-10-04 was carded
2026-10-04,2026-10-04T20:25:00Z,San Francisco 49ers,Denver Broncos,alternate_total_points,,under,39.5,280,fanduel,0.3788345377248134,0.1156766429879713,,,selection: cleared select()'s bars — backfilled 2026-10-05 from card.md; no selections ledger existed when 2026-10-04 was carded
2026-10-04,2026-10-04T17:00:00Z,Tampa Bay Buccaneers,Green Bay Packers,alternate_spread,,home,-5.5,290,betmgm,0.3720227225550014,0.115612466144745,,,selection: cleared select()'s bars — backfilled 2026-10-05 from card.md; no selections ledger existed when 2026-10-04 was carded
2026-10-04,2026-10-04T20:25:00Z,San Francisco 49ers,Denver Broncos,alternate_total_points,,under,40.5,235,fanduel,0.4136911793846474,0.1151837166980802,,,selection: cleared select()'s bars — backfilled 2026-10-05 from card.md; no selections ledger existed when 2026-10-04 was carded
2026-10-04,2026-10-04T17:00:00Z,Buffalo Bills,New England Patriots,alternate_total_points,,under,49.0,-105,bovada,0.6273444571837373,0.1151493352325178,,,selection: cleared select()'s bars — backfilled 2026-10-05 from card.md; no selections ledger existed when 2026-10-04 was carded
2026-10-04,2026-10-04T20:25:00Z,Las Vegas Raiders,Kansas City Chiefs,alternate_team_total,,home_under,14.5,310,fanduel,0.3590501178945406,0.1151476788701504,,,selection: cleared select()'s bars — backfilled 2026-10-05 from card.md; no selections ledger existed when 2026-10-04 was carded
2026-10-04,2026-10-04T20:25:00Z,San Francisco 49ers,Denver Broncos,alternate_total_points,,under,46.5,115,bovada,0.5802040091551293,0.1150877300853618,,,selection: cleared select()'s bars — backfilled 2026-10-05 from card.md; no selections ledger existed when 2026-10-04 was carded
2026-10-04,2026-10-04T20:25:00Z,San Francisco 49ers,Denver Broncos,alternate_total_points,,under,50.5,-135,fanatics,0.6893964129578248,0.1149283278514418,,,selection: cleared select()'s bars — backfilled 2026-10-05 from card.md; no selections ledger existed when 2026-10-04 was carded
2026-10-04,2026-10-05T00:20:00Z,Carolina Panthers,Detroit Lions,alternate_spread,,away,-9.0,195,betmgm,0.4538828439791885,0.1148997931317309,,,selection: cleared select()'s bars — backfilled 2026-10-05 from card.md; no selections ledger existed when 2026-10-04 was carded
2026-10-04,2026-10-04T17:00:00Z,Buffalo Bills,New England Patriots,alternate_total_points,,under,48.5,100,bovada,0.6146563613687517,0.1146563613687516,,,selection: cleared select()'s bars — backfilled 2026-10-05 from card.md; no selections ledger existed when 2026-10-04 was carded
2026-10-04,2026-10-04T20:25:00Z,Las Vegas Raiders,Kansas City Chiefs,alternate_team_total,,away_under,18.5,430,fanduel,0.3033326175671852,0.1146533722841663,,,selection: cleared select()'s bars — backfilled 2026-10-05 from card.md; no selections ledger existed when 2026-10-04 was carded
2026-10-04,2026-10-04T17:00:00Z,Buffalo Bills,New England Patriots,alternate_total_points,,under,44.0,170,betmgm,0.4848851237068093,0.114514753336439,,,selection: cleared select()'s bars — backfilled 2026-10-05 from card.md; no selections ledger existed when 2026-10-04 was carded
2026-10-04,2026-10-04T20:25:00Z,San Francisco 49ers,Denver Broncos,alternate_spread,,home,-12.5,370,fanduel,0.3270010761787749,0.1142351187319663,,,selection: cleared select()'s bars — backfilled 2026-10-05 from card.md; no selections ledger existed when 2026-10-04 was carded
2026-10-04,2026-10-04T20:05:00Z,Minnesota Vikings,Miami Dolphins,alternate_total_points,,over,50.0,320,fanatics,0.3521495007187539,0.1140542626235158,,,selection: cleared select()'s bars — backfilled 2026-10-05 from card.md; no selections ledger existed when 2026-10-04 was carded
2026-10-04,2026-10-04T17:00:00Z,New York Giants,Arizona Cardinals,moneyline,,home,,122,betonlineag,0.564441733856877,0.1139912834064265,,,selection: cleared select()'s bars — backfilled 2026-10-05 from card.md; no selections ledger existed when 2026-10-04 was carded
2026-10-04,2026-10-04T20:25:00Z,San Francisco 49ers,Denver Broncos,alternate_total_points,,under,47.5,100,fanatics,0.6139538554347397,0.1139538554347396,,,selection: cleared select()'s bars — backfilled 2026-10-05 from card.md; no selections ledger existed when 2026-10-04 was carded
2026-10-04,2026-10-04T17:00:00Z,Buffalo Bills,New England Patriots,alternate_total_points,,under,45.5,142,fanduel,0.5271646159526275,0.1139414754567597,,,selection: cleared select()'s bars — backfilled 2026-10-05 from card.md; no selections ledger existed when 2026-10-04 was carded
2026-10-04,2026-10-04T20:25:00Z,Las Vegas Raiders,Kansas City Chiefs,alternate_team_total,,home_under,22.5,-130,draftkings,0.6790636765380743,0.1138462852337265,,,selection: cleared select()'s bars — backfilled 2026-10-05 from card.md; no selections ledger existed when 2026-10-04 was carded
2026-10-04,2026-10-05T00:20:00Z,Carolina Panthers,Detroit Lions,alternate_spread,,away,-7.5,165,betmgm,0.4910967474045942,0.1137382568385564,,,selection: cleared select()'s bars — backfilled 2026-10-05 from card.md; no selections ledger existed when 2026-10-04 was carded
2026-10-04,2026-10-04T13:30:00Z,Washington Commanders,Indianapolis Colts,alternate_team_total,,away_under,22.5,190,fanduel,0.4583184428408622,0.1134908566339656,,,selection: cleared select()'s bars — backfilled 2026-10-05 from card.md; no selections ledger existed when 2026-10-04 was carded
2026-10-04,2026-10-04T20:25:00Z,Seattle Seahawks,Los Angeles Chargers,alternate_spread,,away,-1.5,320,fanduel,0.3513788140278241,0.113283575932586,,,selection: cleared select()'s bars — backfilled 2026-10-05 from card.md; no selections ledger existed when 2026-10-04 was carded
2026-10-04,2026-10-04T20:25:00Z,Seattle Seahawks,Los Angeles Chargers,alternate_spread,,away,-4.0,500,fanatics,0.2798731902940601,0.1132065236273935,,,selection: cleared select()'s bars — backfilled 2026-10-05 from card.md; no selections ledger existed when 2026-10-04 was carded
2026-10-04,2026-10-04T17:00:00Z,Buffalo Bills,New England Patriots,alternate_total_points,,under,42.0,220,betmgm,0.4256687424107558,0.1131687424107558,,,selection: cleared select()'s bars — backfilled 2026-10-05 from card.md; no selections ledger existed when 2026-10-04 was carded
2026-10-04,2026-10-04T17:00:00Z,Philadelphia Eagles,Los Angeles Rams,alternate_team_total,,away_under,20.5,142,fanduel,0.5263198348113749,0.1130966943155071,,,selection: cleared select()'s bars — backfilled 2026-10-05 from card.md; no selections ledger existed when 2026-10-04 was carded
2026-10-04,2026-10-04T20:25:00Z,Las Vegas Raiders,Kansas City Chiefs,alternate_total_points,,under,36.0,350,fanatics,0.3352121494353088,0.1129899272130866,,,selection: cleared select()'s bars — backfilled 2026-10-05 from card.md; no selections ledger existed when 2026-10-04 was carded
2026-10-04,2026-10-04T17:00:00Z,Buffalo Bills,New England Patriots,alternate_total_points,,under,53.0,-160,fanatics,0.7281717623242261,0.1127871469396106,,,selection: cleared select()'s bars — backfilled 2026-10-05 from card.md; no selections ledger existed when 2026-10-04 was carded
2026-10-04,2026-10-04T20:25:00Z,Las Vegas Raiders,Kansas City Chiefs,alternate_team_total,,home_under,12.5,540,fanduel,0.2688506158630163,0.1126006158630163,,,selection: cleared select()'s bars — backfilled 2026-10-05 from card.md; no selections ledger existed when 2026-10-04 was carded
2026-10-04,2026-10-04T17:00:00Z,Buffalo Bills,New England Patriots,alternate_total_points,,under,41.0,250,betmgm,0.3982095035146996,0.1124952178004139,,,selection: cleared select()'s bars — backfilled 2026-10-05 from card.md; no selections ledger existed when 2026-10-04 was carded
2026-10-04,2026-10-05T00:20:00Z,Carolina Panthers,Detroit Lions,alternate_spread,,away,-10.0,220,betrivers,0.4249347610396797,0.1124347610396797,,,selection: cleared select()'s bars — backfilled 2026-10-05 from card.md; no selections ledger existed when 2026-10-04 was carded
2026-10-04,2026-10-04T20:25:00Z,San Francisco 49ers,Denver Broncos,total_points,,under,48.0,-108,betmgm,0.6316636794477684,0.112432910216999,,,selection: cleared select()'s bars — backfilled 2026-10-05 from card.md; no selections ledger existed when 2026-10-04 was carded
2026-10-04,2026-10-04T13:30:00Z,Washington Commanders,Indianapolis Colts,alternate_spread,,home,-10.5,577,draftkings,0.259943795421957,0.1122333079773484,,,selection: cleared select()'s bars — backfilled 2026-10-05 from card.md; no selections ledger existed when 2026-10-04 was carded
2026-10-04,2026-10-04T17:00:00Z,Buffalo Bills,New England Patriots,alternate_total_points,,under,43.0,195,betmgm,0.4510323201010459,0.1120492692535883,,,selection: cleared select()'s bars — backfilled 2026-10-05 from card.md; no selections ledger existed when 2026-10-04 was carded
2026-10-04,2026-10-04T20:25:00Z,San Francisco 49ers,Denver Broncos,alternate_total_points,,under,44.5,138,fanduel,0.5321565004949886,0.1119884332680978,,,selection: cleared select()'s bars — backfilled 2026-10-05 from card.md; no selections ledger existed when 2026-10-04 was carded
2026-10-04,2026-10-04T17:00:00Z,Buffalo Bills,New England Patriots,alternate_total_points,,under,40.5,265,fanduel,0.385924698860647,0.111952096120921,,,selection: cleared select()'s bars — backfilled 2026-10-05 from card.md; no selections ledger existed when 2026-10-04 was carded
2026-10-04,2026-10-04T13:30:00Z,Washington Commanders,Indianapolis Colts,alternate_team_total,,away_under,21.5,210,fanduel,0.4344745170677576,0.1118938719064673,,,selection: cleared select()'s bars — backfilled 2026-10-05 from card.md; no selections ledger existed when 2026-10-04 was carded
2026-10-04,2026-10-04T20:25:00Z,San Francisco 49ers,Denver Broncos,alternate_spread,,home,1.0,-148,betrivers,0.7085610982735161,0.1117869047251289,,,selection: cleared select()'s bars — backfilled 2026-10-05 from card.md; no selections ledger existed when 2026-10-04 was carded
2026-10-04,2026-10-04T17:00:00Z,Philadelphia Eagles,Los Angeles Rams,alternate_team_total,,away_under,23.5,-105,bovada,0.6235166682020357,0.1113215462508161,,,selection: cleared select()'s bars — backfilled 2026-10-05 from card.md; no selections ledger existed when 2026-10-04 was carded
2026-10-04,2026-10-04T20:25:00Z,San Francisco 49ers,Denver Broncos,alternate_total_points,,under,41.5,200,fanduel,0.4445953202416398,0.1112619869083065,,,selection: cleared select()'s bars — backfilled 2026-10-05 from card.md; no selections ledger existed when 2026-10-04 was carded
2026-10-04,2026-10-04T17:00:00Z,Buffalo Bills,New England Patriots,total_points,,under,49.5,-110,fanduel,0.6348814477143693,0.1110719239048454,,,selection: cleared select()'s bars — backfilled 2026-10-05 from card.md; no selections ledger existed when 2026-10-04 was carded
2026-10-04,2026-10-04T17:00:00Z,Buffalo Bills,New England Patriots,alternate_total_points,,under,49.5,-110,fanatics,0.6348814477143693,0.1110719239048454,,,selection: cleared select()'s bars — backfilled 2026-10-05 from card.md; no selections ledger existed when 2026-10-04 was carded
2026-10-04,2026-10-04T17:00:00Z,Tampa Bay Buccaneers,Green Bay Packers,alternate_total_points,,over,50.5,370,fanduel,0.3238267517857678,0.1110607943389593,,,selection: cleared select()'s bars — backfilled 2026-10-05 from card.md; no selections ledger existed when 2026-10-04 was carded
2026-10-04,2026-10-04T20:25:00Z,Seattle Seahawks,Los Angeles Chargers,alternate_spread,,away,-5.5,600,fanduel,0.2538956891906377,0.1110385463334949,,,selection: cleared select()'s bars — backfilled 2026-10-05 from card.md; no selections ledger existed when 2026-10-04 was carded
2026-10-04,2026-10-04T20:05:00Z,Minnesota Vikings,Miami Dolphins,alternate_total_points,,over,51.0,375,fanatics,0.3214533632351229,0.1109270474456492,,,selection: cleared select()'s bars — backfilled 2026-10-05 from card.md; no selections ledger existed when 2026-10-04 was carded
2026-10-04,2026-10-04T17:00:00Z,New York Giants,Arizona Cardinals,alternate_spread,,home,2.0,-104,betrivers,0.6203599545743246,0.1105560330056971,,,selection: cleared select()'s bars — backfilled 2026-10-05 from card.md; no selections ledger existed when 2026-10-04 was carded
2026-10-04,2026-10-05T00:20:00Z,Carolina Panthers,Detroit Lions,alternate_spread,,away,-9.5,200,fanduel,0.443822256515905,0.1104889231825717,,,selection: cleared select()'s bars — backfilled 2026-10-05 from card.md; no selections ledger existed when 2026-10-04 was carded
2026-10-04,2026-10-04T17:00:00Z,Buffalo Bills,New England Patriots,total_points,,under,49.0,-107,lowvig,0.6273444571837373,0.1104362446233508,,,selection: cleared select()'s bars — backfilled 2026-10-05 from card.md; no selections ledger existed when 2026-10-04 was carded
2026-10-04,2026-10-04T17:00:00Z,New York Giants,Arizona Cardinals,alternate_spread,,home,-11.0,600,fanatics,0.2529121721250069,0.110055029267864,,,selection: cleared select()'s bars — backfilled 2026-10-05 from card.md; no selections ledger existed when 2026-10-04 was carded
2026-10-04,2026-10-04T20:25:00Z,Las Vegas Raiders,Kansas City Chiefs,alternate_team_total,,home_under,13.5,370,fanduel,0.3227487692588318,0.1099828118120233,,,selection: cleared select()'s bars — backfilled 2026-10-05 from card.md; no selections ledger existed when 2026-10-04 was carded
2026-10-04,2026-10-04T13:30:00Z,Washington Commanders,Indianapolis Colts,alternate_team_total,,away_under,20.5,240,fanduel,0.4036906760335832,0.1095730289747596,,,selection: cleared select()'s bars — backfilled 2026-10-05 from card.md; no selections ledger existed when 2026-10-04 was carded
2026-10-04,2026-10-04T20:25:00Z,Las Vegas Raiders,Kansas City Chiefs,alternate_team_total,,away_under,17.5,450,fanduel,0.2912537886997136,0.1094356068815317,,,selection: cleared select()'s bars — backfilled 2026-10-05 from card.md; no selections ledger existed when 2026-10-04 was carded
2026-10-04,2026-10-04T17:00:00Z,Buffalo Bills,New England Patriots,alternate_total_points,,under,51.0,-135,fanatics,0.683832072538041,0.1093639874316579,,,selection: cleared select()'s bars — backfilled 2026-10-05 from card.md; no selections ledger existed when 2026-10-04 was carded
2026-10-04,2026-10-04T17:00:00Z,New York Giants,Arizona Cardinals,alternate_spread,,home,2.5,-108,betrivers,0.6285715663232511,0.1093407970924817,,,selection: cleared select()'s bars — backfilled 2026-10-05 from card.md; no selections ledger existed when 2026-10-04 was carded
2026-10-04,2026-10-04T20:25:00Z,San Francisco 49ers,Denver Broncos,alternate_total_points,,under,45.5,124,fanduel,0.5555632702716047,0.1091346988430332,,,selection: cleared select()'s bars — backfilled 2026-10-05 from card.md; no selections ledger existed when 2026-10-04 was carded
2026-10-04,2026-10-04T20:25:00Z,Seattle Seahawks,Los Angeles Chargers,alternate_spread,,away,0.0,255,betrivers,0.3908212594731713,0.1091311186281008,,,selection: cleared select()'s bars — backfilled 2026-10-05 from card.md; no selections ledger existed when 2026-10-04 was carded
2026-10-04,2026-10-04T20:25:00Z,San Francisco 49ers,Denver Broncos,alternate_spread,,home,-13.5,420,fanduel,0.301394827099231,0.1090871347915386,,,selection: cleared select()'s bars — backfilled 2026-10-05 from card.md; no selections ledger existed when 2026-10-04 was carded
2026-10-04,2026-10-04T17:00:00Z,Philadelphia Eagles,Los Angeles Rams,alternate_team_total,,away_under,18.5,235,fanduel,0.4075326405119121,0.1090251778253449,,,selection: cleared select()'s bars — backfilled 2026-10-05 from card.md; no selections ledger existed when 2026-10-04 was carded
2026-10-04,2026-10-04T20:25:00Z,Las Vegas Raiders,Kansas City Chiefs,alternate_total_points,,under,35.0,390,fanatics,0.3130720759314745,0.1089904432784132,,,selection: cleared select()'s bars — backfilled 2026-10-05 from card.md; no selections ledger existed when 2026-10-04 was carded
2026-10-04,2026-10-04T17:00:00Z,Philadelphia Eagles,Los Angeles Rams,alternate_team_total,,away_under,19.5,200,fanduel,0.4421087265961798,0.1087753932628465,,,selection: cleared select()'s bars — backfilled 2026-10-05 from card.md; no selections ledger existed when 2026-10-04 was carded
2026-10-04,2026-10-04T20:25:00Z,San Francisco 49ers,Denver Broncos,alternate_total_points,,under,43.5,158,fanduel,0.4961783219181129,0.1085814226933066,,,selection: cleared select()'s bars — backfilled 2026-10-05 from card.md; no selections ledger existed when 2026-10-04 was carded
2026-10-04,2026-10-04T20:25:00Z,Seattle Seahawks,Los Angeles Chargers,alternate_spread,,away,-2.5,350,fanduel,0.3305986784931253,0.1083764562709031,,,selection: cleared select()'s bars — backfilled 2026-10-05 from card.md; no selections ledger existed when 2026-10-04 was carded
2026-10-04,2026-10-04T17:00:00Z,Philadelphia Eagles,Los Angeles Rams,alternate_team_total,,away_under,17.5,250,fanduel,0.3939191123451764,0.1082048266308907,,,selection: cleared select()'s bars — backfilled 2026-10-05 from card.md; no selections ledger existed when 2026-10-04 was carded
2026-10-04,2026-10-04T20:25:00Z,Las Vegas Raiders,Kansas City Chiefs,alternate_team_total,,home_under,11.5,600,draftkings,0.2509111549236789,0.108054012066536,,,selection: cleared select()'s bars — backfilled 2026-10-05 from card.md; no selections ledger existed when 2026-10-04 was carded
2026-10-04,2026-10-05T00:20:00Z,Carolina Panthers,Detroit Lions,alternate_spread,,away,-10.5,230,fanduel,0.4109781647562072,0.1079478617259042,,,selection: cleared select()'s bars — backfilled 2026-10-05 from card.md; no selections ledger existed when 2026-10-04 was carded
2026-10-04,2026-10-04T17:00:00Z,Buffalo Bills,New England Patriots,alternate_total_points,,under,39.5,310,fanduel,0.351770848515142,0.1078684094907517,,,selection: cleared select()'s bars — backfilled 2026-10-05 from card.md; no selections ledger existed when 2026-10-04 was carded
2026-10-04,2026-10-04T17:00:00Z,Buffalo Bills,New England Patriots,alternate_total_points,,under,40.0,290,betmgm,0.3642100231397914,0.107799766729535,,,selection: cleared select()'s bars — backfilled 2026-10-05 from card.md; no selections ledger existed when 2026-10-04 was carded
2026-10-04,2026-10-04T17:00:00Z,Buffalo Bills,New England Patriots,alternate_total_points,,under,45.0,145,betmgm,0.5157382801983202,0.1075750148921977,,,selection: cleared select()'s bars — backfilled 2026-10-05 from card.md; no selections ledger existed when 2026-10-04 was carded
2026-10-04,2026-10-04T20:25:00Z,San Francisco 49ers,Denver Broncos,alternate_spread,,home,1.5,-155,betrivers,0.7152682031978224,0.1074250659429204,,,selection: cleared select()'s bars — backfilled 2026-10-05 from card.md; no selections ledger existed when 2026-10-04 was carded
2026-10-04,2026-10-05T00:20:00Z,Carolina Panthers,Detroit Lions,alternate_spread,,away,-11.0,250,betmgm,0.392916898902293,0.1072026131880072,,,selection: cleared select()'s bars — backfilled 2026-10-05 from card.md; no selections ledger existed when 2026-10-04 was carded
2026-10-04,2026-10-04T20:25:00Z,San Francisco 49ers,Denver Broncos,alternate_spread,,home,0.5,-141,betrivers,0.6922544432482303,0.1071922025843298,,,selection: cleared select()'s bars — backfilled 2026-10-05 from card.md; no selections ledger existed when 2026-10-04 was carded
2026-10-04,2026-10-04T17:00:00Z,Tampa Bay Buccaneers,Green Bay Packers,alternate_team_total,,home_over,28.5,540,fanduel,0.2632192543482943,0.1069692543482943,,,selection: cleared select()'s bars — backfilled 2026-10-05 from card.md; no selections ledger existed when 2026-10-04 was carded
2026-10-04,2026-10-04T17:00:00Z,Buffalo Bills,New England Patriots,alternate_total_points,,under,39.0,333,betmgm,0.3370599202638608,0.1061130380467707,,,selection: cleared select()'s bars — backfilled 2026-10-05 from card.md; no selections ledger existed when 2026-10-04 was carded
2026-10-04,2026-10-04T17:00:00Z,Buffalo Bills,New England Patriots,alternate_total_points,,under,52.5,-155,fanatics,0.7135570985390601,0.1057139612841582,,,selection: cleared select()'s bars — backfilled 2026-10-05 from card.md; no selections ledger existed when 2026-10-04 was carded
2026-10-04,2026-10-04T20:25:00Z,San Francisco 49ers,Denver Broncos,alternate_total_points,,under,38.5,300,fanduel,0.3555043258211238,0.1055043258211237,,,selection: cleared select()'s bars — backfilled 2026-10-05 from card.md; no selections ledger existed when 2026-10-04 was carded
2026-10-04,2026-10-04T17:00:00Z,Buffalo Bills,New England Patriots,alternate_total_points,,under,46.0,130,betmgm,0.5402786666199373,0.1054960579242851,,,selection: cleared select()'s bars — backfilled 2026-10-05 from card.md; no selections ledger existed when 2026-10-04 was carded
2026-10-04,2026-10-04T17:00:00Z,Cincinnati Bengals,Jacksonville Jaguars,alternate_team_total,,home_under,22.5,220,betmgm,0.4179066278930952,0.1054066278930951,,,selection: cleared select()'s bars — backfilled 2026-10-05 from card.md; no selections ledger existed when 2026-10-04 was carded
2026-10-04,2026-10-04T17:00:00Z,Tampa Bay Buccaneers,Green Bay Packers,alternate_total_points,,over,51.5,430,fanduel,0.2939754296442576,0.1052961843612387,,,selection: cleared select()'s bars — backfilled 2026-10-05 from card.md; no selections ledger existed when 2026-10-04 was carded
2026-10-04,2026-10-04T20:25:00Z,San Francisco 49ers,Denver Broncos,alternate_spread,,home,-13.0,390,fanatics,0.3093152299206762,0.105233597267615,,,selection: cleared select()'s bars — backfilled 2026-10-05 from card.md; no selections ledger existed when 2026-10-04 was carded
2026-10-04,2026-10-04T20:25:00Z,Seattle Seahawks,Los Angeles Chargers,alternate_spread,,away,-5.0,550,fanatics,0.2585723757583091,0.1047262219121553,,,selection: cleared select()'s bars — backfilled 2026-10-05 from card.md; no selections ledger existed when 2026-10-04 was carded
2026-10-04,2026-10-04T20:25:00Z,Seattle Seahawks,Los Angeles Chargers,alternate_spread,,away,4.0,145,betrivers,0.5128822500352067,0.1047189847290842,,,selection: cleared select()'s bars — backfilled 2026-10-05 from card.md; no selections ledger existed when 2026-10-04 was carded
2026-10-04,2026-10-04T17:00:00Z,Philadelphia Eagles,Los Angeles Rams,team_total,,away_under,23.5,-108,betmgm,0.6235166682020357,0.1042858989712663,,,selection: cleared select()'s bars — backfilled 2026-10-05 from card.md; no selections ledger existed when 2026-10-04 was carded
2026-10-04,2026-10-04T20:25:00Z,Seattle Seahawks,Los Angeles Chargers,alternate_spread,,away,-1.0,290,betmgm,0.3603765973181649,0.1039663409079085,,,selection: cleared select()'s bars — backfilled 2026-10-05 from card.md; no selections ledger existed when 2026-10-04 was carded
2026-10-04,2026-10-04T17:00:00Z,Buffalo Bills,New England Patriots,alternate_total_points,,under,37.5,390,fanduel,0.3077011956494018,0.1036195629963405,,,selection: cleared select()'s bars — backfilled 2026-10-05 from card.md; no selections ledger existed when 2026-10-04 was carded
2026-10-04,2026-10-04T17:00:00Z,New York Giants,Arizona Cardinals,alternate_spread,,home,-11.5,600,fanatics,0.2464330353569157,0.1035758924997728,,,selection: cleared select()'s bars — backfilled 2026-10-05 from card.md; no selections ledger existed when 2026-10-04 was carded
2026-10-04,2026-10-04T20:25:00Z,San Francisco 49ers,Denver Broncos,alternate_total_points,,under,51.5,-160,fanatics,0.7188534804779689,0.1034688650933535,,,selection: cleared select()'s bars — backfilled 2026-10-05 from card.md; no selections ledger existed when 2026-10-04 was carded
2026-10-04,2026-10-05T00:20:00Z,Carolina Panthers,Detroit Lions,alternate_spread,,away,-11.5,260,betmgm,0.3812272693330658,0.1034494915552879,,,selection: cleared select()'s bars — backfilled 2026-10-05 from card.md; no selections ledger existed when 2026-10-04 was carded
2026-10-04,2026-10-04T17:00:00Z,Cincinnati Bengals,Jacksonville Jaguars,alternate_total_points,,under,55.0,-145,fanatics,0.6950592615296413,0.1032225268357637,,,selection: cleared select()'s bars — backfilled 2026-10-05 from card.md; no selections ledger existed when 2026-10-04 was carded
2026-10-04,2026-10-04T20:25:00Z,San Francisco 49ers,Denver Broncos,alternate_total_points,,under,43.0,165,fanatics,0.4805184855250679,0.1031599949590301,,,selection: cleared select()'s bars — backfilled 2026-10-05 from card.md; no selections ledger existed when 2026-10-04 was carded
2026-10-04,2026-10-04T20:25:00Z,San Francisco 49ers,Denver Broncos,alternate_spread,,home,-14.5,500,fanduel,0.2694861780074676,0.1028195113408009,,,selection: cleared select()'s bars — backfilled 2026-10-05 from card.md; no selections ledger existed when 2026-10-04 was carded
2026-10-04,2026-10-04T17:00:00Z,Tampa Bay Buccaneers,Green Bay Packers,alternate_team_total,,home_over,29.5,600,fanduel,0.2452880125868869,0.1024308697297441,,,selection: cleared select()'s bars — backfilled 2026-10-05 from card.md; no selections ledger existed when 2026-10-04 was carded
2026-10-04,2026-10-04T20:25:00Z,Seattle Seahawks,Los Angeles Chargers,alternate_spread,,away,-0.5,265,fanatics,0.3763465376738659,0.1023739349341398,,,selection: cleared select()'s bars — backfilled 2026-10-05 from card.md; no selections ledger existed when 2026-10-04 was carded
2026-10-04,2026-10-04T17:00:00Z,Buffalo Bills,New England Patriots,alternate_total_points,,under,38.5,340,fanduel,0.3295804142648303,0.1023076869921031,,,selection: cleared select()'s bars — backfilled 2026-10-05 from card.md; no selections ledger existed when 2026-10-04 was carded
2026-10-04,2026-10-04T20:25:00Z,Seattle Seahawks,Los Angeles Chargers,alternate_spread,,away,5.0,128,betrivers,0.54080857356678,0.1022120823387098,,,selection: cleared select()'s bars — backfilled 2026-10-05 from card.md; no selections ledger existed when 2026-10-04 was carded
2026-10-04,2026-10-04T17:00:00Z,New York Giants,Arizona Cardinals,alternate_spread,,home,0.0,116,betrivers,0.564975780859734,0.102012817896771,,,selection: cleared select()'s bars — backfilled 2026-10-05 from card.md; no selections ledger existed when 2026-10-04 was carded
2026-10-04,2026-10-04T17:00:00Z,Cincinnati Bengals,Jacksonville Jaguars,alternate_team_total,,home_under,20.5,280,betmgm,0.3648639845889238,0.1017060898520817,,,selection: cleared select()'s bars — backfilled 2026-10-05 from card.md; no selections ledger existed when 2026-10-04 was carded
2026-10-04,2026-10-04T17:00:00Z,Buffalo Bills,New England Patriots,alternate_total_points,,under,51.5,-145,fanatics,0.6935365244273209,0.1016997897334434,,,selection: cleared select()'s bars — backfilled 2026-10-05 from card.md; no selections ledger existed when 2026-10-04 was carded
2026-10-04,2026-10-04T17:00:00Z,Tampa Bay Buccaneers,Green Bay Packers,spread,,home,3.0,-105,betus,0.6138744556428476,0.101679333691628,,,selection: cleared select()'s bars — backfilled 2026-10-05 from card.md; no selections ledger existed when 2026-10-04 was carded
2026-10-04,2026-10-04T17:00:00Z,Buffalo Bills,New England Patriots,spread,,home,-7.0,106,lowvig,0.586874191636685,0.1014372984328014,,,selection: cleared select()'s bars — backfilled 2026-10-05 from card.md; no selections ledger existed when 2026-10-04 was carded
2026-10-04,2026-10-04T20:05:00Z,Minnesota Vikings,Miami Dolphins,alternate_total_points,,over,52.0,410,fanatics,0.2974924371304285,0.1014140057578795,,,selection: cleared select()'s bars — backfilled 2026-10-05 from card.md; no selections ledger existed when 2026-10-04 was carded
2026-10-04,2026-10-04T20:25:00Z,Seattle Seahawks,Los Angeles Chargers,team_total,,away_over,17.5,110,williamhill_us,0.5775424587631816,0.1013519825727053,,,selection: cleared select()'s bars — backfilled 2026-10-05 from card.md; no selections ledger existed when 2026-10-04 was carded
2026-10-04,2026-10-04T20:25:00Z,Seattle Seahawks,Los Angeles Chargers,alternate_spread,,away,6.0,115,bovada,0.5663699181736835,0.1012536391039161,,,selection: cleared select()'s bars — backfilled 2026-10-05 from card.md; no selections ledger existed when 2026-10-04 was carded
2026-10-04,2026-10-04T20:25:00Z,Las Vegas Raiders,Kansas City Chiefs,alternate_team_total,,home_under,23.5,-160,betmgm,0.7165403479804294,0.101155732595814,,,selection: cleared select()'s bars — backfilled 2026-10-05 from card.md; no selections ledger existed when 2026-10-04 was carded
2026-10-04,2026-10-04T20:25:00Z,Las Vegas Raiders,Kansas City Chiefs,alternate_team_total,,away_under,28.5,-155,draftkings,0.7086947980704892,0.1008516608155872,,,selection: cleared select()'s bars — backfilled 2026-10-05 from card.md; no selections ledger existed when 2026-10-04 was carded
2026-10-04,2026-10-05T00:20:00Z,Carolina Panthers,Detroit Lions,alternate_spread,,away,-7.0,145,betrivers,0.5089868578950412,0.1008235925889187,,,selection: cleared select()'s bars — backfilled 2026-10-05 from card.md; no selections ledger existed when 2026-10-04 was carded
2026-10-04,2026-10-04T20:25:00Z,San Francisco 49ers,Denver Broncos,alternate_total_points,,under,37.5,330,fanduel,0.3331255521034912,0.1005674125686075,,,selection: cleared select()'s bars — backfilled 2026-10-05 from card.md; no selections ledger existed when 2026-10-04 was carded
2026-10-04,2026-10-04T17:00:00Z,Cincinnati Bengals,Jacksonville Jaguars,alternate_team_total,,home_under,21.5,240,betmgm,0.3946200680453511,0.1005024209865275,,,selection: cleared select()'s bars — backfilled 2026-10-05 from card.md; no selections ledger existed when 2026-10-04 was carded
2026-10-04,2026-10-04T20:25:00Z,San Francisco 49ers,Denver Broncos,alternate_total_points,,under,45.0,125,fanatics,0.5449111093809901,0.1004666649365456,,,selection: cleared select()'s bars — backfilled 2026-10-05 from card.md; no selections ledger existed when 2026-10-04 was carded
2026-10-04,2026-10-04T17:00:00Z,Cincinnati Bengals,Jacksonville Jaguars,alternate_total_points,,under,56.0,-160,fanatics,0.7156725055917526,0.1002878902071371,,,selection: cleared select()'s bars — backfilled 2026-10-05 from card.md; no selections ledger existed when 2026-10-04 was carded
2026-10-04,2026-10-04T17:00:00Z,Buffalo Bills,New England Patriots,alternate_total_points,,under,52.0,-155,fanatics,0.7077051886050507,0.0998620513501488,,,selection: cleared select()'s bars — backfilled 2026-10-05 from card.md; no selections ledger existed when 2026-10-04 was carded
2026-10-04,2026-10-04T20:25:00Z,San Francisco 49ers,Denver Broncos,alternate_spread,,home,0.0,-139,betrivers,0.6812335424909223,0.0996435843319264,,,selection: cleared select()'s bars — backfilled 2026-10-05 from card.md; no selections ledger existed when 2026-10-04 was carded
2026-10-04,2026-10-04T17:00:00Z,Tampa Bay Buccaneers,Green Bay Packers,alternate_total_points,,over,52.5,472,draftkings,0.2743834116534491,0.0995582368282743,,,selection: cleared select()'s bars — backfilled 2026-10-05 from card.md; no selections ledger existed when 2026-10-04 was carded
2026-10-04,2026-10-04T20:25:00Z,Seattle Seahawks,Los Angeles Chargers,alternate_spread,,away,-2.0,320,betmgm,0.3376143504540191,0.099519112358781,,,selection: cleared select()'s bars — backfilled 2026-10-05 from card.md; no selections ledger existed when 2026-10-04 was carded
2026-10-04,2026-10-04T20:25:00Z,San Francisco 49ers,Denver Broncos,total_points,,under,47.5,-106,fanduel,0.6139538554347397,0.0993907486386231,,,selection: cleared select()'s bars — backfilled 2026-10-05 from card.md; no selections ledger existed when 2026-10-04 was carded
2026-10-04,2026-10-04T17:00:00Z,Tampa Bay Buccaneers,Green Bay Packers,alternate_spread,,home,3.0,-106,betrivers,0.6138744556428476,0.0993113488467311,,,selection: cleared select()'s bars — backfilled 2026-10-05 from card.md; no selections ledger existed when 2026-10-04 was carded
2026-10-04,2026-10-04T17:00:00Z,Cincinnati Bengals,Jacksonville Jaguars,total_points,,under,52.0,-107,lowvig,0.6158078680347131,0.0988996554743266,,,selection: cleared select()'s bars — backfilled 2026-10-05 from card.md; no selections ledger existed when 2026-10-04 was carded
2026-10-04,2026-10-04T20:25:00Z,San Francisco 49ers,Denver Broncos,alternate_total_points,,under,36.5,400,fanduel,0.2987601869817899,0.0987601869817899,,,selection: cleared select()'s bars — backfilled 2026-10-05 from card.md; no selections ledger existed when 2026-10-04 was carded
2026-10-04,2026-10-04T17:00:00Z,Cincinnati Bengals,Jacksonville Jaguars,alternate_total_points,,under,43.0,290,betmgm,0.3547381319973443,0.0983278755870879,,,selection: cleared select()'s bars — backfilled 2026-10-05 from card.md; no selections ledger existed when 2026-10-04 was carded
2026-10-04,2026-10-04T17:00:00Z,Buffalo Bills,New England Patriots,alternate_spread,,home,-8.5,126,fanduel,0.5406523152556527,0.098174439149458,,,selection: cleared select()'s bars — backfilled 2026-10-05 from card.md; no selections ledger existed when 2026-10-04 was carded
2026-10-04,2026-10-04T20:25:00Z,San Francisco 49ers,Denver Broncos,spread,,home,-3.0,100,draftkings,0.5981620799748667,0.0981620799748667,,,selection: cleared select()'s bars — backfilled 2026-10-05 from card.md; no selections ledger existed when 2026-10-04 was carded
2026-10-04,2026-10-04T20:25:00Z,San Francisco 49ers,Denver Broncos,alternate_spread,,home,-3.0,100,betrivers,0.5981620799748667,0.0981620799748667,,,selection: cleared select()'s bars — backfilled 2026-10-05 from card.md; no selections ledger existed when 2026-10-04 was carded
2026-10-04,2026-10-05T00:20:00Z,Carolina Panthers,Detroit Lions,alternate_spread,,away,-12.0,270,betmgm,0.3683735649175541,0.0981032946472838,,,selection: cleared select()'s bars — backfilled 2026-10-05 from card.md; no selections ledger existed when 2026-10-04 was carded
2026-10-04,2026-10-04T20:25:00Z,San Francisco 49ers,Denver Broncos,alternate_total_points,,under,44.0,140,fanatics,0.5146961519871368,0.0980294853204701,,,selection: cleared select()'s bars — backfilled 2026-10-05 from card.md; no selections ledger existed when 2026-10-04 was carded
2026-10-04,2026-10-04T17:00:00Z,Buffalo Bills,New England Patriots,alternate_spread,,home,-10.5,160,betrivers,0.4821008140385333,0.0974854294231486,,,selection: cleared select()'s bars — backfilled 2026-10-05 from card.md; no selections ledger existed when 2026-10-04 was carded
2026-10-04,2026-10-04T20:25:00Z,Seattle Seahawks,Los Angeles Chargers,alternate_spread,,away,6.5,108,fanduel,0.5782169918952328,0.097447761126002,,,selection: cleared select()'s bars — backfilled 2026-10-05 from card.md; no selections ledger existed when 2026-10-04 was carded
2026-10-04,2026-10-04T20:25:00Z,Las Vegas Raiders,Kansas City Chiefs,alternate_team_total,,away_under,27.5,-140,draftkings,0.6807613099403882,0.0974279766070548,,,selection: cleared select()'s bars — backfilled 2026-10-05 from card.md; no selections ledger existed when 2026-10-04 was carded
2026-10-04,2026-10-04T20:25:00Z,Las Vegas Raiders,Kansas City Chiefs,alternate_total_points,,under,34.0,430,fanatics,0.2859223881758335,0.0972431428928146,,,selection: cleared select()'s bars — backfilled 2026-10-05 from card.md; no selections ledger existed when 2026-10-04 was carded
2026-10-04,2026-10-04T20:25:00Z,San Francisco 49ers,Denver Broncos,alternate_total_points,,under,42.0,180,fanatics,0.454335303392518,0.0971924462496608,,,selection: cleared select()'s bars — backfilled 2026-10-05 from card.md; no selections ledger existed when 2026-10-04 was carded
2026-10-04,2026-10-04T17:00:00Z,Buffalo Bills,New England Patriots,alternate_spread,,home,-10.0,148,betrivers,0.4999708146000308,0.0967450081484179,,,selection: cleared select()'s bars — backfilled 2026-10-05 from card.md; no selections ledger existed when 2026-10-04 was carded
2026-10-04,2026-10-04T17:00:00Z,Tampa Bay Buccaneers,Green Bay Packers,alternate_spread,,home,0.0,132,betrivers,0.5276813266614722,0.0966468439028515,,,selection: cleared select()'s bars — backfilled 2026-10-05 from card.md; no selections ledger existed when 2026-10-04 was carded
2026-10-04,2026-10-04T20:25:00Z,San Francisco 49ers,Denver Broncos,alternate_spread,,home,-14.0,450,fanatics,0.2783685421366931,0.0965503603185113,,,selection: cleared select()'s bars — backfilled 2026-10-05 from card.md; no selections ledger existed when 2026-10-04 was carded
2026-10-04,2026-10-04T17:00:00Z,Philadelphia Eagles,Los Angeles Rams,alternate_team_total,,away_under,15.5,430,fanduel,0.28513107247617,0.0964518271931511,,,selection: cleared select()'s bars — backfilled 2026-10-05 from card.md; no selections ledger existed when 2026-10-04 was carded
2026-10-04,2026-10-04T17:00:00Z,Cincinnati Bengals,Jacksonville Jaguars,alternate_team_total,,home_under,23.5,175,betmgm,0.459546870505038,0.0959105068686744,,,selection: cleared select()'s bars — backfilled 2026-10-05 from card.md; no selections ledger existed when 2026-10-04 was carded
2026-10-04,2026-10-04T17:00:00Z,Buffalo Bills,New England Patriots,alternate_spread,,home,-8.0,118,betrivers,0.5544614421703992,0.0957458458401239,,,selection: cleared select()'s bars — backfilled 2026-10-05 from card.md; no selections ledger existed when 2026-10-04 was carded
2026-10-04,2026-10-04T17:00:00Z,New York Giants,Arizona Cardinals,alternate_spread,,home,3.0,-124,betrivers,0.6490509439110216,0.0954795153395929,,,selection: cleared select()'s bars — backfilled 2026-10-05 from card.md; no selections ledger existed when 2026-10-04 was carded
2026-10-04,2026-10-04T17:00:00Z,Tampa Bay Buccaneers,Green Bay Packers,alternate_total_points,,over,53.5,530,draftkings,0.2540326481725014,0.0953024894423426,,,selection: cleared select()'s bars — backfilled 2026-10-05 from card.md; no selections ledger existed when 2026-10-04 was carded
2026-10-04,2026-10-04T17:00:00Z,Buffalo Bills,New England Patriots,alternate_spread,,home,-9.0,130,betrivers,0.5299303009758206,0.0951476922801684,,,selection: cleared select()'s bars — backfilled 2026-10-05 from card.md; no selections ledger existed when 2026-10-04 was carded
2026-10-04,2026-10-04T17:00:00Z,Buffalo Bills,New England Patriots,alternate_spread,,home,-11.0,170,betrivers,0.4653722648020935,0.0950018944317231,,,selection: cleared select()'s bars — backfilled 2026-10-05 from card.md; no selections ledger existed when 2026-10-04 was carded
2026-10-04,2026-10-04T17:00:00Z,Philadelphia Eagles,Los Angeles Rams,alternate_team_total,,away_under,16.5,330,fanduel,0.3274766642893015,0.0949185247544178,,,selection: cleared select()'s bars — backfilled 2026-10-05 from card.md; no selections ledger existed when 2026-10-04 was carded
2026-10-04,2026-10-04T17:00:00Z,Cincinnati Bengals,Jacksonville Jaguars,alternate_total_points,,under,54.5,-140,fanatics,0.6781415567313942,0.0948082233980608,,,selection: cleared select()'s bars — backfilled 2026-10-05 from card.md; no selections ledger existed when 2026-10-04 was carded
2026-10-04,2026-10-04T17:00:00Z,Cincinnati Bengals,Jacksonville Jaguars,alternate_total_points,,under,42.5,300,betmgm,0.3447151511985084,0.0947151511985083,,,selection: cleared select()'s bars — backfilled 2026-10-05 from card.md; no selections ledger existed when 2026-10-04 was carded
2026-10-04,2026-10-04T17:00:00Z,Houston Texans,Dallas Cowboys,alternate_spread,,away,-7.0,380,betrivers,0.3030282641021524,0.094694930768819,,,selection: cleared select()'s bars — backfilled 2026-10-05 from card.md; no selections ledger existed when 2026-10-04 was carded
2026-10-04,2026-10-04T17:00:00Z,Cincinnati Bengals,Jacksonville Jaguars,alternate_total_points,,under,55.5,-155,fanatics,0.7024815025958889,0.094638365340987,,,selection: cleared select()'s bars — backfilled 2026-10-05 from card.md; no selections ledger existed when 2026-10-04 was carded
2026-10-04,2026-10-04T20:05:00Z,Minnesota Vikings,Miami Dolphins,alternate_total_points,,over,53.0,450,fanatics,0.27641459621162,0.0945964143934381,,,selection: cleared select()'s bars — backfilled 2026-10-05 from card.md; no selections ledger existed when 2026-10-04 was carded
2026-10-04,2026-10-04T17:00:00Z,Cincinnati Bengals,Jacksonville Jaguars,alternate_total_points,,under,44.5,220,betmgm,0.4070087277935494,0.0945087277935494,,,selection: cleared select()'s bars — backfilled 2026-10-05 from card.md; no selections ledger existed when 2026-10-04 was carded
2026-10-04,2026-10-05T00:20:00Z,Carolina Panthers,Detroit Lions,alternate_spread,,away,-13.0,300,betmgm,0.3444431834480976,0.0944431834480976,,,selection: cleared select()'s bars — backfilled 2026-10-05 from card.md; no selections ledger existed when 2026-10-04 was carded
2026-10-04,2026-10-04T17:00:00Z,Tampa Bay Buccaneers,Green Bay Packers,alternate_spread,,home,-1.0,150,fanatics,0.4943333354855102,0.0943333354855101,,,selection: cleared select()'s bars — backfilled 2026-10-05 from card.md; no selections ledger existed when 2026-10-04 was carded
2026-10-04,2026-10-04T20:25:00Z,Seattle Seahawks,Los Angeles Chargers,alternate_team_total,,home_under,22.5,172,fanduel,0.4616671511104113,0.0940200922868819,,,selection: cleared select()'s bars — backfilled 2026-10-05 from card.md; no selections ledger existed when 2026-10-04 was carded
2026-10-04,2026-10-04T13:30:00Z,Washington Commanders,Indianapolis Colts,alternate_team_total,,away_under,23.5,146,fanduel,0.5005183081842295,0.094014243143579,,,selection: cleared select()'s bars — backfilled 2026-10-05 from card.md; no selections ledger existed when 2026-10-04 was carded
2026-10-04,2026-10-04T20:25:00Z,Seattle Seahawks,Los Angeles Chargers,alternate_team_total,,away_over,19.5,130,draftkings,0.5287313651074609,0.0939487564118087,,,selection: cleared select()'s bars — backfilled 2026-10-05 from card.md; no selections ledger existed when 2026-10-04 was carded
2026-10-04,2026-10-04T17:00:00Z,Cincinnati Bengals,Jacksonville Jaguars,alternate_total_points,,under,45.0,210,betmgm,0.4164815543398491,0.0939009091785588,,,selection: cleared select()'s bars — backfilled 2026-10-05 from card.md; no selections ledger existed when 2026-10-04 was carded
2026-10-04,2026-10-04T20:25:00Z,San Francisco 49ers,Denver Broncos,alternate_spread,,home,-15.5,540,fanduel,0.2500090773047021,0.0937590773047021,,,selection: cleared select()'s bars — backfilled 2026-10-05 from card.md; no selections ledger existed when 2026-10-04 was carded
2026-10-04,2026-10-05T00:20:00Z,Carolina Panthers,Detroit Lions,alternate_team_total,,home_under,23.5,-102,betmgm,0.5985801947739646,0.0936296997244596,,,selection: cleared select()'s bars — backfilled 2026-10-05 from card.md; no selections ledger existed when 2026-10-04 was carded
2026-10-04,2026-10-05T00:20:00Z,Carolina Panthers,Detroit Lions,team_total,,home_under,23.5,-102,betmgm,0.5985801947739646,0.0936296997244596,,,selection: cleared select()'s bars — backfilled 2026-10-05 from card.md; no selections ledger existed when 2026-10-04 was carded
2026-10-04,2026-10-04T17:00:00Z,Cincinnati Bengals,Jacksonville Jaguars,alternate_total_points,,under,53.0,-120,fanatics,0.6390587722498097,0.0936042267952642,,,selection: cleared select()'s bars — backfilled 2026-10-05 from card.md; no selections ledger existed when 2026-10-04 was carded
2026-10-04,2026-10-04T20:25:00Z,San Francisco 49ers,Denver Broncos,alternate_total_points,,under,41.0,200,fanatics,0.4268836518922735,0.0935503185589402,,,selection: cleared select()'s bars — backfilled 2026-10-05 from card.md; no selections ledger existed when 2026-10-04 was carded
2026-10-04,2026-10-04T17:00:00Z,Cincinnati Bengals,Jacksonville Jaguars,alternate_total_points,,under,46.0,188,betmgm,0.4407387796715376,0.0935165574493154,,,selection: cleared select()'s bars — backfilled 2026-10-05 from card.md; no selections ledger existed when 2026-10-04 was carded
2026-10-04,2026-10-04T17:00:00Z,Cincinnati Bengals,Jacksonville Jaguars,alternate_total_points,,under,47.0,165,betmgm,0.4708427823922326,0.0934842918261948,,,selection: cleared select()'s bars — backfilled 2026-10-05 from card.md; no selections ledger existed when 2026-10-04 was carded
2026-10-04,2026-10-04T17:00:00Z,Cincinnati Bengals,Jacksonville Jaguars,alternate_total_points,,under,54.0,-135,fanatics,0.6679459103453662,0.0934778252389831,,,selection: cleared select()'s bars — backfilled 2026-10-05 from card.md; no selections ledger existed when 2026-10-04 was carded
2026-10-04,2026-10-04T17:00:00Z,Cincinnati Bengals,Jacksonville Jaguars,alternate_total_points,,under,42.0,320,betmgm,0.3315424296261097,0.0934471915308716,,,selection: cleared select()'s bars — backfilled 2026-10-05 from card.md; no selections ledger existed when 2026-10-04 was carded
2026-10-04,2026-10-04T17:00:00Z,Houston Texans,Dallas Cowboys,alternate_spread,,away,-7.5,400,fanduel,0.2933993985269811,0.093399398526981,,,selection: cleared select()'s bars — backfilled 2026-10-05 from card.md; no selections ledger existed when 2026-10-04 was carded
2026-10-04,2026-10-04T17:00:00Z,Houston Texans,Dallas Cowboys,alternate_spread,,away,-8.5,460,fanduel,0.2719051937762267,0.0933337652047981,,,selection: cleared select()'s bars — backfilled 2026-10-05 from card.md; no selections ledger existed when 2026-10-04 was carded
2026-10-04,2026-10-04T17:00:00Z,Buffalo Bills,New England Patriots,team_total,,away_under,21.5,-148,williamhill_us,0.6899850329418363,0.0932108393934492,,,selection: cleared select()'s bars — backfilled 2026-10-05 from card.md; no selections ledger existed when 2026-10-04 was carded
2026-10-04,2026-10-04T20:25:00Z,Seattle Seahawks,Los Angeles Chargers,alternate_team_total,,home_under,21.5,190,fanduel,0.4377880089415462,0.0929604227346496,,,selection: cleared select()'s bars — backfilled 2026-10-05 from card.md; no selections ledger existed when 2026-10-04 was carded
2026-10-04,2026-10-04T17:00:00Z,Cincinnati Bengals,Jacksonville Jaguars,alternate_team_total,,home_under,25.5,125,betmgm,0.5372363645263861,0.0927919200819417,,,selection: cleared select()'s bars — backfilled 2026-10-05 from card.md; no selections ledger existed when 2026-10-04 was carded
2026-10-04,2026-10-04T13:30:00Z,Washington Commanders,Indianapolis Colts,alternate_team_total,,away_under,19.5,330,fanduel,0.325261347824697,0.0927032082898133,,,selection: cleared select()'s bars — backfilled 2026-10-05 from card.md; no selections ledger existed when 2026-10-04 was carded
2026-10-04,2026-10-05T00:20:00Z,Carolina Panthers,Detroit Lions,alternate_team_total,,home_under,20.5,145,betmgm,0.5006841734053202,0.0925209080991977,,,selection: cleared select()'s bars — backfilled 2026-10-05 from card.md; no selections ledger existed when 2026-10-04 was carded
2026-10-04,2026-10-04T17:00:00Z,Buffalo Bills,New England Patriots,alternate_total_points,,under,36.5,450,fanduel,0.2741826850611348,0.0923645032429529,,,selection: cleared select()'s bars — backfilled 2026-10-05 from card.md; no selections ledger existed when 2026-10-04 was carded
2026-10-04,2026-10-04T20:25:00Z,Seattle Seahawks,Los Angeles Chargers,alternate_team_total,,away_over,17.5,106,fanduel,0.5775424587631816,0.092105565559298,,,selection: cleared select()'s bars — backfilled 2026-10-05 from card.md; no selections ledger existed when 2026-10-04 was carded
2026-10-04,2026-10-04T17:00:00Z,Cincinnati Bengals,Jacksonville Jaguars,alternate_total_points,,under,44.0,240,betmgm,0.3861126241946812,0.0919949771358576,,,selection: cleared select()'s bars — backfilled 2026-10-05 from card.md; no selections ledger existed when 2026-10-04 was carded
2026-10-04,2026-10-04T20:25:00Z,Seattle Seahawks,Los Angeles Chargers,alternate_team_total,,away_over,18.5,112,fanduel,0.5636763330930694,0.0919782198855222,,,selection: cleared select()'s bars — backfilled 2026-10-05 from card.md; no selections ledger existed when 2026-10-04 was carded
2026-10-04,2026-10-04T20:25:00Z,Seattle Seahawks,Los Angeles Chargers,alternate_team_total,,away_over,23.5,290,draftkings,0.3483791830923329,0.0919689266820765,,,selection: cleared select()'s bars — backfilled 2026-10-05 from card.md; no selections ledger existed when 2026-10-04 was carded
2026-10-04,2026-10-05T00:20:00Z,Carolina Panthers,Detroit Lions,alternate_spread,,away,-14.0,350,betmgm,0.3141787992083067,0.0919565769860845,,,selection: cleared select()'s bars — backfilled 2026-10-05 from card.md; no selections ledger existed when 2026-10-04 was carded
2026-10-04,2026-10-04T17:00:00Z,Tampa Bay Buccaneers,Green Bay Packers,alternate_spread,,home,-2.0,165,fanatics,0.4693019978316591,0.0919435072656213,,,selection: cleared select()'s bars — backfilled 2026-10-05 from card.md; no selections ledger existed when 2026-10-04 was carded
2026-10-04,2026-10-04T17:00:00Z,Cincinnati Bengals,Jacksonville Jaguars,alternate_total_points,,under,53.5,-125,fanatics,0.6474367809021541,0.0918812253465984,,,selection: cleared select()'s bars — backfilled 2026-10-05 from card.md; no selections ledger existed when 2026-10-04 was carded
2026-10-04,2026-10-04T17:00:00Z,Cincinnati Bengals,Jacksonville Jaguars,alternate_team_total,,home_under,26.5,110,bovada,0.5680174601078779,0.0918269839174017,,,selection: cleared select()'s bars — backfilled 2026-10-05 from card.md; no selections ledger existed when 2026-10-04 was carded
2026-10-04,2026-10-05T00:20:00Z,Carolina Panthers,Detroit Lions,alternate_team_total,,home_under,22.5,115,bovada,0.5568647682413186,0.0917484891715511,,,selection: cleared select()'s bars — backfilled 2026-10-05 from card.md; no selections ledger existed when 2026-10-04 was carded
2026-10-04,2026-10-04T17:00:00Z,Cincinnati Bengals,Jacksonville Jaguars,alternate_total_points,,under,50.0,115,bovada,0.5563654662718187,0.0912491872020512,,,selection: cleared select()'s bars — backfilled 2026-10-05 from card.md; no selections ledger existed when 2026-10-04 was carded
2026-10-04,2026-10-04T20:25:00Z,Las Vegas Raiders,Kansas City Chiefs,alternate_team_total,,away_under,16.5,600,fanduel,0.2339996452749466,0.0911425024178038,,,selection: cleared select()'s bars — backfilled 2026-10-05 from card.md; no selections ledger existed when 2026-10-04 was carded
2026-10-04,2026-10-04T17:00:00Z,Cincinnati Bengals,Jacksonville Jaguars,alternate_total_points,,under,46.5,175,betmgm,0.4546780473707837,0.09104168373442,,,selection: cleared select()'s bars — backfilled 2026-10-05 from card.md; no selections ledger existed when 2026-10-04 was carded
2026-10-04,2026-10-04T17:00:00Z,Tampa Bay Buccaneers,Green Bay Packers,alternate_spread,,home,-0.5,140,fanatics,0.5076852775890388,0.0910186109223721,,,selection: cleared select()'s bars — backfilled 2026-10-05 from card.md; no selections ledger existed when 2026-10-04 was carded
2026-10-04,2026-10-04T20:25:00Z,San Francisco 49ers,Denver Broncos,alternate_total_points,,under,35.5,450,fanduel,0.2727526945395805,0.0909345127213986,,,selection: cleared select()'s bars — backfilled 2026-10-05 from card.md; no selections ledger existed when 2026-10-04 was carded
2026-10-04,2026-10-04T17:00:00Z,Buffalo Bills,New England Patriots,alternate_total_points,,under,34.5,600,fanduel,0.2336620367097193,0.0908048938525764,,,selection: cleared select()'s bars — backfilled 2026-10-05 from card.md; no selections ledger existed when 2026-10-04 was carded
2026-10-04,2026-10-04T17:00:00Z,Cincinnati Bengals,Jacksonville Jaguars,alternate_total_points,,under,45.5,195,betmgm,0.4297536163668615,0.0907705655194038,,,selection: cleared select()'s bars — backfilled 2026-10-05 from card.md; no selections ledger existed when 2026-10-04 was carded
2026-10-04,2026-10-04T17:00:00Z,Philadelphia Eagles,Los Angeles Rams,alternate_team_total,,away_under,24.5,-145,draftkings,0.6824759192898203,0.0906391845959427,,,selection: cleared select()'s bars — backfilled 2026-10-05 from card.md; no selections ledger existed when 2026-10-04 was carded
2026-10-04,2026-10-05T00:20:00Z,Carolina Panthers,Detroit Lions,alternate_spread,,away,-12.5,270,betmgm,0.3608771007815645,0.0906068305112942,,,selection: cleared select()'s bars — backfilled 2026-10-05 from card.md; no selections ledger existed when 2026-10-04 was carded
2026-10-04,2026-10-04T20:25:00Z,Seattle Seahawks,Los Angeles Chargers,alternate_team_total,,away_over,16.5,-125,betmgm,0.6457458053087587,0.0901902497532031,,,selection: cleared select()'s bars — backfilled 2026-10-05 from card.md; no selections ledger existed when 2026-10-04 was carded
2026-10-04,2026-10-04T20:25:00Z,Seattle Seahawks,Los Angeles Chargers,team_total,,away_over,16.5,-125,betmgm,0.6457458053087587,0.0901902497532031,,,selection: cleared select()'s bars — backfilled 2026-10-05 from card.md; no selections ledger existed when 2026-10-04 was carded
2026-10-04,2026-10-04T20:25:00Z,Seattle Seahawks,Los Angeles Chargers,alternate_team_total,,away_over,21.5,210,fanduel,0.4124250067021017,0.0898443615408114,,,selection: cleared select()'s bars — backfilled 2026-10-05 from card.md; no selections ledger existed when 2026-10-04 was carded
2026-10-04,2026-10-04T17:00:00Z,Houston Texans,Dallas Cowboys,alternate_team_total,,home_under,20.5,220,fanduel,0.4021686457865514,0.0896686457865514,,,selection: cleared select()'s bars — backfilled 2026-10-05 from card.md; no selections ledger existed when 2026-10-04 was carded
2026-10-04,2026-10-04T17:00:00Z,Cincinnati Bengals,Jacksonville Jaguars,team_total,,home_under,26.5,109,betonlineag,0.5680174601078779,0.0895485605863468,,,selection: cleared select()'s bars — backfilled 2026-10-05 from card.md; no selections ledger existed when 2026-10-04 was carded
2026-10-04,2026-10-04T17:00:00Z,Buffalo Bills,New England Patriots,alternate_spread,,home,-14.0,245,betrivers,0.379391151917678,0.0895360794539099,,,selection: cleared select()'s bars — backfilled 2026-10-05 from card.md; no selections ledger existed when 2026-10-04 was carded
2026-10-04,2026-10-04T20:25:00Z,Seattle Seahawks,Los Angeles Chargers,alternate_team_total,,home_under,20.5,215,fanduel,0.4069324371750319,0.0894721197147144,,,selection: cleared select()'s bars — backfilled 2026-10-05 from card.md; no selections ledger existed when 2026-10-04 was carded
2026-10-04,2026-10-04T17:00:00Z,Buffalo Bills,New England Patriots,alternate_spread,,home,-7.5,110,betrivers,0.5655577926513244,0.0893673164608482,,,selection: cleared select()'s bars — backfilled 2026-10-05 from card.md; no selections ledger existed when 2026-10-04 was carded
2026-10-04,2026-10-04T17:00:00Z,Cincinnati Bengals,Jacksonville Jaguars,alternate_total_points,,under,52.5,-115,fanatics,0.6242252217667069,0.0893415008364744,,,selection: cleared select()'s bars — backfilled 2026-10-05 from card.md; no selections ledger existed when 2026-10-04 was carded
2026-10-04,2026-10-04T20:25:00Z,San Francisco 49ers,Denver Broncos,alternate_total_points,,under,34.5,500,fanduel,0.2558859540375652,0.0892192873708986,,,selection: cleared select()'s bars — backfilled 2026-10-05 from card.md; no selections ledger existed when 2026-10-04 was carded
2026-10-04,2026-10-04T17:00:00Z,Tampa Bay Buccaneers,Green Bay Packers,alternate_spread,,home,-1.5,155,fanatics,0.4812806457623637,0.0891237830172656,,,selection: cleared select()'s bars — backfilled 2026-10-05 from card.md; no selections ledger existed when 2026-10-04 was carded
2026-10-04,2026-10-04T20:25:00Z,San Francisco 49ers,Denver Broncos,alternate_spread,,home,-16.5,600,fanduel,0.231972764746717,0.0891156218895741,,,selection: cleared select()'s bars — backfilled 2026-10-05 from card.md; no selections ledger existed when 2026-10-04 was carded
2026-10-04,2026-10-04T17:00:00Z,Houston Texans,Dallas Cowboys,alternate_team_total,,home_under,22.5,172,fanduel,0.4567448629308523,0.0890978041073229,,,selection: cleared select()'s bars — backfilled 2026-10-05 from card.md; no selections ledger existed when 2026-10-04 was carded
2026-10-04,2026-10-04T17:00:00Z,Cincinnati Bengals,Jacksonville Jaguars,alternate_total_points,,under,47.5,150,betmgm,0.4890095389555542,0.0890095389555542,,,selection: cleared select()'s bars — backfilled 2026-10-05 from card.md; no selections ledger existed when 2026-10-04 was carded
2026-10-04,2026-10-04T17:00:00Z,Houston Texans,Dallas Cowboys,alternate_spread,,away,-3.5,220,bovada,0.4014823514493932,0.0889823514493932,,,selection: cleared select()'s bars — backfilled 2026-10-05 from card.md; no selections ledger existed when 2026-10-04 was carded
2026-10-04,2026-10-04T17:00:00Z,Cincinnati Bengals,Jacksonville Jaguars,alternate_total_points,,under,51.0,100,bovada,0.5888619197087693,0.0888619197087693,,,selection: cleared select()'s bars — backfilled 2026-10-05 from card.md; no selections ledger existed when 2026-10-04 was carded
2026-10-04,2026-10-04T17:00:00Z,Philadelphia Eagles,Los Angeles Rams,alternate_team_total,,away_under,25.5,-155,draftkings,0.6965378421379473,0.0886947048830454,,,selection: cleared select()'s bars — backfilled 2026-10-05 from card.md; no selections ledger existed when 2026-10-04 was carded
2026-10-04,2026-10-04T17:00:00Z,Buffalo Bills,New England Patriots,alternate_spread,,home,-9.5,133,betrivers,0.5178429014557624,0.0886583520995392,,,selection: cleared select()'s bars — backfilled 2026-10-05 from card.md; no selections ledger existed when 2026-10-04 was carded
2026-10-04,2026-10-04T17:00:00Z,Philadelphia Eagles,Los Angeles Rams,alternate_team_total,,away_under,14.5,450,fanduel,0.2702625320533321,0.0884443502351502,,,selection: cleared select()'s bars — backfilled 2026-10-05 from card.md; no selections ledger existed when 2026-10-04 was carded
2026-10-04,2026-10-04T20:25:00Z,Las Vegas Raiders,Kansas City Chiefs,alternate_total_points,,under,33.0,500,fanatics,0.2550280265218981,0.0883613598552315,,,selection: cleared select()'s bars — backfilled 2026-10-05 from card.md; no selections ledger existed when 2026-10-04 was carded
2026-10-04,2026-10-04T17:00:00Z,Tampa Bay Buccaneers,Green Bay Packers,alternate_spread,,home,-2.5,170,fanatics,0.4587091495785415,0.0883387792081711,,,selection: cleared select()'s bars — backfilled 2026-10-05 from card.md; no selections ledger existed when 2026-10-04 was carded
2026-10-04,2026-10-04T20:25:00Z,San Francisco 49ers,Denver Broncos,alternate_spread,,home,-15.0,500,fanatics,0.2549752560433725,0.0883085893767059,,,selection: cleared select()'s bars — backfilled 2026-10-05 from card.md; no selections ledger existed when 2026-10-04 was carded
2026-10-04,2026-10-04T17:00:00Z,Buffalo Bills,New England Patriots,alternate_total_points,,under,35.5,520,fanduel,0.2495961781256479,0.0883058555450028,,,selection: cleared select()'s bars — backfilled 2026-10-05 from card.md; no selections ledger existed when 2026-10-04 was carded
2026-10-04,2026-10-05T00:20:00Z,Carolina Panthers,Detroit Lions,alternate_team_total,,home_under,21.5,125,betmgm,0.5326915606700469,0.0882471162256024,,,selection: cleared select()'s bars — backfilled 2026-10-05 from card.md; no selections ledger existed when 2026-10-04 was carded
2026-10-04,2026-10-04T17:00:00Z,Buffalo Bills,New England Patriots,alternate_spread,,home,-14.5,260,betrivers,0.3659042910096976,0.0881265132319198,,,selection: cleared select()'s bars — backfilled 2026-10-05 from card.md; no selections ledger existed when 2026-10-04 was carded
2026-10-04,2026-10-04T17:00:00Z,Houston Texans,Dallas Cowboys,alternate_team_total,,home_under,21.5,190,fanduel,0.4329180652698235,0.0880904790629269,,,selection: cleared select()'s bars — backfilled 2026-10-05 from card.md; no selections ledger existed when 2026-10-04 was carded
2026-10-04,2026-10-04T17:00:00Z,Tampa Bay Buccaneers,Green Bay Packers,alternate_spread,,home,-10.5,548,draftkings,0.2423827552356764,0.0880617675813554,,,selection: cleared select()'s bars — backfilled 2026-10-05 from card.md; no selections ledger existed when 2026-10-04 was carded
2026-10-04,2026-10-04T17:00:00Z,Buffalo Bills,New England Patriots,alternate_spread,,home,-12.0,185,betrivers,0.4388018211875991,0.0879246282051429,,,selection: cleared select()'s bars — backfilled 2026-10-05 from card.md; no selections ledger existed when 2026-10-04 was carded
2026-10-04,2026-10-04T20:25:00Z,Seattle Seahawks,Los Angeles Chargers,spread,,away,7.0,-105,betus,0.6000673431345227,0.0878722211833031,,,selection: cleared select()'s bars — backfilled 2026-10-05 from card.md; no selections ledger existed when 2026-10-04 was carded
2026-10-04,2026-10-04T20:25:00Z,Seattle Seahawks,Los Angeles Chargers,alternate_spread,,away,7.0,-105,betmgm,0.6000673431345227,0.0878722211833031,,,selection: cleared select()'s bars — backfilled 2026-10-05 from card.md; no selections ledger existed when 2026-10-04 was carded
2026-10-04,2026-10-05T00:20:00Z,Carolina Panthers,Detroit Lions,spread,,away,-4.0,-102,lowvig,0.5926956239868695,0.0877451289373645,,,selection: cleared select()'s bars — backfilled 2026-10-05 from card.md; no selections ledger existed when 2026-10-04 was carded
2026-10-04,2026-10-04T17:00:00Z,Philadelphia Eagles,Los Angeles Rams,alternate_team_total,,away_under,13.5,560,fanduel,0.2389731560921929,0.0874580045770414,,,selection: cleared select()'s bars — backfilled 2026-10-05 from card.md; no selections ledger existed when 2026-10-04 was carded
2026-10-04,2026-10-04T17:00:00Z,Houston Texans,Dallas Cowboys,alternate_spread,,away,-8.0,425,betmgm,0.2778779595341761,0.0874017690579856,,,selection: cleared select()'s bars — backfilled 2026-10-05 from card.md; no selections ledger existed when 2026-10-04 was carded
2026-10-04,2026-10-04T20:25:00Z,Las Vegas Raiders,Kansas City Chiefs,alternate_total_points,,under,32.5,525,fanatics,0.2473805162935823,0.0873805162935823,,,selection: cleared select()'s bars — backfilled 2026-10-05 from card.md; no selections ledger existed when 2026-10-04 was carded
2026-10-04,2026-10-04T17:00:00Z,Cincinnati Bengals,Jacksonville Jaguars,alternate_total_points,,under,43.5,250,betmgm,0.3729697421058963,0.0872554563916106,,,selection: cleared select()'s bars — backfilled 2026-10-05 from card.md; no selections ledger existed when 2026-10-04 was carded
2026-10-04,2026-10-04T17:00:00Z,Buffalo Bills,New England Patriots,alternate_spread,,home,-11.5,175,betrivers,0.4508107253747879,0.0871743617384243,,,selection: cleared select()'s bars — backfilled 2026-10-05 from card.md; no selections ledger existed when 2026-10-04 was carded
2026-10-04,2026-10-04T17:00:00Z,New York Giants,Arizona Cardinals,alternate_spread,,home,-1.0,125,fanatics,0.5315334946838308,0.0870890502393864,,,selection: cleared select()'s bars — backfilled 2026-10-05 from card.md; no selections ledger existed when 2026-10-04 was carded
2026-10-04,2026-10-04T20:25:00Z,Seattle Seahawks,Los Angeles Chargers,alternate_team_total,,away_over,25.5,425,draftkings,0.277497911302589,0.0870217208263985,,,selection: cleared select()'s bars — backfilled 2026-10-05 from card.md; no selections ledger existed when 2026-10-04 was carded
2026-10-04,2026-10-04T17:00:00Z,Cincinnati Bengals,Jacksonville Jaguars,alternate_team_total,,home_under,24.5,130,draftkings,0.5217581920521926,0.0869755833565404,,,selection: cleared select()'s bars — backfilled 2026-10-05 from card.md; no selections ledger existed when 2026-10-04 was carded
2026-10-04,2026-10-04T17:00:00Z,Cincinnati Bengals,Jacksonville Jaguars,alternate_total_points,,under,48.0,140,betmgm,0.5036248054468682,0.0869581387802014,,,selection: cleared select()'s bars — backfilled 2026-10-05 from card.md; no selections ledger existed when 2026-10-04 was carded
2026-10-04,2026-10-04T17:00:00Z,Cincinnati Bengals,Jacksonville Jaguars,alternate_total_points,,under,41.5,320,betmgm,0.3250090065511665,0.0869137684559284,,,selection: cleared select()'s bars — backfilled 2026-10-05 from card.md; no selections ledger existed when 2026-10-04 was carded
2026-10-04,2026-10-05T00:20:00Z,Carolina Panthers,Detroit Lions,alternate_spread,,away,-14.5,360,betmgm,0.3042701213601215,0.0868788170122954,,,selection: cleared select()'s bars — backfilled 2026-10-05 from card.md; no selections ledger existed when 2026-10-04 was carded
2026-10-04,2026-10-04T17:00:00Z,Buffalo Bills,New England Patriots,alternate_spread,,home,-7.0,100,bovada,0.586874191636685,0.0868741916366849,,,selection: cleared select()'s bars — backfilled 2026-10-05 from card.md; no selections ledger existed when 2026-10-04 was carded
2026-10-04,2026-10-04T17:00:00Z,New York Giants,Arizona Cardinals,alternate_spread,,home,-2.5,145,fanatics,0.4949193668310127,0.0867561015248902,,,selection: cleared select()'s bars — backfilled 2026-10-05 from card.md; no selections ledger existed when 2026-10-04 was carded
2026-10-04,2026-10-04T13:30:00Z,Washington Commanders,Indianapolis Colts,alternate_team_total,,away_under,24.5,110,fanduel,0.5629194631841402,0.086728986993664,,,selection: cleared select()'s bars — backfilled 2026-10-05 from card.md; no selections ledger existed when 2026-10-04 was carded
2026-10-04,2026-10-04T17:00:00Z,Cincinnati Bengals,Jacksonville Jaguars,alternate_team_total,,home_under,27.5,-120,betmgm,0.6320416820740682,0.0865871366195227,,,selection: cleared select()'s bars — backfilled 2026-10-05 from card.md; no selections ledger existed when 2026-10-04 was carded
2026-10-04,2026-10-04T17:00:00Z,Cincinnati Bengals,Jacksonville Jaguars,team_total,,home_under,27.5,-120,betmgm,0.6320416820740682,0.0865871366195227,,,selection: cleared select()'s bars — backfilled 2026-10-05 from card.md; no selections ledger existed when 2026-10-04 was carded
2026-10-04,2026-10-05T00:20:00Z,Carolina Panthers,Detroit Lions,alternate_spread,,away,-6.0,120,fanatics,0.540545135157958,0.0859996806125034,,,selection: cleared select()'s bars — backfilled 2026-10-05 from card.md; no selections ledger existed when 2026-10-04 was carded
2026-10-04,2026-10-05T00:20:00Z,Carolina Panthers,Detroit Lions,alternate_spread,,away,-13.5,300,fanduel,0.3358084615446086,0.0858084615446085,,,selection: cleared select()'s bars — backfilled 2026-10-05 from card.md; no selections ledger existed when 2026-10-04 was carded
2026-10-04,2026-10-04T20:25:00Z,Seattle Seahawks,Los Angeles Chargers,alternate_team_total,,away_over,22.5,230,draftkings,0.3887120984176215,0.0856817953873184,,,selection: cleared select()'s bars — backfilled 2026-10-05 from card.md; no selections ledger existed when 2026-10-04 was carded
2026-10-04,2026-10-04T17:00:00Z,Cincinnati Bengals,Jacksonville Jaguars,alternate_total_points,,under,49.5,120,betmgm,0.5397779476232076,0.0852324930777531,,,selection: cleared select()'s bars — backfilled 2026-10-05 from card.md; no selections ledger existed when 2026-10-04 was carded
2026-10-04,2026-10-04T20:25:00Z,Seattle Seahawks,Los Angeles Chargers,alternate_team_total,,away_over,26.5,500,draftkings,0.2518394230131908,0.0851727563465241,,,selection: cleared select()'s bars — backfilled 2026-10-05 from card.md; no selections ledger existed when 2026-10-04 was carded
2026-10-04,2026-10-04T17:00:00Z,Buffalo Bills,New England Patriots,alternate_spread,,home,-13.0,205,betrivers,0.413000077668566,0.0851312252095496,,,selection: cleared select()'s bars — backfilled 2026-10-05 from card.md; no selections ledger existed when 2026-10-04 was carded
2026-10-04,2026-10-04T17:00:00Z,Cincinnati Bengals,Jacksonville Jaguars,alternate_total_points,,under,49.0,125,betmgm,0.5295464001967884,0.085101955752344,,,selection: cleared select()'s bars — backfilled 2026-10-05 from card.md; no selections ledger existed when 2026-10-04 was carded
2026-10-04,2026-10-04T20:25:00Z,San Francisco 49ers,Denver Broncos,moneyline,,home,,-145,betus,0.6769069339769321,0.0850701992830545,,,selection: cleared select()'s bars — backfilled 2026-10-05 from card.md; no selections ledger existed when 2026-10-04 was carded
2026-10-04,2026-10-05T00:20:00Z,Carolina Panthers,Detroit Lions,alternate_spread,,away,-16.0,440,betrivers,0.2700161868967966,0.0848310017116114,,,selection: cleared select()'s bars — backfilled 2026-10-05 from card.md; no selections ledger existed when 2026-10-04 was carded
2026-10-04,2026-10-04T17:00:00Z,Tampa Bay Buccaneers,Green Bay Packers,alternate_total_points,,over,54.5,600,fanduel,0.227650426257928,0.0847932834007851,,,selection: cleared select()'s bars — backfilled 2026-10-05 from card.md; no selections ledger existed when 2026-10-04 was carded
2026-10-04,2026-10-04T17:00:00Z,Buffalo Bills,New England Patriots,alternate_spread,,home,-15.0,275,betrivers,0.351430601034863,0.0847639343681963,,,selection: cleared select()'s bars — backfilled 2026-10-05 from card.md; no selections ledger existed when 2026-10-04 was carded
2026-10-04,2026-10-04T13:30:00Z,Washington Commanders,Indianapolis Colts,alternate_team_total,,away_under,26.5,-110,betmgm,0.6085310370777256,0.0847215132682017,,,selection: cleared select()'s bars — backfilled 2026-10-05 from card.md; no selections ledger existed when 2026-10-04 was carded
2026-10-04,2026-10-04T13:30:00Z,Washington Commanders,Indianapolis Colts,team_total,,away_under,26.5,-110,betmgm,0.6085310370777256,0.0847215132682017,,,selection: cleared select()'s bars — backfilled 2026-10-05 from card.md; no selections ledger existed when 2026-10-04 was carded
2026-10-04,2026-10-04T17:00:00Z,Buffalo Bills,New England Patriots,alternate_spread,,home,-12.5,190,betrivers,0.4294120383501758,0.0845844521432792,,,selection: cleared select()'s bars — backfilled 2026-10-05 from card.md; no selections ledger existed when 2026-10-04 was carded
2026-10-04,2026-10-04T17:00:00Z,Houston Texans,Dallas Cowboys,spread,,away,2.5,107,williamhill_us,0.5672508190499868,0.0841590316103732,,,selection: cleared select()'s bars — backfilled 2026-10-05 from card.md; no selections ledger existed when 2026-10-04 was carded
2026-10-04,2026-10-04T20:05:00Z,Minnesota Vikings,Miami Dolphins,alternate_total_points,,over,55.0,600,fanatics,0.2268911134970679,0.0840339706399251,,,selection: cleared select()'s bars — backfilled 2026-10-05 from card.md; no selections ledger existed when 2026-10-04 was carded
2026-10-04,2026-10-04T20:25:00Z,San Francisco 49ers,Denver Broncos,alternate_spread,,home,-1.0,-130,betrivers,0.6490523134697616,0.0838349221654137,,,selection: cleared select()'s bars — backfilled 2026-10-05 from card.md; no selections ledger existed when 2026-10-04 was carded
2026-10-04,2026-10-04T17:00:00Z,Philadelphia Eagles,Los Angeles Rams,alternate_total_points,,over,51.0,275,betmgm,0.3503199244955226,0.0836532578288559,,,selection: cleared select()'s bars — backfilled 2026-10-05 from card.md; no selections ledger existed when 2026-10-04 was carded
2026-10-04,2026-10-04T20:05:00Z,Minnesota Vikings,Miami Dolphins,alternate_total_points,,over,54.0,500,fanatics,0.2501730801393897,0.083506413472723,,,selection: cleared select()'s bars — backfilled 2026-10-05 from card.md; no selections ledger existed when 2026-10-04 was carded
2026-10-04,2026-10-05T00:20:00Z,Carolina Panthers,Detroit Lions,alternate_spread,,away,-15.5,400,betrivers,0.2834506535751882,0.0834506535751882,,,selection: cleared select()'s bars — backfilled 2026-10-05 from card.md; no selections ledger existed when 2026-10-04 was carded
2026-10-04,2026-10-04T20:05:00Z,Minnesota Vikings,Miami Dolphins,alternate_total_points,,over,54.5,525,fanatics,0.2433415324527088,0.0833415324527088,,,selection: cleared select()'s bars — backfilled 2026-10-05 from card.md; no selections ledger existed when 2026-10-04 was carded
2026-10-04,2026-10-04T17:00:00Z,New York Giants,Arizona Cardinals,alternate_team_total,,away_under,22.5,110,betmgm,0.5594437862853642,0.083253310094888,,,selection: cleared select()'s bars — backfilled 2026-10-05 from card.md; no selections ledger existed when 2026-10-04 was carded
2026-10-04,2026-10-04T17:00:00Z,Cincinnati Bengals,Jacksonville Jaguars,alternate_total_points,,under,48.5,130,draftkings,0.5180296871556527,0.0832470784600005,,,selection: cleared select()'s bars — backfilled 2026-10-05 from card.md; no selections ledger existed when 2026-10-04 was carded
2026-10-04,2026-10-04T13:30:00Z,Washington Commanders,Indianapolis Colts,alternate_team_total,,away_under,25.5,102,fanduel,0.578285726466435,0.0832362215159399,,,selection: cleared select()'s bars — backfilled 2026-10-05 from card.md; no selections ledger existed when 2026-10-04 was carded
2026-10-04,2026-10-05T00:20:00Z,Carolina Panthers,Detroit Lions,alternate_spread,,away,-16.5,450,betrivers,0.2650468664812238,0.083228684663042,,,selection: cleared select()'s bars — backfilled 2026-10-05 from card.md; no selections ledger existed when 2026-10-04 was carded
2026-10-04,2026-10-04T17:00:00Z,Cincinnati Bengals,Jacksonville Jaguars,total_points,,under,51.5,-108,betmgm,0.6023159919005565,0.0830852226697872,,,selection: cleared select()'s bars — backfilled 2026-10-05 from card.md; no selections ledger existed when 2026-10-04 was carded
2026-10-04,2026-10-04T17:00:00Z,Cincinnati Bengals,Jacksonville Jaguars,alternate_total_points,,under,51.5,-108,betmgm,0.6023159919005565,0.0830852226697872,,,selection: cleared select()'s bars — backfilled 2026-10-05 from card.md; no selections ledger existed when 2026-10-04 was carded
2026-10-04,2026-10-04T17:00:00Z,New York Giants,Arizona Cardinals,alternate_spread,,home,-0.5,117,betrivers,0.5438504889009548,0.0830209958133971,,,selection: cleared select()'s bars — backfilled 2026-10-05 from card.md; no selections ledger existed when 2026-10-04 was carded
2026-10-04,2026-10-04T17:00:00Z,Philadelphia Eagles,Los Angeles Rams,alternate_total_points,,over,51.5,290,betmgm,0.339286286002448,0.0828760295921915,,,selection: cleared select()'s bars — backfilled 2026-10-05 from card.md; no selections ledger existed when 2026-10-04 was carded
2026-10-04,2026-10-04T17:00:00Z,New York Giants,Arizona Cardinals,alternate_spread,,home,-1.5,130,fanatics,0.517558333373611,0.0827757246779588,,,selection: cleared select()'s bars — backfilled 2026-10-05 from card.md; no selections ledger existed when 2026-10-04 was carded
2026-10-04,2026-10-04T20:25:00Z,Seattle Seahawks,Los Angeles Chargers,alternate_team_total,,away_over,24.5,380,draftkings,0.2910622866112063,0.0827289532778729,,,selection: cleared select()'s bars — backfilled 2026-10-05 from card.md; no selections ledger existed when 2026-10-04 was carded
2026-10-04,2026-10-04T17:00:00Z,Philadelphia Eagles,Los Angeles Rams,alternate_total_points,,over,48.0,185,betmgm,0.4334203652413584,0.0825431722589023,,,selection: cleared select()'s bars — backfilled 2026-10-05 from card.md; no selections ledger existed when 2026-10-04 was carded
2026-10-04,2026-10-04T20:25:00Z,San Francisco 49ers,Denver Broncos,alternate_spread,,home,-16.0,550,fanatics,0.2362335468340982,0.0823873929879443,,,selection: cleared select()'s bars — backfilled 2026-10-05 from card.md; no selections ledger existed when 2026-10-04 was carded
2026-10-04,2026-10-04T13:30:00Z,Washington Commanders,Indianapolis Colts,alternate_team_total,,away_under,17.5,400,fanduel,0.2821786853347731,0.0821786853347731,,,selection: cleared select()'s bars — backfilled 2026-10-05 from card.md; no selections ledger existed when 2026-10-04 was carded
2026-10-04,2026-10-04T20:25:00Z,Seattle Seahawks,Los Angeles Chargers,alternate_team_total,,away_over,20.5,176,fanduel,0.4442807966477631,0.081961956068053,,,selection: cleared select()'s bars — backfilled 2026-10-05 from card.md; no selections ledger existed when 2026-10-04 was carded
2026-10-04,2026-10-04T17:00:00Z,Houston Texans,Dallas Cowboys,alternate_spread,,away,1.5,116,fanduel,0.5448856196489418,0.0819226566859788,,,selection: cleared select()'s bars — backfilled 2026-10-05 from card.md; no selections ledger existed when 2026-10-04 was carded
2026-10-04,2026-10-05T00:20:00Z,Carolina Panthers,Detroit Lions,alternate_spread,,away,-6.5,125,bovada,0.5262452197333943,0.0818007752889499,,,selection: cleared select()'s bars — backfilled 2026-10-05 from card.md; no selections ledger existed when 2026-10-04 was carded
2026-10-04,2026-10-04T17:00:00Z,Cincinnati Bengals,Jacksonville Jaguars,alternate_total_points,,under,50.5,105,betmgm,0.5695920170688964,0.0817871390201159,,,selection: cleared select()'s bars — backfilled 2026-10-05 from card.md; no selections ledger existed when 2026-10-04 was carded
2026-10-04,2026-10-04T17:00:00Z,Cincinnati Bengals,Jacksonville Jaguars,alternate_team_total,,home_under,19.5,380,betmgm,0.2898302016445946,0.0814968683112612,,,selection: cleared select()'s bars — backfilled 2026-10-05 from card.md; no selections ledger existed when 2026-10-04 was carded
2026-10-04,2026-10-05T00:20:00Z,Carolina Panthers,Detroit Lions,spread,,away,-3.5,-110,mybookieag,0.6052418221852609,0.081432298375737,,,selection: cleared select()'s bars — backfilled 2026-10-05 from card.md; no selections ledger existed when 2026-10-04 was carded
2026-10-04,2026-10-05T00:20:00Z,Carolina Panthers,Detroit Lions,alternate_spread,,away,-3.5,-110,betmgm,0.6052418221852609,0.081432298375737,,,selection: cleared select()'s bars — backfilled 2026-10-05 from card.md; no selections ledger existed when 2026-10-04 was carded
2026-10-04,2026-10-04T17:00:00Z,Philadelphia Eagles,Los Angeles Rams,alternate_total_points,,over,52.0,310,betmgm,0.3252361623673123,0.0813337233429221,,,selection: cleared select()'s bars — backfilled 2026-10-05 from card.md; no selections ledger existed when 2026-10-04 was carded
2026-10-04,2026-10-04T13:30:00Z,Washington Commanders,Indianapolis Colts,alternate_team_total,,away_under,18.5,370,fanduel,0.2940723044899933,0.0813063470431847,,,selection: cleared select()'s bars — backfilled 2026-10-05 from card.md; no selections ledger existed when 2026-10-04 was carded
2026-10-04,2026-10-04T17:00:00Z,Houston Texans,Dallas Cowboys,alternate_spread,,away,-6.5,310,betrivers,0.3251748687251186,0.0812724297007283,,,selection: cleared select()'s bars — backfilled 2026-10-05 from card.md; no selections ledger existed when 2026-10-04 was carded
2026-10-04,2026-10-04T17:00:00Z,Philadelphia Eagles,Los Angeles Rams,alternate_total_points,,over,47.0,160,betmgm,0.4658565806137378,0.0812411959983532,,,selection: cleared select()'s bars — backfilled 2026-10-05 from card.md; no selections ledger existed when 2026-10-04 was carded
2026-10-04,2026-10-04T17:00:00Z,Houston Texans,Dallas Cowboys,alternate_spread,,away,2.0,110,fanatics,0.5573508832900728,0.0811604070995966,,,selection: cleared select()'s bars — backfilled 2026-10-05 from card.md; no selections ledger existed when 2026-10-04 was carded
2026-10-04,2026-10-04T17:00:00Z,Tampa Bay Buccaneers,Green Bay Packers,alternate_spread,,home,4.0,-130,betrivers,0.646334300741453,0.0811169094371052,,,selection: cleared select()'s bars — backfilled 2026-10-05 from card.md; no selections ledger existed when 2026-10-04 was carded
2026-10-04,2026-10-04T17:00:00Z,Houston Texans,Dallas Cowboys,alternate_spread,,away,-9.5,480,fanduel,0.2534738102350162,0.0810600171315679,,,selection: cleared select()'s bars — backfilled 2026-10-05 from card.md; no selections ledger existed when 2026-10-04 was carded
2026-10-04,2026-10-04T20:25:00Z,San Francisco 49ers,Denver Broncos,spread,,home,-2.5,-113,lowvig,0.6115231763031651,0.0810067443782824,,,selection: cleared select()'s bars — backfilled 2026-10-05 from card.md; no selections ledger existed when 2026-10-04 was carded
2026-10-04,2026-10-04T17:00:00Z,Tampa Bay Buccaneers,Green Bay Packers,alternate_spread,,home,3.5,-120,betrivers,0.6264586589714496,0.0810041135169041,,,selection: cleared select()'s bars — backfilled 2026-10-05 from card.md; no selections ledger existed when 2026-10-04 was carded
2026-10-04,2026-10-04T17:00:00Z,Cincinnati Bengals,Jacksonville Jaguars,alternate_total_points,,under,52.0,-115,fanatics,0.6158078680347131,0.0809241471044805,,,selection: cleared select()'s bars — backfilled 2026-10-05 from card.md; no selections ledger existed when 2026-10-04 was carded
2026-10-04,2026-10-04T17:00:00Z,New York Giants,Arizona Cardinals,alternate_spread,,home,-2.0,135,fanatics,0.5063833628400773,0.0808514479464603,,,selection: cleared select()'s bars — backfilled 2026-10-05 from card.md; no selections ledger existed when 2026-10-04 was carded
2026-10-04,2026-10-04T17:00:00Z,New York Giants,Arizona Cardinals,alternate_team_total,,away_under,21.5,120,draftkings,0.5352818605065819,0.0807364059611273,,,selection: cleared select()'s bars — backfilled 2026-10-05 from card.md; no selections ledger existed when 2026-10-04 was carded
2026-10-04,2026-10-04T17:00:00Z,Buffalo Bills,New England Patriots,alternate_spread,,home,-15.5,280,betrivers,0.3435879590983725,0.0804300643615304,,,selection: cleared select()'s bars — backfilled 2026-10-05 from card.md; no selections ledger existed when 2026-10-04 was carded
2026-10-04,2026-10-04T17:00:00Z,Philadelphia Eagles,Los Angeles Rams,alternate_total_points,,over,52.5,320,betmgm,0.3184640029286714,0.0803687648334333,,,selection: cleared select()'s bars — backfilled 2026-10-05 from card.md; no selections ledger existed when 2026-10-04 was carded
2026-10-04,2026-10-04T17:00:00Z,Houston Texans,Dallas Cowboys,alternate_spread,,away,-6.0,295,betrivers,0.3333928875265078,0.0802283305644824,,,selection: cleared select()'s bars — backfilled 2026-10-05 from card.md; no selections ledger existed when 2026-10-04 was carded
2026-10-04,2026-10-04T20:25:00Z,San Francisco 49ers,Denver Broncos,alternate_total_points,,under,40.0,220,fanatics,0.3925163391025406,0.0800163391025405,,,selection: cleared select()'s bars — backfilled 2026-10-05 from card.md; no selections ledger existed when 2026-10-04 was carded
2026-10-04,2026-10-04T20:25:00Z,San Francisco 49ers,Denver Broncos,alternate_spread,,home,-0.5,-137,betrivers,0.6576808534062248,0.0796217816762669,,,selection: cleared select()'s bars — backfilled 2026-10-05 from card.md; no selections ledger existed when 2026-10-04 was carded
2026-10-04,2026-10-04T20:25:00Z,Las Vegas Raiders,Kansas City Chiefs,alternate_total_points,,under,32.0,550,fanatics,0.2334305497403127,0.0795843958941588,,,selection: cleared select()'s bars — backfilled 2026-10-05 from card.md; no selections ledger existed when 2026-10-04 was carded
2026-10-04,2026-10-04T17:00:00Z,Buffalo Bills,New England Patriots,alternate_spread,,home,-16.0,300,betrivers,0.3295527115359094,0.0795527115359094,,,selection: cleared select()'s bars — backfilled 2026-10-05 from card.md; no selections ledger existed when 2026-10-04 was carded
2026-10-04,2026-10-04T20:25:00Z,San Francisco 49ers,Denver Broncos,spread,,home,-2.0,-120,betus,0.6250053401560893,0.0795507947015439,,,selection: cleared select()'s bars — backfilled 2026-10-05 from card.md; no selections ledger existed when 2026-10-04 was carded
2026-10-04,2026-10-04T20:25:00Z,San Francisco 49ers,Denver Broncos,alternate_spread,,home,-2.0,-120,betrivers,0.6250053401560893,0.0795507947015439,,,selection: cleared select()'s bars — backfilled 2026-10-05 from card.md; no selections ledger existed when 2026-10-04 was carded
2026-10-04,2026-10-04T20:25:00Z,San Francisco 49ers,Denver Broncos,alternate_spread,,home,-1.5,-124,betrivers,0.6330944541574586,0.0795230255860299,,,selection: cleared select()'s bars — backfilled 2026-10-05 from card.md; no selections ledger existed when 2026-10-04 was carded
2026-10-04,2026-10-04T17:00:00Z,Houston Texans,Dallas Cowboys,alternate_spread,,away,2.5,105,fanatics,0.5672508190499868,0.0794459410012062,,,selection: cleared select()'s bars — backfilled 2026-10-05 from card.md; no selections ledger existed when 2026-10-04 was carded
2026-10-04,2026-10-04T17:00:00Z,Philadelphia Eagles,Los Angeles Rams,alternate_total_points,,over,47.5,170,betmgm,0.4497967254125908,0.0794263550422205,,,selection: cleared select()'s bars — backfilled 2026-10-05 from card.md; no selections ledger existed when 2026-10-04 was carded
2026-10-04,2026-10-04T17:00:00Z,Houston Texans,Dallas Cowboys,alternate_spread,,away,-4.0,230,betmgm,0.3824246344486042,0.0793943314183012,,,selection: cleared select()'s bars — backfilled 2026-10-05 from card.md; no selections ledger existed when 2026-10-04 was carded
2026-10-04,2026-10-05T00:20:00Z,Carolina Panthers,Detroit Lions,alternate_team_total,,home_under,19.5,196,fanduel,0.417051340375386,0.0792135025375481,,,selection: cleared select()'s bars — backfilled 2026-10-05 from card.md; no selections ledger existed when 2026-10-04 was carded
2026-10-04,2026-10-04T20:05:00Z,Minnesota Vikings,Miami Dolphins,alternate_total_points,,over,55.5,600,fanatics,0.2220632633203328,0.07920612046319,,,selection: cleared select()'s bars — backfilled 2026-10-05 from card.md; no selections ledger existed when 2026-10-04 was carded
2026-10-04,2026-10-05T00:20:00Z,Carolina Panthers,Detroit Lions,alternate_spread,,away,-15.0,375,fanatics,0.2894774193824876,0.0789511035930139,,,selection: cleared select()'s bars — backfilled 2026-10-05 from card.md; no selections ledger existed when 2026-10-04 was carded
2026-10-04,2026-10-04T17:00:00Z,Buffalo Bills,New England Patriots,alternate_spread,,home,-13.5,210,betrivers,0.4014529874930222,0.0788723423317319,,,selection: cleared select()'s bars — backfilled 2026-10-05 from card.md; no selections ledger existed when 2026-10-04 was carded
2026-10-04,2026-10-04T20:25:00Z,San Francisco 49ers,Denver Broncos,alternate_spread,,home,-2.5,-114,betrivers,0.6115231763031651,0.0788128959293333,,,selection: cleared select()'s bars — backfilled 2026-10-05 from card.md; no selections ledger existed when 2026-10-04 was carded
2026-10-04,2026-10-04T17:00:00Z,Philadelphia Eagles,Los Angeles Rams,alternate_total_points,,over,50.0,230,betmgm,0.3818200765304047,0.0787897735001016,,,selection: cleared select()'s bars — backfilled 2026-10-05 from card.md; no selections ledger existed when 2026-10-04 was carded
2026-10-04,2026-10-04T17:00:00Z,Houston Texans,Dallas Cowboys,alternate_team_total,,home_under,23.5,138,betmgm,0.4989312936908349,0.0787632264639441,,,selection: cleared select()'s bars — backfilled 2026-10-05 from card.md; no selections ledger existed when 2026-10-04 was carded
2026-10-04,2026-10-04T17:00:00Z,Buffalo Bills,New England Patriots,alternate_spread,,home,-16.5,310,betrivers,0.3226538039396336,0.0787513649152433,,,selection: cleared select()'s bars — backfilled 2026-10-05 from card.md; no selections ledger existed when 2026-10-04 was carded
2026-10-04,2026-10-04T17:00:00Z,Houston Texans,Dallas Cowboys,alternate_team_total,,home_under,26.5,-112,betmgm,0.606983227913145,0.0786813411206921,,,selection: cleared select()'s bars — backfilled 2026-10-05 from card.md; no selections ledger existed when 2026-10-04 was carded
2026-10-04,2026-10-04T17:00:00Z,Houston Texans,Dallas Cowboys,team_total,,home_under,26.5,-112,betmgm,0.606983227913145,0.0786813411206921,,,selection: cleared select()'s bars — backfilled 2026-10-05 from card.md; no selections ledger existed when 2026-10-04 was carded
2026-10-04,2026-10-04T17:00:00Z,Cincinnati Bengals,Jacksonville Jaguars,alternate_team_total,,home_under,18.5,450,betmgm,0.2602973224737638,0.0784791406555819,,,selection: cleared select()'s bars — backfilled 2026-10-05 from card.md; no selections ledger existed when 2026-10-04 was carded
2026-10-04,2026-10-04T20:25:00Z,San Francisco 49ers,Denver Broncos,alternate_total_points,,under,39.0,250,fanatics,0.3639964398960882,0.0782821541818025,,,selection: cleared select()'s bars — backfilled 2026-10-05 from card.md; no selections ledger existed when 2026-10-04 was carded
2026-10-04,2026-10-04T20:25:00Z,Seattle Seahawks,Los Angeles Chargers,alternate_team_total,,home_under,19.5,300,fanduel,0.3282533855145025,0.0782533855145025,,,selection: cleared select()'s bars — backfilled 2026-10-05 from card.md; no selections ledger existed when 2026-10-04 was carded
2026-10-04,2026-10-04T17:00:00Z,Houston Texans,Dallas Cowboys,alternate_spread,,away,1.0,120,betrivers,0.5326893548698779,0.0781439003244233,,,selection: cleared select()'s bars — backfilled 2026-10-05 from card.md; no selections ledger existed when 2026-10-04 was carded
2026-10-04,2026-10-04T17:00:00Z,Buffalo Bills,New England Patriots,alternate_spread,,home,-17.0,350,betrivers,0.3000342848299808,0.0778120626077586,,,selection: cleared select()'s bars — backfilled 2026-10-05 from card.md; no selections ledger existed when 2026-10-04 was carded
2026-10-04,2026-10-04T17:00:00Z,New York Giants,Arizona Cardinals,alternate_team_total,,away_under,20.5,135,draftkings,0.5032678537781601,0.077735938884543,,,selection: cleared select()'s bars — backfilled 2026-10-05 from card.md; no selections ledger existed when 2026-10-04 was carded
2026-10-04,2026-10-04T17:00:00Z,Buffalo Bills,New England Patriots,alternate_spread,,home,-17.5,370,betrivers,0.2903386224679831,0.0775726650211746,,,selection: cleared select()'s bars — backfilled 2026-10-05 from card.md; no selections ledger existed when 2026-10-04 was carded
2026-10-04,2026-10-04T17:00:00Z,New York Giants,Arizona Cardinals,alternate_team_total,,away_under,23.5,-110,betmgm,0.6011116668298122,0.0773021430202883,,,selection: cleared select()'s bars — backfilled 2026-10-05 from card.md; no selections ledger existed when 2026-10-04 was carded
2026-10-04,2026-10-04T17:00:00Z,New York Giants,Arizona Cardinals,team_total,,away_under,23.5,-110,betmgm,0.6011116668298122,0.0773021430202883,,,selection: cleared select()'s bars — backfilled 2026-10-05 from card.md; no selections ledger existed when 2026-10-04 was carded
2026-10-04,2026-10-04T20:25:00Z,San Francisco 49ers,Denver Broncos,alternate_total_points,,under,33.5,560,fanduel,0.2287270306479322,0.0772118791327806,,,selection: cleared select()'s bars — backfilled 2026-10-05 from card.md; no selections ledger existed when 2026-10-04 was carded
2026-10-04,2026-10-05T00:20:00Z,Carolina Panthers,Detroit Lions,alternate_spread,,away,-5.0,105,betmgm,0.5649819702044273,0.0771770921556468,,,selection: cleared select()'s bars — backfilled 2026-10-05 from card.md; no selections ledger existed when 2026-10-04 was carded
2026-10-04,2026-10-04T17:00:00Z,Philadelphia Eagles,Los Angeles Rams,alternate_total_points,,over,49.5,210,betmgm,0.3996908164728618,0.0771101713115715,,,selection: cleared select()'s bars — backfilled 2026-10-05 from card.md; no selections ledger existed when 2026-10-04 was carded
2026-10-04,2026-10-04T17:00:00Z,New York Giants,Arizona Cardinals,alternate_spread,,home,4.0,-152,betrivers,0.6802642207381046,0.0770896175635014,,,selection: cleared select()'s bars — backfilled 2026-10-05 from card.md; no selections ledger existed when 2026-10-04 was carded
2026-10-04,2026-10-04T17:00:00Z,Philadelphia Eagles,Los Angeles Rams,alternate_total_points,,over,50.5,240,betmgm,0.3707821779616725,0.076664530902849,,,selection: cleared select()'s bars — backfilled 2026-10-05 from card.md; no selections ledger existed when 2026-10-04 was carded
2026-10-04,2026-10-05T00:20:00Z,Carolina Panthers,Detroit Lions,alternate_spread,,away,-5.5,110,betmgm,0.552699838403461,0.0765093622129848,,,selection: cleared select()'s bars — backfilled 2026-10-05 from card.md; no selections ledger existed when 2026-10-04 was carded
2026-10-04,2026-10-04T17:00:00Z,Houston Texans,Dallas Cowboys,alternate_spread,,away,-4.5,240,fanduel,0.3706234181696088,0.0765057711107852,,,selection: cleared select()'s bars — backfilled 2026-10-05 from card.md; no selections ledger existed when 2026-10-04 was carded
2026-10-04,2026-10-04T17:00:00Z,Houston Texans,Dallas Cowboys,alternate_spread,,away,-9.0,450,fanatics,0.2582334092439458,0.0764152274257639,,,selection: cleared select()'s bars — backfilled 2026-10-05 from card.md; no selections ledger existed when 2026-10-04 was carded
2026-10-04,2026-10-04T17:00:00Z,Philadelphia Eagles,Los Angeles Rams,alternate_total_points,,over,48.5,190,betmgm,0.4208928270608463,0.0760652408539497,,,selection: cleared select()'s bars — backfilled 2026-10-05 from card.md; no selections ledger existed when 2026-10-04 was carded
2026-10-04,2026-10-04T17:00:00Z,Houston Texans,Dallas Cowboys,alternate_spread,,away,-5.5,265,fanatics,0.3498245211587981,0.075851918419072,,,selection: cleared select()'s bars — backfilled 2026-10-05 from card.md; no selections ledger existed when 2026-10-04 was carded
2026-10-04,2026-10-04T17:00:00Z,Tampa Bay Buccaneers,Green Bay Packers,alternate_spread,,home,4.5,-139,betrivers,0.6572099926809606,0.0756200345219647,,,selection: cleared select()'s bars — backfilled 2026-10-05 from card.md; no selections ledger existed when 2026-10-04 was carded
2026-10-04,2026-10-04T17:00:00Z,Buffalo Bills,New England Patriots,alternate_spread,,home,-18.0,410,betrivers,0.2716977162839245,0.0756192849113754,,,selection: cleared select()'s bars — backfilled 2026-10-05 from card.md; no selections ledger existed when 2026-10-04 was carded
2026-10-04,2026-10-04T17:00:00Z,Cincinnati Bengals,Jacksonville Jaguars,alternate_total_points,,under,40.5,350,fanduel,0.297797865519965,0.0755756432977428,,,selection: cleared select()'s bars — backfilled 2026-10-05 from card.md; no selections ledger existed when 2026-10-04 was carded
2026-10-04,2026-10-04T17:00:00Z,Tampa Bay Buccaneers,Green Bay Packers,alternate_spread,,home,-11.5,600,draftkings,0.2183060158073409,0.075448872950198,,,selection: cleared select()'s bars — backfilled 2026-10-05 from card.md; no selections ledger existed when 2026-10-04 was carded
2026-10-04,2026-10-04T20:25:00Z,Las Vegas Raiders,Kansas City Chiefs,alternate_total_points,,under,31.5,550,fanatics,0.2291826001771184,0.0753364463309645,,,selection: cleared select()'s bars — backfilled 2026-10-05 from card.md; no selections ledger existed when 2026-10-04 was carded
2026-10-04,2026-10-04T17:00:00Z,Houston Texans,Dallas Cowboys,alternate_spread,,away,-10.5,560,fanduel,0.226785587819237,0.0752704363040855,,,selection: cleared select()'s bars — backfilled 2026-10-05 from card.md; no selections ledger existed when 2026-10-04 was carded
2026-10-04,2026-10-04T17:00:00Z,Cincinnati Bengals,Jacksonville Jaguars,alternate_team_total,,home_under,17.5,475,draftkings,0.2491507036548901,0.0752376601766292,,,selection: cleared select()'s bars — backfilled 2026-10-05 from card.md; no selections ledger existed when 2026-10-04 was carded
2026-10-04,2026-10-04T17:00:00Z,New York Giants,Arizona Cardinals,alternate_spread,,home,3.5,-141,betrivers,0.660124370891051,0.0750621302271505,,,selection: cleared select()'s bars — backfilled 2026-10-05 from card.md; no selections ledger existed when 2026-10-04 was carded
2026-10-04,2026-10-04T17:00:00Z,Philadelphia Eagles,Los Angeles Rams,alternate_total_points,,over,49.0,200,betmgm,0.4083486284161294,0.075015295082796,,,selection: cleared select()'s bars — backfilled 2026-10-05 from card.md; no selections ledger existed when 2026-10-04 was carded
2026-10-04,2026-10-04T20:25:00Z,Seattle Seahawks,Los Angeles Chargers,alternate_team_total,,home_under,18.5,350,fanduel,0.2969383790183073,0.074716156796085,,,selection: cleared select()'s bars — backfilled 2026-10-05 from card.md; no selections ledger existed when 2026-10-04 was carded
2026-10-04,2026-10-04T17:00:00Z,Philadelphia Eagles,Los Angeles Rams,alternate_total_points,,over,45.5,130,betmgm,0.5093472507395655,0.0745646420439133,,,selection: cleared select()'s bars — backfilled 2026-10-05 from card.md; no selections ledger existed when 2026-10-04 was carded
2026-10-04,2026-10-04T13:30:00Z,Washington Commanders,Indianapolis Colts,alternate_team_total,,away_under,16.5,560,fanduel,0.2259567139473199,0.0744415624321684,,,selection: cleared select()'s bars — backfilled 2026-10-05 from card.md; no selections ledger existed when 2026-10-04 was carded
2026-10-04,2026-10-05T00:20:00Z,Carolina Panthers,Detroit Lions,alternate_spread,,away,-4.5,100,fanatics,0.5744388184925462,0.0744388184925461,,,selection: cleared select()'s bars — backfilled 2026-10-05 from card.md; no selections ledger existed when 2026-10-04 was carded
2026-10-04,2026-10-04T17:00:00Z,Houston Texans,Dallas Cowboys,alternate_spread,,away,0.5,125,fanatics,0.5187867817428041,0.0743423372983597,,,selection: cleared select()'s bars — backfilled 2026-10-05 from card.md; no selections ledger existed when 2026-10-04 was carded
2026-10-04,2026-10-04T17:00:00Z,Tampa Bay Buccaneers,Green Bay Packers,alternate_spread,,home,5.5,-152,betrivers,0.6773761951073887,0.0742015919327855,,,selection: cleared select()'s bars — backfilled 2026-10-05 from card.md; no selections ledger existed when 2026-10-04 was carded
2026-10-04,2026-10-04T20:25:00Z,Seattle Seahawks,Los Angeles Chargers,alternate_spread,,away,8.0,-125,fanatics,0.6297046796219785,0.0741491240664229,,,selection: cleared select()'s bars — backfilled 2026-10-05 from card.md; no selections ledger existed when 2026-10-04 was carded
2026-10-04,2026-10-04T17:00:00Z,Tampa Bay Buccaneers,Green Bay Packers,alternate_spread,,home,5.0,-148,betrivers,0.6707361945550901,0.073962001006703,,,selection: cleared select()'s bars — backfilled 2026-10-05 from card.md; no selections ledger existed when 2026-10-04 was carded
2026-10-04,2026-10-04T17:00:00Z,Houston Texans,Dallas Cowboys,alternate_team_total,,home_under,19.5,300,fanduel,0.3238583604478053,0.0738583604478053,,,selection: cleared select()'s bars — backfilled 2026-10-05 from card.md; no selections ledger existed when 2026-10-04 was carded
2026-10-04,2026-10-04T17:00:00Z,Philadelphia Eagles,Los Angeles Rams,total_points,,over,42.5,-110,betus,0.5976044818509406,0.0737949580414167,,,selection: cleared select()'s bars — backfilled 2026-10-05 from card.md; no selections ledger existed when 2026-10-04 was carded
2026-10-04,2026-10-04T17:00:00Z,Houston Texans,Dallas Cowboys,moneyline,,away,,135,bovada,0.4987257832937157,0.0731938684000987,,,selection: cleared select()'s bars — backfilled 2026-10-05 from card.md; no selections ledger existed when 2026-10-04 was carded
2026-10-04,2026-10-04T17:00:00Z,Houston Texans,Dallas Cowboys,alternate_spread,,away,-10.0,525,fanatics,0.233004051776835,0.073004051776835,,,selection: cleared select()'s bars — backfilled 2026-10-05 from card.md; no selections ledger existed when 2026-10-04 was carded
2026-10-04,2026-10-04T20:25:00Z,Seattle Seahawks,Los Angeles Chargers,alternate_team_total,,home_under,23.5,132,fanduel,0.5038933699767463,0.0728588872181256,,,selection: cleared select()'s bars — backfilled 2026-10-05 from card.md; no selections ledger existed when 2026-10-04 was carded
2026-10-04,2026-10-04T17:00:00Z,Buffalo Bills,New England Patriots,alternate_spread,,home,-18.5,420,betrivers,0.2647436097914533,0.0724359174837609,,,selection: cleared select()'s bars — backfilled 2026-10-05 from card.md; no selections ledger existed when 2026-10-04 was carded
2026-10-04,2026-10-04T17:00:00Z,New York Giants,Arizona Cardinals,alternate_team_total,,away_under,19.5,188,betmgm,0.4195613585122084,0.0723391362899862,,,selection: cleared select()'s bars — backfilled 2026-10-05 from card.md; no selections ledger existed when 2026-10-04 was carded
2026-10-04,2026-10-04T20:25:00Z,Las Vegas Raiders,Kansas City Chiefs,alternate_total_points,,under,31.0,600,fanatics,0.2144290103843224,0.0715718675271796,,,selection: cleared select()'s bars — backfilled 2026-10-05 from card.md; no selections ledger existed when 2026-10-04 was carded
2026-10-04,2026-10-04T17:00:00Z,Houston Texans,Dallas Cowboys,alternate_spread,,away,-5.0,250,betrivers,0.3572550317712012,0.0715407460569155,,,selection: cleared select()'s bars — backfilled 2026-10-05 from card.md; no selections ledger existed when 2026-10-04 was carded
2026-10-04,2026-10-04T17:00:00Z,Philadelphia Eagles,Los Angeles Rams,alternate_total_points,,over,46.0,135,betmgm,0.4967268166606459,0.0711949017670288,,,selection: cleared select()'s bars — backfilled 2026-10-05 from card.md; no selections ledger existed when 2026-10-04 was carded
2026-10-04,2026-10-05T00:20:00Z,Carolina Panthers,Detroit Lions,alternate_team_total,,home_under,17.5,235,fanduel,0.3696022135962263,0.0710947509096592,,,selection: cleared select()'s bars — backfilled 2026-10-05 from card.md; no selections ledger existed when 2026-10-04 was carded
2026-10-04,2026-10-05T00:20:00Z,Carolina Panthers,Detroit Lions,alternate_team_total,,home_under,18.5,220,fanduel,0.3829421615406408,0.0704421615406408,,,selection: cleared select()'s bars — backfilled 2026-10-05 from card.md; no selections ledger existed when 2026-10-04 was carded
2026-10-04,2026-10-04T17:00:00Z,Tampa Bay Buccaneers,Green Bay Packers,alternate_total_points,,over,50.0,280,fanatics,0.3330686284215803,0.0699107336847382,,,selection: cleared select()'s bars — backfilled 2026-10-05 from card.md; no selections ledger existed when 2026-10-04 was carded
2026-10-04,2026-10-04T17:00:00Z,Buffalo Bills,New England Patriots,team_total,,home_under,27.5,117,betonlineag,0.5303614641753956,0.069531971087838,,,selection: cleared select()'s bars — backfilled 2026-10-05 from card.md; no selections ledger existed when 2026-10-04 was carded
2026-10-04,2026-10-04T17:00:00Z,Philadelphia Eagles,Los Angeles Rams,alternate_total_points,,over,42.5,-112,betmgm,0.5976044818509406,0.0693025950584877,,,selection: cleared select()'s bars — backfilled 2026-10-05 from card.md; no selections ledger existed when 2026-10-04 was carded
2026-10-04,2026-10-04T20:25:00Z,Seattle Seahawks,Los Angeles Chargers,spread,,away,7.5,-120,williamhill_us,0.6146301569995891,0.0691756115450437,,,selection: cleared select()'s bars — backfilled 2026-10-05 from card.md; no selections ledger existed when 2026-10-04 was carded
2026-10-04,2026-10-04T20:25:00Z,Seattle Seahawks,Los Angeles Chargers,alternate_spread,,away,7.5,-120,fanatics,0.6146301569995891,0.0691756115450437,,,selection: cleared select()'s bars — backfilled 2026-10-05 from card.md; no selections ledger existed when 2026-10-04 was carded
2026-10-04,2026-10-04T20:25:00Z,Seattle Seahawks,Los Angeles Chargers,alternate_spread,,away,9.0,-140,fanatics,0.6524607890168255,0.0691274556834921,,,selection: cleared select()'s bars — backfilled 2026-10-05 from card.md; no selections ledger existed when 2026-10-04 was carded
2026-10-04,2026-10-04T17:00:00Z,New York Giants,Arizona Cardinals,alternate_team_total,,away_under,17.5,230,fanduel,0.3720294356979876,0.0689991326676845,,,selection: cleared select()'s bars — backfilled 2026-10-05 from card.md; no selections ledger existed when 2026-10-04 was carded
2026-10-04,2026-10-05T00:20:00Z,Carolina Panthers,Detroit Lions,alternate_spread,,away,-4.0,-110,betrivers,0.5926956239868695,0.0688861001773456,,,selection: cleared select()'s bars — backfilled 2026-10-05 from card.md; no selections ledger existed when 2026-10-04 was carded
2026-10-04,2026-10-04T17:00:00Z,Chicago Bears,New York Jets,alternate_spread,,home,-8.5,215,fanduel,0.3857193399074965,0.068259022447179,,,selection: cleared select()'s bars — backfilled 2026-10-05 from card.md; no selections ledger existed when 2026-10-04 was carded
2026-10-04,2026-10-04T17:00:00Z,Philadelphia Eagles,Los Angeles Rams,alternate_total_points,,over,43.5,100,fanatics,0.5681014401440344,0.0681014401440344,,,selection: cleared select()'s bars — backfilled 2026-10-05 from card.md; no selections ledger existed when 2026-10-04 was carded
2026-10-04,2026-10-04T20:25:00Z,Seattle Seahawks,Los Angeles Chargers,alternate_spread,,away,9.5,-145,fanatics,0.6598602750946944,0.0680235404008168,,,selection: cleared select()'s bars — backfilled 2026-10-05 from card.md; no selections ledger existed when 2026-10-04 was carded
2026-10-04,2026-10-04T17:00:00Z,New York Giants,Arizona Cardinals,alternate_team_total,,away_under,18.5,215,draftkings,0.3853991328690273,0.0679388154087098,,,selection: cleared select()'s bars — backfilled 2026-10-05 from card.md; no selections ledger existed when 2026-10-04 was carded
2026-10-04,2026-10-04T17:00:00Z,Houston Texans,Dallas Cowboys,alternate_spread,,away,-3.0,188,betmgm,0.414839428371391,0.0676172061491687,,,selection: cleared select()'s bars — backfilled 2026-10-05 from card.md; no selections ledger existed when 2026-10-04 was carded
2026-10-04,2026-10-04T17:00:00Z,Philadelphia Eagles,Los Angeles Rams,alternate_total_points,,over,46.5,140,fanduel,0.4842705438997934,0.0676038772331267,,,selection: cleared select()'s bars — backfilled 2026-10-05 from card.md; no selections ledger existed when 2026-10-04 was carded
2026-10-04,2026-10-04T20:25:00Z,Seattle Seahawks,Los Angeles Chargers,alternate_team_total,,home_under,17.5,360,fanduel,0.284986551666611,0.0675952473187849,,,selection: cleared select()'s bars — backfilled 2026-10-05 from card.md; no selections ledger existed when 2026-10-04 was carded
2026-10-04,2026-10-04T17:00:00Z,Philadelphia Eagles,Los Angeles Rams,alternate_total_points,,over,44.5,115,betmgm,0.5326959854098533,0.0675797063400858,,,selection: cleared select()'s bars — backfilled 2026-10-05 from card.md; no selections ledger existed when 2026-10-04 was carded
2026-10-04,2026-10-04T20:25:00Z,Las Vegas Raiders,Kansas City Chiefs,alternate_total_points,,under,30.5,600,fanatics,0.2104018789083585,0.0675447360512156,,,selection: cleared select()'s bars — backfilled 2026-10-05 from card.md; no selections ledger existed when 2026-10-04 was carded
2026-10-04,2026-10-04T17:00:00Z,Cincinnati Bengals,Jacksonville Jaguars,alternate_total_points,,under,39.5,400,fanduel,0.267520590984815,0.067520590984815,,,selection: cleared select()'s bars — backfilled 2026-10-05 from card.md; no selections ledger existed when 2026-10-04 was carded
2026-10-04,2026-10-04T17:00:00Z,Cincinnati Bengals,Jacksonville Jaguars,alternate_team_total,,away_under,20.5,190,fanduel,0.4120096610583703,0.0671820748514737,,,selection: cleared select()'s bars — backfilled 2026-10-05 from card.md; no selections ledger existed when 2026-10-04 was carded
2026-10-04,2026-10-04T17:00:00Z,Philadelphia Eagles,Los Angeles Rams,alternate_total_points,,over,45.0,120,betmgm,0.521524180453104,0.0669787259076494,,,selection: cleared select()'s bars — backfilled 2026-10-05 from card.md; no selections ledger existed when 2026-10-04 was carded
2026-10-04,2026-10-04T17:00:00Z,Cincinnati Bengals,Jacksonville Jaguars,alternate_spread,,away,-8.0,450,betmgm,0.2487898543152944,0.0669716724971126,,,selection: cleared select()'s bars — backfilled 2026-10-05 from card.md; no selections ledger existed when 2026-10-04 was carded
2026-10-04,2026-10-04T17:00:00Z,Houston Texans,Dallas Cowboys,alternate_team_total,,home_under,25.5,-104,fanduel,0.5767112238507445,0.066907302282117,,,selection: cleared select()'s bars — backfilled 2026-10-05 from card.md; no selections ledger existed when 2026-10-04 was carded
2026-10-04,2026-10-04T17:00:00Z,Houston Texans,Dallas Cowboys,team_total,,home_under,25.5,-104,fanduel,0.5767112238507445,0.066907302282117,,,selection: cleared select()'s bars — backfilled 2026-10-05 from card.md; no selections ledger existed when 2026-10-04 was carded
2026-10-04,2026-10-04T17:00:00Z,Cincinnati Bengals,Jacksonville Jaguars,alternate_team_total,,away_under,22.5,150,betmgm,0.4669041030564848,0.0669041030564848,,,selection: cleared select()'s bars — backfilled 2026-10-05 from card.md; no selections ledger existed when 2026-10-04 was carded
2026-10-04,2026-10-05T00:20:00Z,Carolina Panthers,Detroit Lions,alternate_team_total,,home_under,24.5,-145,draftkings,0.6587262785494741,0.0668895438555965,,,selection: cleared select()'s bars — backfilled 2026-10-05 from card.md; no selections ledger existed when 2026-10-04 was carded
2026-10-04,2026-10-04T20:25:00Z,San Francisco 49ers,Denver Broncos,alternate_total_points,,under,38.0,265,fanatics,0.3407511448685283,0.0667785421288023,,,selection: cleared select()'s bars — backfilled 2026-10-05 from card.md; no selections ledger existed when 2026-10-04 was carded
2026-10-04,2026-10-04T20:25:00Z,Seattle Seahawks,Los Angeles Chargers,alternate_spread,,away,10.0,-160,fanatics,0.6820275413034173,0.0666429259188018,,,selection: cleared select()'s bars — backfilled 2026-10-05 from card.md; no selections ledger existed when 2026-10-04 was carded
2026-10-04,2026-10-04T17:00:00Z,New York Giants,Arizona Cardinals,alternate_spread,,home,-12.5,513,draftkings,0.2295869229093719,0.0664547858783768,,,selection: cleared select()'s bars — backfilled 2026-10-05 from card.md; no selections ledger existed when 2026-10-04 was carded
2026-10-04,2026-10-04T17:00:00Z,Houston Texans,Dallas Cowboys,alternate_team_total,,home_under,24.5,102,fanduel,0.561337552527761,0.0662880475772659,,,selection: cleared select()'s bars — backfilled 2026-10-05 from card.md; no selections ledger existed when 2026-10-04 was carded
2026-10-04,2026-10-04T17:00:00Z,Cincinnati Bengals,Jacksonville Jaguars,alternate_total_points,,under,38.5,451,draftkings,0.2473889379285989,0.0659007346618112,,,selection: cleared select()'s bars — backfilled 2026-10-05 from card.md; no selections ledger existed when 2026-10-04 was carded
2026-10-04,2026-10-04T17:00:00Z,Houston Texans,Dallas Cowboys,alternate_spread,,away,-11.0,600,fanatics,0.2086361193886249,0.065778976531482,,,selection: cleared select()'s bars — backfilled 2026-10-05 from card.md; no selections ledger existed when 2026-10-04 was carded
2026-10-04,2026-10-05T00:20:00Z,Carolina Panthers,Detroit Lions,alternate_spread,,away,-17.5,480,fanduel,0.2379614854550821,0.0655476923516338,,,selection: cleared select()'s bars — backfilled 2026-10-05 from card.md; no selections ledger existed when 2026-10-04 was carded
2026-10-04,2026-10-04T20:25:00Z,San Francisco 49ers,Denver Broncos,alternate_total_points,,under,37.0,310,fanatics,0.309392575815638,0.0654901367912477,,,selection: cleared select()'s bars — backfilled 2026-10-05 from card.md; no selections ledger existed when 2026-10-04 was carded
2026-10-04,2026-10-04T17:00:00Z,Buffalo Bills,New England Patriots,alternate_team_total,,home_under,22.5,290,betmgm,0.3218980557835397,0.0654877993732833,,,selection: cleared select()'s bars — backfilled 2026-10-05 from card.md; no selections ledger existed when 2026-10-04 was carded
2026-10-04,2026-10-04T17:00:00Z,Houston Texans,Dallas Cowboys,alternate_team_total,,home_under,18.5,340,fanduel,0.2927291172052145,0.0654563899324872,,,selection: cleared select()'s bars — backfilled 2026-10-05 from card.md; no selections ledger existed when 2026-10-04 was carded
2026-10-04,2026-10-05T00:20:00Z,Carolina Panthers,Detroit Lions,alternate_team_total,,home_under,25.5,-155,draftkings,0.6731677717443375,0.0653246344894356,,,selection: cleared select()'s bars — backfilled 2026-10-05 from card.md; no selections ledger existed when 2026-10-04 was carded
2026-10-04,2026-10-04T17:00:00Z,Philadelphia Eagles,Los Angeles Rams,alternate_total_points,,over,39.5,-160,fanatics,0.6804896538845767,0.0651050384999613,,,selection: cleared select()'s bars — backfilled 2026-10-05 from card.md; no selections ledger existed when 2026-10-04 was carded
2026-10-04,2026-10-04T17:00:00Z,Chicago Bears,New York Jets,alternate_team_total,,away_under,12.5,420,fanduel,0.2572355922603588,0.0649278999526664,,,selection: cleared select()'s bars — backfilled 2026-10-05 from card.md; no selections ledger existed when 2026-10-04 was carded
2026-10-04,2026-10-04T17:00:00Z,Tampa Bay Buccaneers,Green Bay Packers,alternate_total_points,,over,51.0,320,fanatics,0.3030210073503169,0.0649257692550788,,,selection: cleared select()'s bars — backfilled 2026-10-05 from card.md; no selections ledger existed when 2026-10-04 was carded
2026-10-04,2026-10-04T17:00:00Z,Philadelphia Eagles,Los Angeles Rams,alternate_total_points,,over,42.0,-120,fanatics,0.6102773851501555,0.06482283969561,,,selection: cleared select()'s bars — backfilled 2026-10-05 from card.md; no selections ledger existed when 2026-10-04 was carded
2026-10-04,2026-10-04T17:00:00Z,Buffalo Bills,New England Patriots,alternate_total_points,,under,33.5,600,draftkings,0.2073960273735484,0.0645388845164055,,,selection: cleared select()'s bars — backfilled 2026-10-05 from card.md; no selections ledger existed when 2026-10-04 was carded
2026-10-04,2026-10-04T17:00:00Z,Philadelphia Eagles,Los Angeles Rams,alternate_total_points,,over,44.0,105,betmgm,0.5522485981538032,0.0644437201050227,,,selection: cleared select()'s bars — backfilled 2026-10-05 from card.md; no selections ledger existed when 2026-10-04 was carded
2026-10-04,2026-10-04T20:25:00Z,San Francisco 49ers,Denver Broncos,alternate_total_points,,under,35.0,410,fanatics,0.2602759611329066,0.0641975297603575,,,selection: cleared select()'s bars — backfilled 2026-10-05 from card.md; no selections ledger existed when 2026-10-04 was carded
2026-10-04,2026-10-04T20:25:00Z,Seattle Seahawks,Los Angeles Chargers,alternate_spread,,away,8.5,-135,fanatics,0.6385691924081217,0.0641011073017386,,,selection: cleared select()'s bars — backfilled 2026-10-05 from card.md; no selections ledger existed when 2026-10-04 was carded
2026-10-04,2026-10-05T00:20:00Z,Carolina Panthers,Detroit Lions,alternate_team_total,,home_under,15.5,400,betmgm,0.263988228399532,0.063988228399532,,,selection: cleared select()'s bars — backfilled 2026-10-05 from card.md; no selections ledger existed when 2026-10-04 was carded
2026-10-04,2026-10-05T00:20:00Z,Carolina Panthers,Detroit Lions,alternate_spread,,away,-18.5,560,fanduel,0.2152177241026655,0.063702572587514,,,selection: cleared select()'s bars — backfilled 2026-10-05 from card.md; no selections ledger existed when 2026-10-04 was carded
2026-10-04,2026-10-04T17:00:00Z,New York Giants,Arizona Cardinals,alternate_team_total,,away_under,16.5,310,draftkings,0.3071694196468867,0.0632669806224964,,,selection: cleared select()'s bars — backfilled 2026-10-05 from card.md; no selections ledger existed when 2026-10-04 was carded
2026-10-04,2026-10-04T17:00:00Z,Buffalo Bills,New England Patriots,alternate_team_total,,home_under,21.5,320,fanduel,0.3009272727680767,0.0628320346728386,,,selection: cleared select()'s bars — backfilled 2026-10-05 from card.md; no selections ledger existed when 2026-10-04 was carded
2026-10-04,2026-10-04T17:00:00Z,Philadelphia Eagles,Los Angeles Rams,alternate_total_points,,over,41.5,-125,fanatics,0.6183702903301399,0.0628147347745843,,,selection: cleared select()'s bars — backfilled 2026-10-05 from card.md; no selections ledger existed when 2026-10-04 was carded
2026-10-04,2026-10-05T00:20:00Z,Carolina Panthers,Detroit Lions,alternate_spread,,away,-17.0,450,fanatics,0.2445861957610033,0.0627680139428214,,,selection: cleared select()'s bars — backfilled 2026-10-05 from card.md; no selections ledger existed when 2026-10-04 was carded
2026-10-04,2026-10-04T17:00:00Z,Buffalo Bills,New England Patriots,alternate_spread,,home,-6.0,-125,fanatics,0.6182302616478828,0.0626747060923271,,,selection: cleared select()'s bars — backfilled 2026-10-05 from card.md; no selections ledger existed when 2026-10-04 was carded
2026-10-04,2026-10-04T20:25:00Z,San Francisco 49ers,Denver Broncos,alternate_total_points,,under,36.0,360,fanatics,0.2800357214487064,0.0626444171008803,,,selection: cleared select()'s bars — backfilled 2026-10-05 from card.md; no selections ledger existed when 2026-10-04 was carded
2026-10-04,2026-10-04T17:00:00Z,New York Giants,Arizona Cardinals,alternate_team_total,,home_over,28.5,340,fanduel,0.2899170823527596,0.0626443550800323,,,selection: cleared select()'s bars — backfilled 2026-10-05 from card.md; no selections ledger existed when 2026-10-04 was carded
2026-10-04,2026-10-04T17:00:00Z,Philadelphia Eagles,Los Angeles Rams,alternate_total_points,,over,41.0,-135,fanatics,0.6370411737174818,0.0625730886110987,,,selection: cleared select()'s bars — backfilled 2026-10-05 from card.md; no selections ledger existed when 2026-10-04 was carded
2026-10-04,2026-10-04T17:00:00Z,New York Giants,Arizona Cardinals,alternate_team_total,,home_over,24.5,176,fanduel,0.424727830865482,0.0624089902857719,,,selection: cleared select()'s bars — backfilled 2026-10-05 from card.md; no selections ledger existed when 2026-10-04 was carded
2026-10-04,2026-10-04T20:25:00Z,Seattle Seahawks,Los Angeles Chargers,alternate_team_total,,home_under,25.5,-108,fanduel,0.5816300393105451,0.0623992700797758,,,selection: cleared select()'s bars — backfilled 2026-10-05 from card.md; no selections ledger existed when 2026-10-04 was carded
2026-10-04,2026-10-04T20:25:00Z,Seattle Seahawks,Los Angeles Chargers,team_total,,home_under,25.5,-108,fanduel,0.5816300393105451,0.0623992700797758,,,selection: cleared select()'s bars — backfilled 2026-10-05 from card.md; no selections ledger existed when 2026-10-04 was carded
2026-10-04,2026-10-04T17:00:00Z,Houston Texans,Dallas Cowboys,spread,,away,3.0,-110,lowvig,0.5861130914875956,0.0623035676780717,,,selection: cleared select()'s bars — backfilled 2026-10-05 from card.md; no selections ledger existed when 2026-10-04 was carded
2026-10-04,2026-10-04T17:00:00Z,New York Giants,Arizona Cardinals,alternate_team_total,,away_under,15.5,390,draftkings,0.2660809294623138,0.0619992968092525,,,selection: cleared select()'s bars — backfilled 2026-10-05 from card.md; no selections ledger existed when 2026-10-04 was carded
2026-10-04,2026-10-04T17:00:00Z,New York Giants,Arizona Cardinals,alternate_team_total,,home_over,26.5,215,fanduel,0.3794079154539201,0.0619475979936027,,,selection: cleared select()'s bars — backfilled 2026-10-05 from card.md; no selections ledger existed when 2026-10-04 was carded
2026-10-04,2026-10-04T17:00:00Z,Cincinnati Bengals,Jacksonville Jaguars,alternate_spread,,away,-8.5,450,betmgm,0.2437205058323161,0.0619023240141342,,,selection: cleared select()'s bars — backfilled 2026-10-05 from card.md; no selections ledger existed when 2026-10-04 was carded
2026-10-04,2026-10-04T17:00:00Z,Houston Texans,Dallas Cowboys,alternate_spread,,away,0.0,128,betrivers,0.5004895591778737,0.0618930679498035,,,selection: cleared select()'s bars — backfilled 2026-10-05 from card.md; no selections ledger existed when 2026-10-04 was carded
2026-10-04,2026-10-04T17:00:00Z,Philadelphia Eagles,Los Angeles Rams,alternate_total_points,,over,40.0,-155,fanatics,0.6696506918955705,0.0618075546406685,,,selection: cleared select()'s bars — backfilled 2026-10-05 from card.md; no selections ledger existed when 2026-10-04 was carded
2026-10-04,2026-10-04T20:25:00Z,Seattle Seahawks,Los Angeles Chargers,alternate_team_total,,home_under,16.5,500,fanduel,0.2284412944857671,0.0617746278191004,,,selection: cleared select()'s bars — backfilled 2026-10-05 from card.md; no selections ledger existed when 2026-10-04 was carded
2026-10-04,2026-10-04T17:00:00Z,Philadelphia Eagles,Los Angeles Rams,total_points,,over,43.0,-110,mybookieag,0.5853716853922025,0.0615621615826786,,,selection: cleared select()'s bars — backfilled 2026-10-05 from card.md; no selections ledger existed when 2026-10-04 was carded
2026-10-04,2026-10-04T17:00:00Z,Philadelphia Eagles,Los Angeles Rams,alternate_total_points,,over,43.0,-110,betmgm,0.5853716853922025,0.0615621615826786,,,selection: cleared select()'s bars — backfilled 2026-10-05 from card.md; no selections ledger existed when 2026-10-04 was carded
2026-10-04,2026-10-04T17:00:00Z,Buffalo Bills,New England Patriots,alternate_total_points,,under,37.0,350,fanatics,0.2836916051315387,0.0614693829093165,,,selection: cleared select()'s bars — backfilled 2026-10-05 from card.md; no selections ledger existed when 2026-10-04 was carded
2026-10-04,2026-10-04T17:00:00Z,Cincinnati Bengals,Jacksonville Jaguars,alternate_team_total,,home_under,28.5,-150,draftkings,0.6614107480459421,0.0614107480459421,,,selection: cleared select()'s bars — backfilled 2026-10-05 from card.md; no selections ledger existed when 2026-10-04 was carded
2026-10-04,2026-10-04T17:00:00Z,New York Giants,Arizona Cardinals,alternate_team_total,,home_over,27.5,290,fanduel,0.3178002729200062,0.0613900165097498,,,selection: cleared select()'s bars — backfilled 2026-10-05 from card.md; no selections ledger existed when 2026-10-04 was carded
2026-10-04,2026-10-04T20:25:00Z,Seattle Seahawks,Los Angeles Chargers,alternate_team_total,,home_under,24.5,-102,fanduel,0.5662803447596907,0.0613298497101857,,,selection: cleared select()'s bars — backfilled 2026-10-05 from card.md; no selections ledger existed when 2026-10-04 was carded
2026-10-04,2026-10-04T17:00:00Z,New York Giants,Arizona Cardinals,alternate_team_total,,away_under,14.5,425,draftkings,0.2517405427046731,0.0612643522284826,,,selection: cleared select()'s bars — backfilled 2026-10-05 from card.md; no selections ledger existed when 2026-10-04 was carded
2026-10-04,2026-10-04T17:00:00Z,Chicago Bears,New York Jets,alternate_team_total,,away_under,11.5,460,fanduel,0.2397471706043767,0.0611757420329481,,,selection: cleared select()'s bars — backfilled 2026-10-05 from card.md; no selections ledger existed when 2026-10-04 was carded
2026-10-04,2026-10-04T17:00:00Z,New York Giants,Arizona Cardinals,alternate_team_total,,away_under,24.5,-150,draftkings,0.661148743038102,0.061148743038102,,,selection: cleared select()'s bars — backfilled 2026-10-05 from card.md; no selections ledger existed when 2026-10-04 was carded
2026-10-04,2026-10-05T00:20:00Z,Carolina Panthers,Detroit Lions,alternate_team_total,,home_under,16.5,310,betmgm,0.3049300971937078,0.0610276581693176,,,selection: cleared select()'s bars — backfilled 2026-10-05 from card.md; no selections ledger existed when 2026-10-04 was carded
2026-10-04,2026-10-04T17:00:00Z,Houston Texans,Dallas Cowboys,alternate_spread,,away,-11.5,600,fanatics,0.2038511718378169,0.0609940289806741,,,selection: cleared select()'s bars — backfilled 2026-10-05 from card.md; no selections ledger existed when 2026-10-04 was carded
2026-10-04,2026-10-04T17:00:00Z,Cincinnati Bengals,Jacksonville Jaguars,alternate_total_points,,under,37.5,494,draftkings,0.2289092164724388,0.0605590481222705,,,selection: cleared select()'s bars — backfilled 2026-10-05 from card.md; no selections ledger existed when 2026-10-04 was carded
2026-10-04,2026-10-04T17:00:00Z,Chicago Bears,New York Jets,alternate_team_total,,away_under,10.5,470,fanduel,0.2358423230701616,0.0604037265789336,,,selection: cleared select()'s bars — backfilled 2026-10-05 from card.md; no selections ledger existed when 2026-10-04 was carded
2026-10-04,2026-10-04T17:00:00Z,Chicago Bears,New York Jets,alternate_spread,,home,-7.5,186,fanduel,0.4099960793955092,0.0603457297451596,,,selection: cleared select()'s bars — backfilled 2026-10-05 from card.md; no selections ledger existed when 2026-10-04 was carded
2026-10-04,2026-10-05T00:20:00Z,Carolina Panthers,Detroit Lions,alternate_team_total,,home_under,13.5,525,betmgm,0.2198594586303769,0.0598594586303769,,,selection: cleared select()'s bars — backfilled 2026-10-05 from card.md; no selections ledger existed when 2026-10-04 was carded
2026-10-04,2026-10-04T17:00:00Z,New York Giants,Arizona Cardinals,alternate_team_total,,home_over,25.5,186,fanduel,0.4094280271110557,0.0597776774607061,,,selection: cleared select()'s bars — backfilled 2026-10-05 from card.md; no selections ledger existed when 2026-10-04 was carded
2026-10-04,2026-10-04T17:00:00Z,New York Giants,Arizona Cardinals,alternate_team_total,,home_over,23.5,134,fanduel,0.4870544478454208,0.0597040204949935,,,selection: cleared select()'s bars — backfilled 2026-10-05 from card.md; no selections ledger existed when 2026-10-04 was carded
2026-10-04,2026-10-04T17:00:00Z,Buffalo Bills,New England Patriots,alternate_spread,,home,-19.5,430,fanduel,0.2479751216257202,0.0592958763427013,,,selection: cleared select()'s bars — backfilled 2026-10-05 from card.md; no selections ledger existed when 2026-10-04 was carded
2026-10-04,2026-10-04T17:00:00Z,Chicago Bears,New York Jets,alternate_team_total,,away_under,15.5,230,fanduel,0.3622142317878433,0.0591839287575403,,,selection: cleared select()'s bars — backfilled 2026-10-05 from card.md; no selections ledger existed when 2026-10-04 was carded
2026-10-04,2026-10-04T17:00:00Z,Philadelphia Eagles,Los Angeles Rams,alternate_total_points,,over,53.5,320,fanduel,0.2968079953801814,0.0587127572849432,,,selection: cleared select()'s bars — backfilled 2026-10-05 from card.md; no selections ledger existed when 2026-10-04 was carded
2026-10-04,2026-10-04T17:00:00Z,Houston Texans,Dallas Cowboys,alternate_team_total,,home_under,17.5,350,draftkings,0.2808630518771157,0.0586408296548934,,,selection: cleared select()'s bars — backfilled 2026-10-05 from card.md; no selections ledger existed when 2026-10-04 was carded
2026-10-04,2026-10-04T13:30:00Z,Washington Commanders,Indianapolis Colts,alternate_team_total,,away_under,27.5,-158,fanduel,0.6707959911667699,0.0583928903915761,,,selection: cleared select()'s bars — backfilled 2026-10-05 from card.md; no selections ledger existed when 2026-10-04 was carded
2026-10-04,2026-10-04T17:00:00Z,Cincinnati Bengals,Jacksonville Jaguars,alternate_total_points,,under,36.5,600,fanduel,0.2012388212108987,0.0583816783537558,,,selection: cleared select()'s bars — backfilled 2026-10-05 from card.md; no selections ledger existed when 2026-10-04 was carded
2026-10-04,2026-10-04T17:00:00Z,New York Giants,Arizona Cardinals,alternate_team_total,,home_over,29.5,370,fanduel,0.2711276944552168,0.0583617370084082,,,selection: cleared select()'s bars — backfilled 2026-10-05 from card.md; no selections ledger existed when 2026-10-04 was carded
2026-10-04,2026-10-04T17:00:00Z,Cincinnati Bengals,Jacksonville Jaguars,alternate_team_total,,away_under,21.5,160,draftkings,0.4429732527846063,0.0583578681692217,,,selection: cleared select()'s bars — backfilled 2026-10-05 from card.md; no selections ledger existed when 2026-10-04 was carded
2026-10-04,2026-10-04T20:25:00Z,Seattle Seahawks,Los Angeles Chargers,alternate_team_total,,away_over,27.5,600,fanduel,0.2010751491970349,0.058218006339892,,,selection: cleared select()'s bars — backfilled 2026-10-05 from card.md; no selections ledger existed when 2026-10-04 was carded
2026-10-04,2026-10-04T17:00:00Z,New York Giants,Arizona Cardinals,alternate_team_total,,home_over,30.5,470,fanduel,0.2336182046781432,0.0581796081869152,,,selection: cleared select()'s bars — backfilled 2026-10-05 from card.md; no selections ledger existed when 2026-10-04 was carded
2026-10-04,2026-10-04T17:00:00Z,Buffalo Bills,New England Patriots,alternate_total_points,,under,38.0,290,fanatics,0.3145840488266057,0.0581737924163493,,,selection: cleared select()'s bars — backfilled 2026-10-05 from card.md; no selections ledger existed when 2026-10-04 was carded
2026-10-04,2026-10-04T17:00:00Z,Houston Texans,Dallas Cowboys,alternate_spread,,away,3.0,-112,betmgm,0.5861130914875956,0.0578112046951427,,,selection: cleared select()'s bars — backfilled 2026-10-05 from card.md; no selections ledger existed when 2026-10-04 was carded
2026-10-04,2026-10-05T00:20:00Z,Carolina Panthers,Detroit Lions,alternate_spread,,away,-19.5,600,fanduel,0.2006673679209003,0.0578102250637574,,,selection: cleared select()'s bars — backfilled 2026-10-05 from card.md; no selections ledger existed when 2026-10-04 was carded
2026-10-04,2026-10-04T17:00:00Z,Tampa Bay Buccaneers,Green Bay Packers,alternate_total_points,,over,52.0,350,fanatics,0.2798665623785963,0.0576443401563741,,,selection: cleared select()'s bars — backfilled 2026-10-05 from card.md; no selections ledger existed when 2026-10-04 was carded
2026-10-04,2026-10-04T17:00:00Z,Buffalo Bills,New England Patriots,alternate_team_total,,home_under,20.5,360,fanduel,0.2747969287804592,0.0574056244326331,,,selection: cleared select()'s bars — backfilled 2026-10-05 from card.md; no selections ledger existed when 2026-10-04 was carded
2026-10-04,2026-10-05T00:20:00Z,Carolina Panthers,Detroit Lions,alternate_team_total,,home_under,14.5,420,fanduel,0.249708636342778,0.0574009440350856,,,selection: cleared select()'s bars — backfilled 2026-10-05 from card.md; no selections ledger existed when 2026-10-04 was carded
2026-10-04,2026-10-04T17:00:00Z,Buffalo Bills,New England Patriots,alternate_team_total,,home_under,23.5,230,fanduel,0.3603539147860505,0.0573236117557474,,,selection: cleared select()'s bars — backfilled 2026-10-05 from card.md; no selections ledger existed when 2026-10-04 was carded
2026-10-04,2026-10-04T17:00:00Z,Buffalo Bills,New England Patriots,spread,,home,-6.5,-120,williamhill_us,0.6018797152867579,0.0564251698322124,,,selection: cleared select()'s bars — backfilled 2026-10-05 from card.md; no selections ledger existed when 2026-10-04 was carded
2026-10-04,2026-10-04T17:00:00Z,Buffalo Bills,New England Patriots,alternate_spread,,home,-6.5,-120,betrivers,0.6018797152867579,0.0564251698322124,,,selection: cleared select()'s bars — backfilled 2026-10-05 from card.md; no selections ledger existed when 2026-10-04 was carded
2026-10-04,2026-10-04T17:00:00Z,New York Giants,Arizona Cardinals,alternate_spread,,home,-13.5,557,draftkings,0.2085399413371493,0.0563329398150793,,,selection: cleared select()'s bars — backfilled 2026-10-05 from card.md; no selections ledger existed when 2026-10-04 was carded
2026-10-04,2026-10-04T17:00:00Z,Philadelphia Eagles,Los Angeles Rams,alternate_total_points,,over,40.5,-145,fanatics,0.6476790448622635,0.0558423101683859,,,selection: cleared select()'s bars — backfilled 2026-10-05 from card.md; no selections ledger existed when 2026-10-04 was carded
2026-10-04,2026-10-04T17:00:00Z,New York Giants,Arizona Cardinals,team_total,,home_over,21.5,101,williamhill_us,0.5533018662943598,0.0557894284834145,,,selection: cleared select()'s bars — backfilled 2026-10-05 from card.md; no selections ledger existed when 2026-10-04 was carded
2026-10-04,2026-10-04T17:00:00Z,Cincinnati Bengals,Jacksonville Jaguars,alternate_spread,,away,-7.5,380,betmgm,0.2640965316028597,0.0557631982695263,,,selection: cleared select()'s bars — backfilled 2026-10-05 from card.md; no selections ledger existed when 2026-10-04 was carded
2026-10-04,2026-10-04T17:00:00Z,Tampa Bay Buccaneers,Green Bay Packers,alternate_total_points,,over,53.0,390,fanatics,0.2593098005926544,0.0552281679395932,,,selection: cleared select()'s bars — backfilled 2026-10-05 from card.md; no selections ledger existed when 2026-10-04 was carded
2026-10-04,2026-10-04T17:00:00Z,Cincinnati Bengals,Jacksonville Jaguars,alternate_team_total,,away_under,19.5,260,betmgm,0.3329499584996254,0.0551721807218476,,,selection: cleared select()'s bars — backfilled 2026-10-05 from card.md; no selections ledger existed when 2026-10-04 was carded
2026-10-04,2026-10-04T17:00:00Z,New York Giants,Arizona Cardinals,alternate_team_total,,away_under,13.5,500,draftkings,0.2217440845562545,0.0550774178895878,,,selection: cleared select()'s bars — backfilled 2026-10-05 from card.md; no selections ledger existed when 2026-10-04 was carded
2026-10-04,2026-10-04T17:00:00Z,Cincinnati Bengals,Jacksonville Jaguars,alternate_spread,,away,-7.0,360,betmgm,0.2722937849359315,0.0549024805881054,,,selection: cleared select()'s bars — backfilled 2026-10-05 from card.md; no selections ledger existed when 2026-10-04 was carded
2026-10-04,2026-10-04T17:00:00Z,Buffalo Bills,New England Patriots,alternate_spread,,home,-21.5,600,fanduel,0.1976019342597032,0.0547447914025603,,,selection: cleared select()'s bars — backfilled 2026-10-05 from card.md; no selections ledger existed when 2026-10-04 was carded
2026-10-04,2026-10-04T17:00:00Z,Cincinnati Bengals,Jacksonville Jaguars,alternate_team_total,,away_under,23.5,120,fanduel,0.5091654444036147,0.0546199898581601,,,selection: cleared select()'s bars — backfilled 2026-10-05 from card.md; no selections ledger existed when 2026-10-04 was carded
2026-10-04,2026-10-04T17:00:00Z,Buffalo Bills,New England Patriots,alternate_team_total,,home_under,27.5,110,draftkings,0.5303614641753956,0.0541709879849194,,,selection: cleared select()'s bars — backfilled 2026-10-05 from card.md; no selections ledger existed when 2026-10-04 was carded
2026-10-04,2026-10-04T17:00:00Z,Cincinnati Bengals,Jacksonville Jaguars,alternate_team_total,,home_under,16.5,600,fanduel,0.1969999512118717,0.0541428083547288,,,selection: cleared select()'s bars — backfilled 2026-10-05 from card.md; no selections ledger existed when 2026-10-04 was carded
2026-10-04,2026-10-04T17:00:00Z,Chicago Bears,New York Jets,alternate_team_total,,away_under,13.5,290,fanduel,0.3099846869100694,0.053574430499813,,,selection: cleared select()'s bars — backfilled 2026-10-05 from card.md; no selections ledger existed when 2026-10-04 was carded
2026-10-04,2026-10-05T00:20:00Z,Carolina Panthers,Detroit Lions,alternate_spread,,away,-18.0,500,fanatics,0.220226503133409,0.0535598364667423,,,selection: cleared select()'s bars — backfilled 2026-10-05 from card.md; no selections ledger existed when 2026-10-04 was carded
2026-10-04,2026-10-04T17:00:00Z,Philadelphia Eagles,Los Angeles Rams,alternate_total_points,,over,55.5,420,fanduel,0.245835763639873,0.0535280713321807,,,selection: cleared select()'s bars — backfilled 2026-10-05 from card.md; no selections ledger existed when 2026-10-04 was carded
2026-10-04,2026-10-04T13:30:00Z,Washington Commanders,Indianapolis Colts,alternate_total_points,,over,49.0,130,betmgm,0.4881231370171889,0.0533405283215367,,,selection: cleared select()'s bars — backfilled 2026-10-05 from card.md; no selections ledger existed when 2026-10-04 was carded
2026-10-04,2026-10-04T20:25:00Z,San Francisco 49ers,Denver Broncos,alternate_total_points,,under,34.0,450,fanatics,0.2351124311535827,0.0532942493354008,,,selection: cleared select()'s bars — backfilled 2026-10-05 from card.md; no selections ledger existed when 2026-10-04 was carded
2026-10-04,2026-10-04T13:30:00Z,Washington Commanders,Indianapolis Colts,alternate_total_points,,over,50.0,145,betmgm,0.461376415873416,0.0532131505672935,,,selection: cleared select()'s bars — backfilled 2026-10-05 from card.md; no selections ledger existed when 2026-10-04 was carded
2026-10-04,2026-10-04T17:00:00Z,Buffalo Bills,New England Patriots,alternate_team_total,,home_under,25.5,162,fanduel,0.4343064702666746,0.0526270809536975,,,selection: cleared select()'s bars — backfilled 2026-10-05 from card.md; no selections ledger existed when 2026-10-04 was carded
2026-10-04,2026-10-04T17:00:00Z,Houston Texans,Dallas Cowboys,alternate_team_total,,home_under,16.5,480,fanduel,0.2247937724504127,0.0523799793469644,,,selection: cleared select()'s bars — backfilled 2026-10-05 from card.md; no selections ledger existed when 2026-10-04 was carded
2026-10-04,2026-10-04T17:00:00Z,Cincinnati Bengals,Jacksonville Jaguars,alternate_team_total,,away_under,24.5,-108,betmgm,0.5715212197729685,0.0522904505421992,,,selection: cleared select()'s bars — backfilled 2026-10-05 from card.md; no selections ledger existed when 2026-10-04 was carded
2026-10-04,2026-10-04T17:00:00Z,Cincinnati Bengals,Jacksonville Jaguars,team_total,,away_under,24.5,-108,betmgm,0.5715212197729685,0.0522904505421992,,,selection: cleared select()'s bars — backfilled 2026-10-05 from card.md; no selections ledger existed when 2026-10-04 was carded
2026-10-04,2026-10-04T17:00:00Z,Buffalo Bills,New England Patriots,alternate_spread,,home,-20.5,480,fanduel,0.2244041659878208,0.0519903728843725,,,selection: cleared select()'s bars — backfilled 2026-10-05 from card.md; no selections ledger existed when 2026-10-04 was carded
2026-10-04,2026-10-04T17:00:00Z,Buffalo Bills,New England Patriots,alternate_total_points,,under,36.0,390,fanatics,0.2558875593790251,0.0518059267259638,,,selection: cleared select()'s bars — backfilled 2026-10-05 from card.md; no selections ledger existed when 2026-10-04 was carded
2026-10-04,2026-10-04T17:00:00Z,Chicago Bears,New York Jets,alternate_team_total,,away_under,17.5,134,fanduel,0.4789926037306684,0.051642176380241,,,selection: cleared select()'s bars — backfilled 2026-10-05 from card.md; no selections ledger existed when 2026-10-04 was carded
2026-10-04,2026-10-04T17:00:00Z,Buffalo Bills,New England Patriots,alternate_team_total,,home_under,24.5,172,fanduel,0.4192733596176922,0.0516263007941628,,,selection: cleared select()'s bars — backfilled 2026-10-05 from card.md; no selections ledger existed when 2026-10-04 was carded
2026-10-04,2026-10-04T17:00:00Z,Chicago Bears,New York Jets,alternate_team_total,,away_under,14.5,240,fanduel,0.3456514568856037,0.0515338098267801,,,selection: cleared select()'s bars — backfilled 2026-10-05 from card.md; no selections ledger existed when 2026-10-04 was carded
2026-10-04,2026-10-04T13:30:00Z,Washington Commanders,Indianapolis Colts,alternate_total_points,,over,53.5,215,bovada,0.3689627165363543,0.0515023990760368,,,selection: cleared select()'s bars — backfilled 2026-10-05 from card.md; no selections ledger existed when 2026-10-04 was carded
2026-10-04,2026-10-04T17:00:00Z,Chicago Bears,New York Jets,alternate_spread,,home,-9.5,220,fanduel,0.3637903986688026,0.0512903986688026,,,selection: cleared select()'s bars — backfilled 2026-10-05 from card.md; no selections ledger existed when 2026-10-04 was carded
2026-10-04,2026-10-04T17:00:00Z,Chicago Bears,New York Jets,alternate_team_total,,away_under,16.5,180,fanduel,0.4083110395209685,0.0511681823781113,,,selection: cleared select()'s bars — backfilled 2026-10-05 from card.md; no selections ledger existed when 2026-10-04 was carded
2026-10-04,2026-10-04T17:00:00Z,Tampa Bay Buccaneers,Green Bay Packers,alternate_spread,,home,-12.5,560,fanduel,0.2025921300352736,0.0510769785201221,,,selection: cleared select()'s bars — backfilled 2026-10-05 from card.md; no selections ledger existed when 2026-10-04 was carded
2026-10-04,2026-10-04T17:00:00Z,Philadelphia Eagles,Los Angeles Rams,alternate_total_points,,over,54.5,360,fanduel,0.2682227717139577,0.0508314673661316,,,selection: cleared select()'s bars — backfilled 2026-10-05 from card.md; no selections ledger existed when 2026-10-04 was carded
2026-10-04,2026-10-04T13:30:00Z,Washington Commanders,Indianapolis Colts,team_total,,away_under,24.5,-105,betonlineag,0.5629194631841402,0.0507243412329206,,,selection: cleared select()'s bars — backfilled 2026-10-05 from card.md; no selections ledger existed when 2026-10-04 was carded
2026-10-04,2026-10-04T17:00:00Z,Chicago Bears,New York Jets,alternate_team_total,,away_under,18.5,126,fanduel,0.4931449714133911,0.0506670953071963,,,selection: cleared select()'s bars — backfilled 2026-10-05 from card.md; no selections ledger existed when 2026-10-04 was carded
2026-10-04,2026-10-04T20:25:00Z,Seattle Seahawks,Los Angeles Chargers,alternate_team_total,,home_under,15.5,600,betmgm,0.1935075043911714,0.0506503615340285,,,selection: cleared select()'s bars — backfilled 2026-10-05 from card.md; no selections ledger existed when 2026-10-04 was carded
2026-10-04,2026-10-04T13:30:00Z,Washington Commanders,Indianapolis Colts,alternate_total_points,,over,55.0,270,betmgm,0.3209053105987701,0.0506350403284998,,,selection: cleared select()'s bars — backfilled 2026-10-05 from card.md; no selections ledger existed when 2026-10-04 was carded
2026-10-04,2026-10-04T17:00:00Z,Buffalo Bills,New England Patriots,alternate_team_total,,home_under,19.5,525,betmgm,0.2105449883393924,0.0505449883393924,,,selection: cleared select()'s bars — backfilled 2026-10-05 from card.md; no selections ledger existed when 2026-10-04 was carded
2026-10-04,2026-10-04T13:30:00Z,Washington Commanders,Indianapolis Colts,alternate_total_points,,over,52.0,185,betmgm,0.4013607142350656,0.0504835212526094,,,selection: cleared select()'s bars — backfilled 2026-10-05 from card.md; no selections ledger existed when 2026-10-04 was carded
2026-10-04,2026-10-04T20:25:00Z,Seattle Seahawks,Los Angeles Chargers,alternate_team_total,,home_under,26.5,-128,fanduel,0.6118170206210872,0.0504135118491574,,,selection: cleared select()'s bars — backfilled 2026-10-05 from card.md; no selections ledger existed when 2026-10-04 was carded
2026-10-04,2026-10-04T17:00:00Z,Chicago Bears,New York Jets,alternate_total_points,,under,37.5,196,fanduel,0.3879172386165017,0.0500794007786638,,,selection: cleared select()'s bars — backfilled 2026-10-05 from card.md; no selections ledger existed when 2026-10-04 was carded
2026-10-04,2026-10-04T13:30:00Z,Washington Commanders,Indianapolis Colts,alternate_total_points,,over,55.5,280,betmgm,0.3129426808445806,0.0497847861077385,,,selection: cleared select()'s bars — backfilled 2026-10-05 from card.md; no selections ledger existed when 2026-10-04 was carded
2026-10-04,2026-10-05T00:20:00Z,Carolina Panthers,Detroit Lions,alternate_spread,,away,-19.0,550,fanatics,0.2036302607441129,0.049784106897959,,,selection: cleared select()'s bars — backfilled 2026-10-05 from card.md; no selections ledger existed when 2026-10-04 was carded
2026-10-04,2026-10-04T17:00:00Z,Buffalo Bills,New England Patriots,alternate_spread,,home,-5.0,-145,fanatics,0.6416130424513565,0.0497763077574789,,,selection: cleared select()'s bars — backfilled 2026-10-05 from card.md; no selections ledger existed when 2026-10-04 was carded
2026-10-04,2026-10-04T13:30:00Z,Washington Commanders,Indianapolis Colts,alternate_total_points,,over,56.0,300,betmgm,0.2997466325379019,0.0497466325379019,,,selection: cleared select()'s bars — backfilled 2026-10-05 from card.md; no selections ledger existed when 2026-10-04 was carded
2026-10-04,2026-10-04T17:00:00Z,Chicago Bears,New York Jets,alternate_total_points,,under,38.5,176,fanduel,0.4114500530129232,0.049131212433213,,,selection: cleared select()'s bars — backfilled 2026-10-05 from card.md; no selections ledger existed when 2026-10-04 was carded
2026-10-04,2026-10-04T17:00:00Z,Buffalo Bills,New England Patriots,alternate_total_points,,under,35.0,430,fanatics,0.2374455273206259,0.048766282037607,,,selection: cleared select()'s bars — backfilled 2026-10-05 from card.md; no selections ledger existed when 2026-10-04 was carded
2026-10-04,2026-10-04T17:00:00Z,New York Giants,Arizona Cardinals,alternate_team_total,,home_over,31.5,600,fanduel,0.1913845988780704,0.0485274560209276,,,selection: cleared select()'s bars — backfilled 2026-10-05 from card.md; no selections ledger existed when 2026-10-04 was carded
2026-10-04,2026-10-04T17:00:00Z,Chicago Bears,New York Jets,alternate_total_points,,under,36.5,230,fanduel,0.3514259193460737,0.0483956163157707,,,selection: cleared select()'s bars — backfilled 2026-10-05 from card.md; no selections ledger existed when 2026-10-04 was carded
2026-10-04,2026-10-04T17:00:00Z,Buffalo Bills,New England Patriots,alternate_team_total,,home_under,26.5,140,fanduel,0.4649651323814022,0.0482984657147355,,,selection: cleared select()'s bars — backfilled 2026-10-05 from card.md; no selections ledger existed when 2026-10-04 was carded
2026-10-04,2026-10-04T17:00:00Z,Chicago Bears,New York Jets,alternate_spread,,home,-8.0,188,betrivers,0.3953163315027455,0.0480941092805233,,,selection: cleared select()'s bars — backfilled 2026-10-05 from card.md; no selections ledger existed when 2026-10-04 was carded
2026-10-04,2026-10-04T17:00:00Z,Chicago Bears,New York Jets,alternate_spread,,home,-10.5,255,fanduel,0.3294877498414023,0.0477976089963318,,,selection: cleared select()'s bars — backfilled 2026-10-05 from card.md; no selections ledger existed when 2026-10-04 was carded
2026-10-04,2026-10-04T13:30:00Z,Washington Commanders,Indianapolis Colts,alternate_total_points,,over,52.5,190,betmgm,0.3924779405121595,0.0476503543052629,,,selection: cleared select()'s bars — backfilled 2026-10-05 from card.md; no selections ledger existed when 2026-10-04 was carded
2026-10-04,2026-10-04T17:00:00Z,Chicago Bears,New York Jets,alternate_team_total,,away_under,19.5,108,fanduel,0.5282712484393907,0.0475020176701598,,,selection: cleared select()'s bars — backfilled 2026-10-05 from card.md; no selections ledger existed when 2026-10-04 was carded
2026-10-04,2026-10-04T20:25:00Z,San Francisco 49ers,Denver Broncos,alternate_total_points,,under,33.0,525,fanatics,0.2074810580561272,0.0474810580561272,,,selection: cleared select()'s bars — backfilled 2026-10-05 from card.md; no selections ledger existed when 2026-10-04 was carded
2026-10-04,2026-10-04T17:00:00Z,Philadelphia Eagles,Los Angeles Rams,alternate_total_points,,over,56.5,450,fanduel,0.2291802803820418,0.0473620985638599,,,selection: cleared select()'s bars — backfilled 2026-10-05 from card.md; no selections ledger existed when 2026-10-04 was carded
2026-10-04,2026-10-04T17:00:00Z,Houston Texans,Dallas Cowboys,alternate_team_total,,home_under,15.5,600,draftkings,0.1901973760436575,0.0473402331865147,,,selection: cleared select()'s bars — backfilled 2026-10-05 from card.md; no selections ledger existed when 2026-10-04 was carded
2026-10-04,2026-10-04T17:00:00Z,Chicago Bears,New York Jets,alternate_team_total,,away_under,20.5,-130,fanduel,0.611874574636405,0.0466571833320572,,,selection: cleared select()'s bars — backfilled 2026-10-05 from card.md; no selections ledger existed when 2026-10-04 was carded
2026-10-04,2026-10-04T17:00:00Z,Chicago Bears,New York Jets,team_total,,away_under,20.5,-130,fanduel,0.611874574636405,0.0466571833320572,,,selection: cleared select()'s bars — backfilled 2026-10-05 from card.md; no selections ledger existed when 2026-10-04 was carded
2026-10-04,2026-10-05T00:20:00Z,Carolina Panthers,Detroit Lions,alternate_spread,,away,-3.0,-137,betrivers,0.624499133088751,0.0464400613587931,,,selection: cleared select()'s bars — backfilled 2026-10-05 from card.md; no selections ledger existed when 2026-10-04 was carded
2026-10-04,2026-10-04T13:30:00Z,Washington Commanders,Indianapolis Colts,alternate_total_points,,over,57.5,349,draftkings,0.2690612137498999,0.0463440645294099,,,selection: cleared select()'s bars — backfilled 2026-10-05 from card.md; no selections ledger existed when 2026-10-04 was carded
2026-10-04,2026-10-04T17:00:00Z,Houston Texans,Dallas Cowboys,alternate_spread,,away,-1.5,144,fanduel,0.4560532498449458,0.0462171842711753,,,selection: cleared select()'s bars — backfilled 2026-10-05 from card.md; no selections ledger existed when 2026-10-04 was carded
2026-10-04,2026-10-04T17:00:00Z,Houston Texans,Dallas Cowboys,alternate_spread,,away,-2.5,158,fanduel,0.4336805370809664,0.0460836378561602,,,selection: cleared select()'s bars — backfilled 2026-10-05 from card.md; no selections ledger existed when 2026-10-04 was carded
2026-10-04,2026-10-04T17:00:00Z,Philadelphia Eagles,Los Angeles Rams,alternate_total_points,,over,57.5,520,fanduel,0.2072263538575895,0.0459360312769443,,,selection: cleared select()'s bars — backfilled 2026-10-05 from card.md; no selections ledger existed when 2026-10-04 was carded
2026-10-04,2026-10-04T13:30:00Z,Washington Commanders,Indianapolis Colts,alternate_total_points,,over,54.0,230,betmgm,0.3486355764746857,0.0456052734443827,,,selection: cleared select()'s bars — backfilled 2026-10-05 from card.md; no selections ledger existed when 2026-10-04 was carded
2026-10-04,2026-10-04T13:30:00Z,Washington Commanders,Indianapolis Colts,total_points,,over,46.5,-107,lowvig,0.5623812356616579,0.0454730231012714,,,selection: cleared select()'s bars — backfilled 2026-10-05 from card.md; no selections ledger existed when 2026-10-04 was carded
2026-10-04,2026-10-04T17:00:00Z,Chicago Bears,New York Jets,alternate_total_points,,under,32.5,400,fanduel,0.2453004395628369,0.0453004395628369,,,selection: cleared select()'s bars — backfilled 2026-10-05 from card.md; no selections ledger existed when 2026-10-04 was carded
2026-10-04,2026-10-04T17:00:00Z,Tampa Bay Buccaneers,Green Bay Packers,alternate_total_points,,over,54.0,430,fanatics,0.2338190934697104,0.0451398481866915,,,selection: cleared select()'s bars — backfilled 2026-10-05 from card.md; no selections ledger existed when 2026-10-04 was carded
2026-10-04,2026-10-04T17:00:00Z,Chicago Bears,New York Jets,alternate_total_points,,under,34.5,285,fanduel,0.3048684986738627,0.045128238933603,,,selection: cleared select()'s bars — backfilled 2026-10-05 from card.md; no selections ledger existed when 2026-10-04 was carded
2026-10-04,2026-10-04T13:30:00Z,Washington Commanders,Indianapolis Colts,alternate_total_points,,over,45.0,-125,fanatics,0.6006060203456636,0.0450504647901079,,,selection: cleared select()'s bars — backfilled 2026-10-05 from card.md; no selections ledger existed when 2026-10-04 was carded
2026-10-04,2026-10-04T17:00:00Z,Cincinnati Bengals,Jacksonville Jaguars,alternate_team_total,,away_under,18.5,290,betmgm,0.3014415192516579,0.0450312628414015,,,selection: cleared select()'s bars — backfilled 2026-10-05 from card.md; no selections ledger existed when 2026-10-04 was carded
2026-10-04,2026-10-04T17:00:00Z,Buffalo Bills,New England Patriots,alternate_spread,,home,-5.5,-140,fanatics,0.6283270559872,0.0449937226538665,,,selection: cleared select()'s bars — backfilled 2026-10-05 from card.md; no selections ledger existed when 2026-10-04 was carded
2026-10-04,2026-10-04T17:00:00Z,Tampa Bay Buccaneers,Green Bay Packers,alternate_total_points,,over,55.0,500,fanatics,0.2114851304587168,0.0448184637920501,,,selection: cleared select()'s bars — backfilled 2026-10-05 from card.md; no selections ledger existed when 2026-10-04 was carded
2026-10-04,2026-10-04T17:00:00Z,Chicago Bears,New York Jets,alternate_total_points,,under,41.5,118,fanduel,0.5033131390756554,0.0445975427453801,,,selection: cleared select()'s bars — backfilled 2026-10-05 from card.md; no selections ledger existed when 2026-10-04 was carded
2026-10-04,2026-10-04T17:00:00Z,Cincinnati Bengals,Jacksonville Jaguars,alternate_spread,,away,-9.5,450,fanduel,0.2264012192634972,0.0445830374453154,,,selection: cleared select()'s bars — backfilled 2026-10-05 from card.md; no selections ledger existed when 2026-10-04 was carded
2026-10-04,2026-10-04T17:00:00Z,Chicago Bears,New York Jets,alternate_total_points,,under,40.5,134,fanduel,0.4719062622072185,0.0445558348567911,,,selection: cleared select()'s bars — backfilled 2026-10-05 from card.md; no selections ledger existed when 2026-10-04 was carded
2026-10-04,2026-10-04T13:30:00Z,Washington Commanders,Indianapolis Colts,alternate_total_points,,over,53.0,200,betmgm,0.3778478944020038,0.0445145610686705,,,selection: cleared select()'s bars — backfilled 2026-10-05 from card.md; no selections ledger existed when 2026-10-04 was carded
2026-10-04,2026-10-04T13:30:00Z,Washington Commanders,Indianapolis Colts,alternate_total_points,,over,51.5,170,draftkings,0.4146095877009868,0.0442392173306164,,,selection: cleared select()'s bars — backfilled 2026-10-05 from card.md; no selections ledger existed when 2026-10-04 was carded
2026-10-04,2026-10-04T13:30:00Z,Washington Commanders,Indianapolis Colts,alternate_total_points,,over,51.0,160,betmgm,0.428739408989515,0.0441240243741303,,,selection: cleared select()'s bars — backfilled 2026-10-05 from card.md; no selections ledger existed when 2026-10-04 was carded
2026-10-04,2026-10-04T13:30:00Z,Washington Commanders,Indianapolis Colts,alternate_total_points,,over,56.5,300,draftkings,0.2940980041606189,0.0440980041606189,,,selection: cleared select()'s bars — backfilled 2026-10-05 from card.md; no selections ledger existed when 2026-10-04 was carded
2026-10-04,2026-10-04T17:00:00Z,Chicago Bears,New York Jets,alternate_spread,,home,-9.0,205,betrivers,0.3719467981493398,0.0440779456903234,,,selection: cleared select()'s bars — backfilled 2026-10-05 from card.md; no selections ledger existed when 2026-10-04 was carded
2026-10-04,2026-10-05T00:20:00Z,Carolina Panthers,Detroit Lions,alternate_total_points,,under,55.5,-160,fanatics,0.6594364617013724,0.0440518463167569,,,selection: cleared select()'s bars — backfilled 2026-10-05 from card.md; no selections ledger existed when 2026-10-04 was carded
2026-10-04,2026-10-05T00:20:00Z,Carolina Panthers,Detroit Lions,total_points,,under,51.5,-105,bovada,0.5560229549846247,0.0438278330334052,,,selection: cleared select()'s bars — backfilled 2026-10-05 from card.md; no selections ledger existed when 2026-10-04 was carded
2026-10-04,2026-10-04T17:00:00Z,Cincinnati Bengals,Jacksonville Jaguars,spread,,away,2.5,105,lowvig,0.5315538002123976,0.0437489221636171,,,selection: cleared select()'s bars — backfilled 2026-10-05 from card.md; no selections ledger existed when 2026-10-04 was carded
2026-10-04,2026-10-04T13:30:00Z,Washington Commanders,Indianapolis Colts,alternate_total_points,,over,54.5,240,betmgm,0.3377557004213904,0.0436380533625669,,,selection: cleared select()'s bars — backfilled 2026-10-05 from card.md; no selections ledger existed when 2026-10-04 was carded
2026-10-04,2026-10-04T17:00:00Z,Houston Texans,Dallas Cowboys,alternate_spread,,away,-2.0,150,betrivers,0.4436051885448922,0.0436051885448922,,,selection: cleared select()'s bars — backfilled 2026-10-05 from card.md; no selections ledger existed when 2026-10-04 was carded
2026-10-04,2026-10-04T17:00:00Z,Houston Texans,Dallas Cowboys,alternate_spread,,away,-0.5,128,betrivers,0.4821564712035169,0.0435599799754467,,,selection: cleared select()'s bars — backfilled 2026-10-05 from card.md; no selections ledger existed when 2026-10-04 was carded
2026-10-04,2026-10-04T17:00:00Z,Houston Texans,Dallas Cowboys,alternate_spread,,away,-12.5,588,draftkings,0.1887943141843243,0.043445476975022,,,selection: cleared select()'s bars — backfilled 2026-10-05 from card.md; no selections ledger existed when 2026-10-04 was carded
2026-10-04,2026-10-04T20:25:00Z,Las Vegas Raiders,Kansas City Chiefs,alternate_spread,,home,-3.5,360,bovada,0.2608296305151042,0.0434383261672781,,,selection: cleared select()'s bars — backfilled 2026-10-05 from card.md; no selections ledger existed when 2026-10-04 was carded
2026-10-04,2026-10-04T17:00:00Z,Buffalo Bills,New England Patriots,alternate_team_total,,home_under,18.5,600,fanduel,0.1858848652130222,0.0430277223558794,,,selection: cleared select()'s bars — backfilled 2026-10-05 from card.md; no selections ledger existed when 2026-10-04 was carded
2026-10-04,2026-10-04T20:25:00Z,San Francisco 49ers,Denver Broncos,alternate_total_points,,under,31.5,600,fanatics,0.185877726647548,0.0430205837904051,,,selection: cleared select()'s bars — backfilled 2026-10-05 from card.md; no selections ledger existed when 2026-10-04 was carded
2026-10-04,2026-10-04T17:00:00Z,Cincinnati Bengals,Jacksonville Jaguars,alternate_total_points,,under,41.0,280,fanatics,0.3061279565183801,0.042970061781538,,,selection: cleared select()'s bars — backfilled 2026-10-05 from card.md; no selections ledger existed when 2026-10-04 was carded
2026-10-04,2026-10-04T17:00:00Z,Houston Texans,Dallas Cowboys,alternate_spread,,away,-1.0,135,betrivers,0.4682767823517532,0.0427448674581361,,,selection: cleared select()'s bars — backfilled 2026-10-05 from card.md; no selections ledger existed when 2026-10-04 was carded
2026-10-04,2026-10-04T13:30:00Z,Washington Commanders,Indianapolis Colts,alternate_total_points,,over,49.5,130,betmgm,0.4774987816041687,0.0427161729085165,,,selection: cleared select()'s bars — backfilled 2026-10-05 from card.md; no selections ledger existed when 2026-10-04 was carded
2026-10-04,2026-10-04T17:00:00Z,Chicago Bears,New York Jets,alternate_spread,,home,-10.0,235,betrivers,0.3411915228319941,0.042684060145427,,,selection: cleared select()'s bars — backfilled 2026-10-05 from card.md; no selections ledger existed when 2026-10-04 was carded
2026-10-04,2026-10-05T00:20:00Z,Carolina Panthers,Detroit Lions,alternate_total_points,,under,55.0,-155,fanatics,0.650525258950935,0.0426821216960331,,,selection: cleared select()'s bars — backfilled 2026-10-05 from card.md; no selections ledger existed when 2026-10-04 was carded
2026-10-04,2026-10-04T17:00:00Z,Cincinnati Bengals,Jacksonville Jaguars,alternate_team_total,,away_under,26.5,-135,betmgm,0.6169344569646613,0.0424663718582782,,,selection: cleared select()'s bars — backfilled 2026-10-05 from card.md; no selections ledger existed when 2026-10-04 was carded
2026-10-04,2026-10-04T17:00:00Z,Chicago Bears,New York Jets,alternate_total_points,,under,39.5,154,fanduel,0.4359522337951335,0.0422514463935586,,,selection: cleared select()'s bars — backfilled 2026-10-05 from card.md; no selections ledger existed when 2026-10-04 was carded
2026-10-04,2026-10-05T00:20:00Z,Carolina Panthers,Detroit Lions,alternate_spread,,away,-20.0,600,fanatics,0.1849655742864975,0.0421084314293546,,,selection: cleared select()'s bars — backfilled 2026-10-05 from card.md; no selections ledger existed when 2026-10-04 was carded
2026-10-04,2026-10-05T00:20:00Z,Carolina Panthers,Detroit Lions,alternate_total_points,,under,54.5,-145,fanatics,0.6339376152792028,0.0421008805853252,,,selection: cleared select()'s bars — backfilled 2026-10-05 from card.md; no selections ledger existed when 2026-10-04 was carded
2026-10-04,2026-10-04T17:00:00Z,Chicago Bears,New York Jets,alternate_total_points,,under,31.5,440,fanduel,0.2271721778143846,0.0419869926291994,,,selection: cleared select()'s bars — backfilled 2026-10-05 from card.md; no selections ledger existed when 2026-10-04 was carded
2026-10-04,2026-10-04T20:25:00Z,San Francisco 49ers,Denver Broncos,alternate_total_points,,under,32.5,525,fanatics,0.2019188731801834,0.0419188731801834,,,selection: cleared select()'s bars — backfilled 2026-10-05 from card.md; no selections ledger existed when 2026-10-04 was carded
2026-10-04,2026-10-04T17:00:00Z,Philadelphia Eagles,Los Angeles Rams,alternate_total_points,,over,58.5,600,fanduel,0.1846957266362893,0.0418385837791464,,,selection: cleared select()'s bars — backfilled 2026-10-05 from card.md; no selections ledger existed when 2026-10-04 was carded
2026-10-04,2026-10-04T13:30:00Z,Washington Commanders,Indianapolis Colts,alternate_total_points,,over,46.0,-115,fanatics,0.5766337049008399,0.0417499839706073,,,selection: cleared select()'s bars — backfilled 2026-10-05 from card.md; no selections ledger existed when 2026-10-04 was carded
2026-10-04,2026-10-04T17:00:00Z,Cincinnati Bengals,Jacksonville Jaguars,alternate_spread,,away,-9.0,430,betrivers,0.2303914345413196,0.0417121892583007,,,selection: cleared select()'s bars — backfilled 2026-10-05 from card.md; no selections ledger existed when 2026-10-04 was carded
2026-10-04,2026-10-04T17:00:00Z,Buffalo Bills,New England Patriots,alternate_spread,,home,-19.0,375,fanatics,0.2522042048500971,0.0416778890606234,,,selection: cleared select()'s bars — backfilled 2026-10-05 from card.md; no selections ledger existed when 2026-10-04 was carded
2026-10-04,2026-10-04T13:30:00Z,Washington Commanders,Indianapolis Colts,alternate_total_points,,over,45.5,-120,fanatics,0.5870979130220854,0.0416433675675399,,,selection: cleared select()'s bars — backfilled 2026-10-05 from card.md; no selections ledger existed when 2026-10-04 was carded
2026-10-04,2026-10-04T17:00:00Z,Chicago Bears,New York Jets,alternate_total_points,,under,35.5,255,fanduel,0.3232919817702686,0.0416018409251981,,,selection: cleared select()'s bars — backfilled 2026-10-05 from card.md; no selections ledger existed when 2026-10-04 was carded
2026-10-04,2026-10-04T17:00:00Z,New York Giants,Arizona Cardinals,alternate_team_total,,home_over,22.5,105,draftkings,0.5293364289147926,0.0415315508660121,,,selection: cleared select()'s bars — backfilled 2026-10-05 from card.md; no selections ledger existed when 2026-10-04 was carded
2026-10-04,2026-10-04T17:00:00Z,Chicago Bears,New York Jets,alternate_spread,,home,-7.0,160,betrivers,0.4260802121515183,0.0414648275361336,,,selection: cleared select()'s bars — backfilled 2026-10-05 from card.md; no selections ledger existed when 2026-10-04 was carded
2026-10-04,2026-10-04T17:00:00Z,Chicago Bears,New York Jets,alternate_spread,,home,-11.5,285,fanduel,0.3011533635783357,0.041413103838076,,,selection: cleared select()'s bars — backfilled 2026-10-05 from card.md; no selections ledger existed when 2026-10-04 was carded
2026-10-04,2026-10-04T17:00:00Z,Cincinnati Bengals,Jacksonville Jaguars,alternate_team_total,,away_under,25.5,-120,betmgm,0.58684282151103,0.0413882760564845,,,selection: cleared select()'s bars — backfilled 2026-10-05 from card.md; no selections ledger existed when 2026-10-04 was carded
2026-10-04,2026-10-04T17:00:00Z,Buffalo Bills,New England Patriots,alternate_spread,,home,-4.5,-155,fanatics,0.6490342199397843,0.0411910826848823,,,selection: cleared select()'s bars — backfilled 2026-10-05 from card.md; no selections ledger existed when 2026-10-04 was carded
2026-10-04,2026-10-04T17:00:00Z,New York Giants,Arizona Cardinals,alternate_team_total,,home_over,21.5,-105,draftkings,0.5533018662943598,0.0411067443431403,,,selection: cleared select()'s bars — backfilled 2026-10-05 from card.md; no selections ledger existed when 2026-10-04 was carded
2026-10-04,2026-10-05T00:20:00Z,Carolina Panthers,Detroit Lions,alternate_total_points,,under,51.0,100,fanatics,0.5407187979236486,0.0407187979236486,,,selection: cleared select()'s bars — backfilled 2026-10-05 from card.md; no selections ledger existed when 2026-10-04 was carded
2026-10-04,2026-10-04T17:00:00Z,Chicago Bears,New York Jets,total_points,,under,43.5,-106,fanduel,0.5552700423736752,0.0407069355775586,,,selection: cleared select()'s bars — backfilled 2026-10-05 from card.md; no selections ledger existed when 2026-10-04 was carded
2026-10-04,2026-10-04T17:00:00Z,Cincinnati Bengals,Jacksonville Jaguars,alternate_spread,,away,-4.0,225,betmgm,0.3482148376107615,0.0405225299184538,,,selection: cleared select()'s bars — backfilled 2026-10-05 from card.md; no selections ledger existed when 2026-10-04 was carded
2026-10-04,2026-10-04T17:00:00Z,Tampa Bay Buccaneers,Green Bay Packers,alternate_total_points,,over,55.5,500,fanatics,0.2071494865500752,0.0404828198834086,,,selection: cleared select()'s bars — backfilled 2026-10-05 from card.md; no selections ledger existed when 2026-10-04 was carded
2026-10-04,2026-10-04T17:00:00Z,Chicago Bears,New York Jets,team_total,,away_under,19.5,105,betmgm,0.5282712484393907,0.0404663703906101,,,selection: cleared select()'s bars — backfilled 2026-10-05 from card.md; no selections ledger existed when 2026-10-04 was carded
2026-10-04,2026-10-04T13:30:00Z,Washington Commanders,Indianapolis Colts,alternate_total_points,,over,47.5,105,fanatics,0.5282257157961971,0.0404208377474166,,,selection: cleared select()'s bars — backfilled 2026-10-05 from card.md; no selections ledger existed when 2026-10-04 was carded
2026-10-04,2026-10-04T17:00:00Z,Cincinnati Bengals,Jacksonville Jaguars,alternate_spread,,away,-10.5,520,fanduel,0.2016000912721063,0.0403097686914611,,,selection: cleared select()'s bars — backfilled 2026-10-05 from card.md; no selections ledger existed when 2026-10-04 was carded
2026-10-04,2026-10-04T17:00:00Z,Cincinnati Bengals,Jacksonville Jaguars,alternate_team_total,,away_under,16.5,420,fanduel,0.232353575288424,0.0400458829807316,,,selection: cleared select()'s bars — backfilled 2026-10-05 from card.md; no selections ledger existed when 2026-10-04 was carded
2026-10-04,2026-10-04T17:00:00Z,Chicago Bears,New York Jets,alternate_spread,,home,-11.0,270,betrivers,0.3099351868799067,0.0396649166096364,,,selection: cleared select()'s bars — backfilled 2026-10-05 from card.md; no selections ledger existed when 2026-10-04 was carded
2026-10-04,2026-10-04T17:00:00Z,Chicago Bears,New York Jets,alternate_total_points,,under,42.5,106,fanduel,0.5250599384921295,0.039623045288246,,,selection: cleared select()'s bars — backfilled 2026-10-05 from card.md; no selections ledger existed when 2026-10-04 was carded
2026-10-04,2026-10-04T13:30:00Z,Washington Commanders,Indianapolis Colts,alternate_total_points,,over,50.5,145,draftkings,0.4475662532005041,0.0394029878943816,,,selection: cleared select()'s bars — backfilled 2026-10-05 from card.md; no selections ledger existed when 2026-10-04 was carded
2026-10-04,2026-10-04T17:00:00Z,Cincinnati Bengals,Jacksonville Jaguars,alternate_team_total,,away_under,17.5,300,fanduel,0.2893998409239621,0.0393998409239621,,,selection: cleared select()'s bars — backfilled 2026-10-05 from card.md; no selections ledger existed when 2026-10-04 was carded
2026-10-04,2026-10-04T13:30:00Z,Washington Commanders,Indianapolis Colts,alternate_total_points,,over,58.5,391,draftkings,0.2430408994238001,0.0393749116437594,,,selection: cleared select()'s bars — backfilled 2026-10-05 from card.md; no selections ledger existed when 2026-10-04 was carded
2026-10-04,2026-10-04T17:00:00Z,Cincinnati Bengals,Jacksonville Jaguars,alternate_spread,,home,-8.5,280,fanduel,0.3024801087905996,0.0393222140537575,,,selection: cleared select()'s bars — backfilled 2026-10-05 from card.md; no selections ledger existed when 2026-10-04 was carded
2026-10-04,2026-10-04T17:00:00Z,Buffalo Bills,New England Patriots,alternate_total_points,,under,32.5,600,fanatics,0.1821262171474949,0.0392690742903521,,,selection: cleared select()'s bars — backfilled 2026-10-05 from card.md; no selections ledger existed when 2026-10-04 was carded
2026-10-04,2026-10-04T17:00:00Z,Buffalo Bills,New England Patriots,alternate_total_points,,under,34.0,475,fanatics,0.2129904361581946,0.0390773926799337,,,selection: cleared select()'s bars — backfilled 2026-10-05 from card.md; no selections ledger existed when 2026-10-04 was carded
2026-10-04,2026-10-04T13:30:00Z,Washington Commanders,Indianapolis Colts,alternate_total_points,,over,59.5,435,draftkings,0.2258834409165878,0.0389675530661205,,,selection: cleared select()'s bars — backfilled 2026-10-05 from card.md; no selections ledger existed when 2026-10-04 was carded
2026-10-04,2026-10-04T17:00:00Z,New York Giants,Arizona Cardinals,alternate_team_total,,home_over,20.5,-120,draftkings,0.5843398672360075,0.038885321781462,,,selection: cleared select()'s bars — backfilled 2026-10-05 from card.md; no selections ledger existed when 2026-10-04 was carded
2026-10-04,2026-10-04T13:30:00Z,Washington Commanders,Indianapolis Colts,alternate_total_points,,over,46.5,-110,betmgm,0.5623812356616579,0.038571711852134,,,selection: cleared select()'s bars — backfilled 2026-10-05 from card.md; no selections ledger existed when 2026-10-04 was carded
2026-10-04,2026-10-05T00:20:00Z,Carolina Panthers,Detroit Lions,alternate_spread,,away,-20.5,600,fanatics,0.1814021772258484,0.0385450343687055,,,selection: cleared select()'s bars — backfilled 2026-10-05 from card.md; no selections ledger existed when 2026-10-04 was carded
2026-10-04,2026-10-04T17:00:00Z,Cincinnati Bengals,Jacksonville Jaguars,alternate_spread,,away,-5.0,250,betmgm,0.3242588084202939,0.0385445227060082,,,selection: cleared select()'s bars — backfilled 2026-10-05 from card.md; no selections ledger existed when 2026-10-04 was carded
2026-10-04,2026-10-05T00:20:00Z,Carolina Panthers,Detroit Lions,alternate_total_points,,under,54.0,-140,fanatics,0.6218398074414316,0.0385064741080982,,,selection: cleared select()'s bars — backfilled 2026-10-05 from card.md; no selections ledger existed when 2026-10-04 was carded
2026-10-04,2026-10-04T20:25:00Z,Las Vegas Raiders,Kansas City Chiefs,alternate_spread,,away,-8.5,175,betrivers,0.4020748165763807,0.038438452940017,,,selection: cleared select()'s bars — backfilled 2026-10-05 from card.md; no selections ledger existed when 2026-10-04 was carded
2026-10-04,2026-10-04T20:25:00Z,San Francisco 49ers,Denver Broncos,alternate_spread,,home,-17.5,502,draftkings,0.204550729222159,0.0384377724115277,,,selection: cleared select()'s bars — backfilled 2026-10-05 from card.md; no selections ledger existed when 2026-10-04 was carded
2026-10-04,2026-10-05T00:20:00Z,Carolina Panthers,Detroit Lions,alternate_total_points,,under,49.5,120,bovada,0.4928258872439098,0.0382804326984552,,,selection: cleared select()'s bars — backfilled 2026-10-05 from card.md; no selections ledger existed when 2026-10-04 was carded
2026-10-04,2026-10-04T17:00:00Z,Cincinnati Bengals,Jacksonville Jaguars,alternate_spread,,away,-6.0,280,betmgm,0.3012965129961068,0.0381386182592647,,,selection: cleared select()'s bars — backfilled 2026-10-05 from card.md; no selections ledger existed when 2026-10-04 was carded
2026-10-04,2026-10-05T00:20:00Z,Carolina Panthers,Detroit Lions,alternate_team_total,,away_over,36.5,400,betmgm,0.2380349594542085,0.0380349594542085,,,selection: cleared select()'s bars — backfilled 2026-10-05 from card.md; no selections ledger existed when 2026-10-04 was carded
2026-10-04,2026-10-04T13:30:00Z,Washington Commanders,Indianapolis Colts,alternate_total_points,,over,48.0,110,betmgm,0.5141550603025452,0.037964584112069,,,selection: cleared select()'s bars — backfilled 2026-10-05 from card.md; no selections ledger existed when 2026-10-04 was carded
2026-10-04,2026-10-04T17:00:00Z,Cincinnati Bengals,Jacksonville Jaguars,alternate_spread,,away,-6.5,290,betmgm,0.2942009768255099,0.0377907204152535,,,selection: cleared select()'s bars — backfilled 2026-10-05 from card.md; no selections ledger existed when 2026-10-04 was carded
2026-10-04,2026-10-04T20:25:00Z,Las Vegas Raiders,Kansas City Chiefs,alternate_spread,,away,-9.0,185,betrivers,0.3884838862565032,0.0376066932740471,,,selection: cleared select()'s bars — backfilled 2026-10-05 from card.md; no selections ledger existed when 2026-10-04 was carded
2026-10-04,2026-10-04T17:00:00Z,Houston Texans,Dallas Cowboys,team_total,,home_under,24.5,-110,betonlineag,0.561337552527761,0.0375280287182371,,,selection: cleared select()'s bars — backfilled 2026-10-05 from card.md; no selections ledger existed when 2026-10-04 was carded
2026-10-04,2026-10-05T00:20:00Z,Carolina Panthers,Detroit Lions,alternate_total_points,,under,49.0,125,bovada,0.4817596436748237,0.0373151992303793,,,selection: cleared select()'s bars — backfilled 2026-10-05 from card.md; no selections ledger existed when 2026-10-04 was carded
2026-10-04,2026-10-04T17:00:00Z,Cincinnati Bengals,Jacksonville Jaguars,alternate_team_total,,away_under,15.5,525,betmgm,0.1970632982122793,0.0370632982122793,,,selection: cleared select()'s bars — backfilled 2026-10-05 from card.md; no selections ledger existed when 2026-10-04 was carded
2026-10-04,2026-10-04T17:00:00Z,Chicago Bears,New York Jets,alternate_total_points,,under,33.5,320,fanduel,0.2751419706361703,0.0370467325409322,,,selection: cleared select()'s bars — backfilled 2026-10-05 from card.md; no selections ledger existed when 2026-10-04 was carded
2026-10-04,2026-10-04T17:00:00Z,Chicago Bears,New York Jets,alternate_total_points,,under,46.0,-145,fanatics,0.6286692651971827,0.0368325305033051,,,selection: cleared select()'s bars — backfilled 2026-10-05 from card.md; no selections ledger existed when 2026-10-04 was carded
2026-10-04,2026-10-05T00:20:00Z,Carolina Panthers,Detroit Lions,alternate_total_points,,under,53.0,-125,fanatics,0.5923585665701372,0.0368030110145816,,,selection: cleared select()'s bars — backfilled 2026-10-05 from card.md; no selections ledger existed when 2026-10-04 was carded
2026-10-04,2026-10-04T17:00:00Z,Chicago Bears,New York Jets,alternate_team_total,,away_under,21.5,-154,fanduel,0.6429332451878343,0.0366340325894091,,,selection: cleared select()'s bars — backfilled 2026-10-05 from card.md; no selections ledger existed when 2026-10-04 was carded
2026-10-04,2026-10-04T17:00:00Z,Chicago Bears,New York Jets,alternate_total_points,,under,29.5,600,fanduel,0.1790288014224267,0.0361716585652838,,,selection: cleared select()'s bars — backfilled 2026-10-05 from card.md; no selections ledger existed when 2026-10-04 was carded
2026-10-04,2026-10-04T17:00:00Z,Chicago Bears,New York Jets,alternate_total_points,,under,30.5,480,fanduel,0.2085375439871465,0.0361237508836982,,,selection: cleared select()'s bars — backfilled 2026-10-05 from card.md; no selections ledger existed when 2026-10-04 was carded
2026-10-04,2026-10-04T17:00:00Z,Chicago Bears,New York Jets,alternate_total_points,,under,33.0,360,betmgm,0.2528457436796122,0.0354544393317861,,,selection: cleared select()'s bars — backfilled 2026-10-05 from card.md; no selections ledger existed when 2026-10-04 was carded
2026-10-04,2026-10-05T00:20:00Z,Carolina Panthers,Detroit Lions,alternate_total_points,,under,41.0,333,betmgm,0.266266687265853,0.0353198050487629,,,selection: cleared select()'s bars — backfilled 2026-10-05 from card.md; no selections ledger existed when 2026-10-04 was carded
2026-10-04,2026-10-04T13:30:00Z,Washington Commanders,Indianapolis Colts,alternate_total_points,,over,43.5,-155,fanatics,0.643146527873078,0.0353033906181761,,,selection: cleared select()'s bars — backfilled 2026-10-05 from card.md; no selections ledger existed when 2026-10-04 was carded
2026-10-04,2026-10-04T17:00:00Z,New York Giants,Arizona Cardinals,team_total,,away_under,21.5,100,betonlineag,0.5352818605065819,0.0352818605065818,,,selection: cleared select()'s bars — backfilled 2026-10-05 from card.md; no selections ledger existed when 2026-10-04 was carded
2026-10-04,2026-10-04T13:30:00Z,Washington Commanders,Indianapolis Colts,alternate_total_points,,over,44.5,-135,fanatics,0.6095887087617013,0.0351206236553183,,,selection: cleared select()'s bars — backfilled 2026-10-05 from card.md; no selections ledger existed when 2026-10-04 was carded
2026-10-04,2026-10-04T20:25:00Z,San Francisco 49ers,Denver Broncos,alternate_total_points,,under,32.0,550,fanatics,0.1889080280059832,0.0350618741598293,,,selection: cleared select()'s bars — backfilled 2026-10-05 from card.md; no selections ledger existed when 2026-10-04 was carded
