game_id,season,week,market,selection,line,odds,model_probability,edge,outcome,profit
2016_01_CAR_DEN,2016,1,total_points,over,40.5,-100.0,0.6272077515909993,0.12720775159099929,won,1.0
2016_01_BUF_BAL,2016,1,moneyline,away,,151.0,0.5341297357353839,0.1357233612333919,lost,-1.0
2016_01_BUF_BAL,2016,1,spread,away,3.0,105.0,0.622072230741271,0.13426735269249057,lost,-1.0
2016_01_CHI_HOU,2016,1,moneyline,away,,210.0,0.37596509964102376,0.053384454479733445,lost,-1.0
2016_01_CIN_NYJ,2016,1,spread,away,1.0,-100.0,0.548444775453885,0.048444775453885036,won,1.0
2016_01_CLE_PHI,2016,1,total_points,over,41.0,-105.0,0.6643188549753476,0.15212373302412807,lost,-1.0
2016_01_DET_IND,2016,1,moneyline,away,,131.0,0.4820484351369081,0.0491480022364752,won,1.31
2016_01_DET_IND,2016,1,spread,away,2.5,107.0,0.5498261325901973,0.0667343451505838,won,1.07
2016_01_DET_IND,2016,1,total_points,under,51.5,-103.0,0.6457561253060926,0.1383669627445162,lost,-1.0
2016_01_GB_JAX,2016,1,moneyline,home,,161.0,0.4455991196612301,0.06245735720912282,lost,-1.0
2016_01_MIA_SEA,2016,1,moneyline,away,,423.0,0.26692898253986125,0.07572439362972741,lost,-1.0
2016_01_MIA_SEA,2016,1,spread,away,10.5,-110.0,0.563758037205628,0.03994851339610417,won,0.9090909090909091
2016_01_MIN_TEN,2016,1,moneyline,away,,-127.0,0.6165562795281823,0.05708491388941572,won,0.7874015748031497
2016_01_MIN_TEN,2016,1,spread,away,-2.5,-100.0,0.5527808950728476,0.052780895072847556,won,1.0
2016_01_MIN_TEN,2016,1,total_points,over,40.0,-110.0,0.5909937285843234,0.06718420477479958,won,0.9090909090909091
2016_01_NE_ARI,2016,1,moneyline,away,,330.0,0.43238477759613586,0.19982663806125214,won,3.3
2016_01_NE_ARI,2016,1,spread,away,9.0,-103.0,0.6807249538473993,0.17333579128582288,won,0.970873786407767
2016_01_NE_ARI,2016,1,total_points,over,44.5,100.0,0.6152001309358333,0.11520013093583326,lost,-1.0
2016_01_NYG_DAL,2016,1,spread,away,1.0,-105.0,0.5556971250784191,0.04350200312719954,won,0.9523809523809523
2016_01_OAK_NO,2016,1,moneyline,away,,133.0,0.4783350675595696,0.04915051820334643,won,1.33
2016_01_OAK_NO,2016,1,spread,away,2.5,111.0,0.5445627865381478,0.07062913724904829,won,1.11
2016_01_SD_KC,2016,1,total_points,under,45.5,101.0,0.5542038633856268,0.05669142557468149,lost,-1.0
2016_01_TB_ATL,2016,1,moneyline,home,,-133.0,0.6063410732939444,0.035525622650167565,lost,-1.0
2016_01_TB_ATL,2016,1,total_points,under,46.5,-105.0,0.5495119729856104,0.03731685103439086,lost,-1.0
2016_01_LA_SF,2016,1,total_points,under,44.0,-106.0,0.5646612398179547,0.05009813302183819,won,0.9433962264150944
2016_01_PIT_WAS,2016,1,total_points,under,49.0,-105.0,0.5674216599024081,0.05522653795118859,lost,-1.0
2016_02_NYJ_BUF,2016,2,spread,away,1.5,-100.0,0.5509199852971186,0.05091998529711861,won,1.0
2016_02_NYJ_BUF,2016,2,total_points,over,40.5,-107.0,0.5896161398275,0.07270792726711361,won,0.9345794392523364
2016_02_ATL_OAK,2016,2,moneyline,away,,175.0,0.4757283438080318,0.11209198017166816,won,1.75
2016_02_ATL_OAK,2016,2,spread,away,4.0,-104.0,0.5977860578864229,0.0879821363177955,won,0.9615384615384616
2016_02_ATL_OAK,2016,2,total_points,under,47.5,102.0,0.5579043120470943,0.0628548070965993,lost,-1.0
2016_02_BAL_CLE,2016,2,moneyline,home,,171.0,0.4562285515767079,0.08722486153980752,lost,-1.0
2016_02_BAL_CLE,2016,2,spread,home,4.0,-113.0,0.5762773810926604,0.04576094916777773,lost,-1.0
2016_02_BAL_CLE,2016,2,total_points,over,42.0,102.0,0.5459126190986534,0.05086311414815836,won,1.02
2016_02_CIN_PIT,2016,2,moneyline,away,,146.0,0.46626321807911963,0.05975915303846924,lost,-1.0
2016_02_CIN_PIT,2016,2,spread,away,3.0,-103.0,0.5540184136122327,0.046629251050656295,lost,-1.0
2016_02_CIN_PIT,2016,2,total_points,under,48.0,105.0,0.5969997639532185,0.10919488590443804,won,1.05
2016_02_DAL_WAS,2016,2,total_points,under,47.0,-105.0,0.5911418838065174,0.07894676185529792,lost,-1.0
2016_02_GB_MIN,2016,2,moneyline,home,,108.0,0.5671713495635354,0.08640211879430465,won,1.08
2016_02_GB_MIN,2016,2,spread,home,1.5,-103.0,0.6110124713442961,0.10362330878271975,won,0.970873786407767
2016_02_IND_DEN,2016,2,total_points,under,47.0,-106.0,0.5927290227548415,0.07816591595872502,lost,-1.0
2016_02_MIA_NE,2016,2,spread,home,-5.5,-102.0,0.5870820047081626,0.08213150965865768,won,0.9803921568627451
2016_02_MIA_NE,2016,2,total_points,over,42.0,-103.0,0.5865536618925916,0.07916449933101521,won,0.970873786407767
2016_02_NO_NYG,2016,2,moneyline,away,,171.0,0.4176071566311832,0.04860346659428283,lost,-1.0
2016_02_SEA_LA,2016,2,moneyline,home,,210.0,0.3757360277748458,0.05315538261355551,won,2.1
2016_02_SEA_LA,2016,2,total_points,over,38.0,100.0,0.6315528431504314,0.13155284315043136,lost,-1.0
2016_02_TB_ARI,2016,2,spread,home,-7.5,108.0,0.5293480036645889,0.04857877289535811,won,1.08
2016_02_TEN_DET,2016,2,moneyline,away,,231.0,0.37617996006597476,0.07406515644059714,won,2.31
2016_02_TEN_DET,2016,2,spread,away,6.0,-102.0,0.5447152916575391,0.039764796608034114,won,0.9803921568627451
2016_02_TEN_DET,2016,2,total_points,under,48.0,-100.0,0.5485862584303729,0.0485862584303729,won,1.0
2016_02_PHI_CHI,2016,2,moneyline,away,,144.0,0.48516766398579875,0.07533159841202824,won,1.44
2016_02_PHI_CHI,2016,2,spread,away,3.0,-100.0,0.5718721521354042,0.07187215213540421,won,1.0
2016_02_PHI_CHI,2016,2,total_points,over,42.5,-100.0,0.6311341023100372,0.1311341023100372,won,1.0
2016_03_HOU_NE,2016,3,moneyline,home,,-117.0,0.6469800039580939,0.10780949704565146,won,0.8547008547008547
2016_03_HOU_NE,2016,3,spread,home,-1.0,-111.0,0.616135793430019,0.09006944271911854,won,0.9009009009009009
2016_03_HOU_NE,2016,3,total_points,over,38.5,-104.0,0.6543058327465533,0.14450191117792588,lost,-1.0
2016_03_ARI_BUF,2016,3,moneyline,home,,195.0,0.3916442736457788,0.052661222798321194,won,1.95
2016_03_BAL_JAX,2016,3,spread,home,1.0,-101.0,0.5525183346247805,0.050030772435725734,lost,-1.0
2016_03_BAL_JAX,2016,3,total_points,over,45.0,-110.0,0.565354761299107,0.041545237489583164,lost,-1.0
2016_03_CHI_DAL,2016,3,moneyline,away,,231.0,0.4548520797117428,0.15273727608636517,lost,-1.0
2016_03_CHI_DAL,2016,3,spread,away,6.5,-107.0,0.6403088459658435,0.12340063340545704,lost,-1.0
2016_03_CHI_DAL,2016,3,total_points,under,45.0,-107.0,0.577329135126922,0.06042092256653553,lost,-1.0
2016_03_CLE_MIA,2016,3,moneyline,away,,361.0,0.3734244773517749,0.15650473765546255,lost,-1.0
2016_03_CLE_MIA,2016,3,spread,away,10.0,-105.0,0.6648320002056404,0.15263687825442085,won,0.9523809523809523
2016_03_DET_GB,2016,3,moneyline,away,,231.0,0.3791184649169303,0.07700366129155267,lost,-1.0
2016_03_DET_GB,2016,3,spread,away,6.0,-102.0,0.549753555809791,0.04480306076028606,lost,-1.0
2016_03_DET_GB,2016,3,total_points,under,47.5,-102.0,0.5760352878594119,0.07108479280990698,lost,-1.0
2016_03_LA_TB,2016,3,moneyline,away,,156.0,0.4971719631699292,0.10654696316992918,won,1.56
2016_03_LA_TB,2016,3,spread,away,3.5,-103.0,0.6008248029800448,0.09343564041846841,won,0.970873786407767
2016_03_LA_TB,2016,3,total_points,over,40.5,-106.0,0.5840972791418645,0.06953417234574799,won,0.9433962264150944
2016_03_MIN_CAR,2016,3,moneyline,away,,231.0,0.34108401756582046,0.03896921394044284,won,2.31
2016_03_MIN_CAR,2016,3,total_points,over,43.0,-106.0,0.5820144358755275,0.06745132907941098,lost,-1.0
2016_03_PIT_PHI,2016,3,moneyline,home,,171.0,0.4281314980131525,0.05912780797625211,won,1.71
2016_03_SD_IND,2016,3,total_points,under,51.5,102.0,0.6339838717457741,0.13893436679527904,won,1.02
2016_03_SF_SEA,2016,3,total_points,under,42.0,-104.0,0.5651860189167546,0.05538209734812716,lost,-1.0
2016_03_WAS_NYG,2016,3,moneyline,away,,157.0,0.44993575407531905,0.06083069570956029,won,1.57
2016_03_WAS_NYG,2016,3,total_points,over,47.0,-107.0,0.5780471239144743,0.06113891135408789,won,0.9345794392523364
2016_03_ATL_NO,2016,3,moneyline,away,,142.0,0.5017887683817033,0.0885656278858355,won,1.42
2016_03_ATL_NO,2016,3,spread,away,2.5,115.0,0.5682862725460082,0.10316999347624073,won,1.15
2016_03_ATL_NO,2016,3,total_points,under,54.0,-110.0,0.6324537830887905,0.10864425927926669,lost,-1.0
2016_04_MIA_CIN,2016,4,total_points,under,46.0,-105.0,0.5846416117142681,0.07244648976304857,won,0.9523809523809523
2016_04_BUF_NE,2016,4,spread,home,-3.5,104.0,0.5844962588949312,0.09430018046355865,lost,-1.0
2016_04_BUF_NE,2016,4,total_points,over,41.0,-101.0,0.6551726178196742,0.1526850556306194,lost,-1.0
2016_04_CLE_WAS,2016,4,moneyline,away,,297.0,0.3144480024603358,0.0625588336945927,lost,-1.0
2016_04_CLE_WAS,2016,4,total_points,under,48.0,-105.0,0.5523007299664213,0.0401056080152018,lost,-1.0
2016_04_DAL_SF,2016,4,spread,home,1.0,105.0,0.5302988270746976,0.04249394902591708,lost,-1.0
2016_04_DAL_SF,2016,4,total_points,under,44.0,102.0,0.6086450721910042,0.11359556724050912,won,1.02
2016_04_DEN_TB,2016,4,total_points,over,43.0,-104.0,0.5567730792862049,0.04696915771757748,lost,-1.0
2016_04_DET_CHI,2016,4,moneyline,home,,159.0,0.5151116382911195,0.1290112521907334,won,1.59
2016_04_DET_CHI,2016,4,spread,home,3.0,112.0,0.5985973490273345,0.12689923581978735,won,1.12
2016_04_DET_CHI,2016,4,total_points,under,48.0,102.0,0.5457328243156242,0.050683319365129154,won,1.02
2016_04_KC_PIT,2016,4,moneyline,away,,159.0,0.4692084445977897,0.0831080584974036,lost,-1.0
2016_04_KC_PIT,2016,4,spread,away,3.0,111.0,0.5577696103770493,0.08383596108794977,lost,-1.0
2016_04_KC_PIT,2016,4,total_points,under,48.0,-107.0,0.6273565870555056,0.11044837449511913,lost,-1.0
2016_04_LA_ARI,2016,4,moneyline,away,,357.0,0.27657410601120086,0.057755725267218366,won,3.57
2016_04_LA_ARI,2016,4,total_points,over,43.5,101.0,0.5709703467244746,0.07345790891352927,lost,-1.0
2016_04_NO_SD,2016,4,moneyline,away,,176.0,0.4276817024203736,0.06536286184066348,won,1.76
2016_04_NO_SD,2016,4,spread,away,4.0,-102.0,0.5434993786481657,0.03854888359866071,won,0.9803921568627451
2016_04_NO_SD,2016,4,total_points,under,54.0,-105.0,0.5874790877904924,0.07528396583927288,lost,-1.0
2016_04_OAK_BAL,2016,4,moneyline,away,,166.0,0.4585131457460851,0.08257329612202496,won,1.66
2016_04_OAK_BAL,2016,4,spread,away,3.5,-110.0,0.5612681477906921,0.03745862398116828,won,0.9090909090909091
2016_04_SEA_NYJ,2016,4,total_points,over,40.0,-105.0,0.5691865339255331,0.056991411974313566,won,0.9523809523809523
2016_04_TEN_HOU,2016,4,spread,home,-4.0,-105.0,0.5653068632460096,0.05311174129479013,won,0.9523809523809523
2016_04_NYG_MIN,2016,4,total_points,over,42.5,-103.0,0.5980637546168656,0.09067459205528916,lost,-1.0
2016_05_ARI_SF,2016,5,spread,away,-3.5,-106.0,0.6161882604355651,0.10162515363944857,won,0.9433962264150944
2016_05_ARI_SF,2016,5,total_points,over,42.5,-100.0,0.558042697457562,0.058042697457561965,won,1.0
2016_05_BUF_LA,2016,5,moneyline,home,,116.0,0.5113364315256077,0.04837346856264474,lost,-1.0
2016_05_BUF_LA,2016,5,spread,home,2.5,-105.0,0.5762987412937456,0.06410361934252606,lost,-1.0
2016_05_CHI_IND,2016,5,moneyline,away,,181.0,0.43759924069431,0.08172735457331354,lost,-1.0
2016_05_CHI_IND,2016,5,spread,away,4.0,-105.0,0.558272655708577,0.04607753375735746,lost,-1.0
2016_05_CIN_DAL,2016,5,moneyline,away,,-127.0,0.6068780596942837,0.04740669405551712,lost,-1.0
2016_05_CIN_DAL,2016,5,total_points,under,46.0,-105.0,0.6346141268446899,0.12241900489347035,won,0.9523809523809523
2016_05_HOU_MIN,2016,5,moneyline,away,,222.0,0.37474279175847647,0.06418378554729637,lost,-1.0
2016_05_HOU_MIN,2016,5,spread,away,6.0,-105.0,0.5535154586232663,0.04132033667204682,lost,-1.0
2016_05_NE_CLE,2016,5,moneyline,home,,385.0,0.285406363838193,0.07922079682788374,lost,-1.0
2016_05_NE_CLE,2016,5,spread,home,10.0,-110.0,0.5605404538696624,0.03673093006013861,lost,-1.0
2016_05_NE_CLE,2016,5,total_points,under,47.5,102.0,0.5721161432328251,0.07706663828233007,won,1.02
2016_05_NYG_GB,2016,5,moneyline,away,,271.0,0.3755333179208241,0.1059915389450829,lost,-1.0
2016_05_NYG_GB,2016,5,spread,away,7.0,-110.0,0.576861460322884,0.053051936513360154,push,0.0
2016_05_NYJ_PIT,2016,5,moneyline,away,,338.0,0.3762434002473265,0.1479328979642215,lost,-1.0
2016_05_NYJ_PIT,2016,5,spread,away,10.0,-123.0,0.6633953372416137,0.11182583051515627,lost,-1.0
2016_05_NYJ_PIT,2016,5,total_points,under,50.0,-102.0,0.6438581685745978,0.1389076735250928,won,0.9803921568627451
2016_05_PHI_DET,2016,5,moneyline,home,,166.0,0.511262422617819,0.13532257299375883,won,1.66
2016_05_PHI_DET,2016,5,spread,home,3.5,-108.0,0.6072456198977023,0.08801485066693304,won,0.9259259259259259
2016_05_PHI_DET,2016,5,total_points,over,46.0,-100.0,0.5584079795765803,0.05840797957658028,won,1.0
2016_05_SD_OAK,2016,5,moneyline,away,,166.0,0.4216025499585471,0.045662700334486994,lost,-1.0
2016_05_SD_OAK,2016,5,total_points,under,50.5,-102.0,0.5766303636183719,0.07167986856886699,lost,-1.0
2016_05_TEN_MIA,2016,5,total_points,under,44.5,-103.0,0.5648848612478956,0.05749569868631921,lost,-1.0
2016_05_WAS_BAL,2016,5,moneyline,away,,175.0,0.4852389508858888,0.12160258724952516,won,1.75
2016_05_WAS_BAL,2016,5,spread,away,4.0,-108.0,0.6066626708646639,0.08743190163389458,won,0.9259259259259259
2016_05_TB_CAR,2016,5,spread,home,-6.0,-103.0,0.6287303878271302,0.1213412252655538,lost,-1.0
2016_05_TB_CAR,2016,5,total_points,over,46.5,105.0,0.6006705802321949,0.11286570218341441,lost,-1.0
2016_06_ATL_SEA,2016,6,moneyline,away,,266.0,0.3356517669238211,0.06242772320797407,lost,-1.0
2016_06_BAL_NYG,2016,6,moneyline,away,,171.0,0.4250767550279197,0.05607306499101933,lost,-1.0
2016_06_BAL_NYG,2016,6,total_points,over,42.5,-108.0,0.6190453880941831,0.0998146188634138,won,0.9259259259259259
2016_06_CAR_NO,2016,6,moneyline,away,,-139.0,0.6364795845286476,0.05488962636965178,lost,-1.0
2016_06_CAR_NO,2016,6,spread,away,-2.5,-117.0,0.5767756286264494,0.037605121714006984,lost,-1.0
2016_06_CIN_NE,2016,6,moneyline,away,,293.0,0.39227460075698994,0.13782167454833855,lost,-1.0
2016_06_CIN_NE,2016,6,spread,away,7.5,-117.0,0.615288561787019,0.07611805487457657,lost,-1.0
2016_06_CIN_NE,2016,6,total_points,under,48.5,-103.0,0.6333697644580435,0.1259806018964671,lost,-1.0
2016_06_CLE_TEN,2016,6,moneyline,away,,285.0,0.3817700053707021,0.12202974563044239,lost,-1.0
2016_06_CLE_TEN,2016,6,spread,away,7.5,-108.0,0.6052249707192764,0.08599420148850712,won,0.9259259259259259
2016_06_DAL_GB,2016,6,total_points,under,47.0,-107.0,0.6552357451518919,0.13832753259150543,won,0.9345794392523364
2016_06_IND_HOU,2016,6,total_points,under,47.5,-110.0,0.6089734613012265,0.0851639374917027,lost,-1.0
2016_06_JAX_CHI,2016,6,total_points,over,46.0,-102.0,0.5496886873927664,0.044738192343261485,lost,-1.0
2016_06_LA_DET,2016,6,spread,away,2.5,111.0,0.5169543263382381,0.04302067704913859,lost,-1.0
2016_06_PHI_WAS,2016,6,moneyline,home,,136.0,0.5482834015429462,0.12455458798362418,won,1.36
2016_06_PHI_WAS,2016,6,spread,home,3.0,-109.0,0.6306768948039172,0.10914579432544835,won,0.9174311926605505
2016_06_PHI_WAS,2016,6,total_points,over,45.0,-110.0,0.583251984952806,0.05944246114328211,won,0.9090909090909091
2016_06_PIT_MIA,2016,6,moneyline,home,,269.0,0.36109659709091857,0.09009388706381832,won,2.69
2016_06_PIT_MIA,2016,6,spread,home,7.5,-117.0,0.579254937945987,0.04008443103354464,won,0.8547008547008547
2016_06_PIT_MIA,2016,6,total_points,under,49.5,-105.0,0.6440728314624751,0.13187770951125555,won,0.9523809523809523
2016_06_SF_BUF,2016,6,total_points,under,44.0,102.0,0.5460637851935762,0.05101428024308119,lost,-1.0
2016_06_NYJ_ARI,2016,6,moneyline,away,,305.0,0.32125096004500686,0.0743373797980933,lost,-1.0
2016_07_CHI_GB,2016,7,moneyline,away,,293.0,0.3296942033344745,0.07524127712582312,lost,-1.0
2016_07_CHI_GB,2016,7,total_points,under,46.5,-113.0,0.5858588052997379,0.05534237337485526,won,0.8849557522123894
2016_07_BAL_NYJ,2016,7,moneyline,home,,-123.0,0.6171442804906269,0.06557477376416943,won,0.8130081300813008
2016_07_BAL_NYJ,2016,7,spread,home,-2.0,-107.0,0.5608346270553712,0.0439264144949848,won,0.9345794392523364
2016_07_BAL_NYJ,2016,7,total_points,over,40.5,106.0,0.5659836684691258,0.08054677526524234,lost,-1.0
2016_07_BUF_MIA,2016,7,total_points,under,46.0,-112.0,0.563810478067113,0.03550859127466022,lost,-1.0
2016_07_CLE_CIN,2016,7,moneyline,away,,480.0,0.22267068616666072,0.05025689306321243,lost,-1.0
2016_07_CLE_CIN,2016,7,total_points,under,46.5,-110.0,0.5763981930483218,0.052588669238798014,lost,-1.0
2016_07_IND_TEN,2016,7,moneyline,away,,175.0,0.4699136572026684,0.10627729356630478,won,1.75
2016_07_IND_TEN,2016,7,spread,away,4.0,-104.0,0.5914170354218001,0.08161311385317271,won,0.9615384615384616
2016_07_IND_TEN,2016,7,total_points,under,48.5,-108.0,0.5717111958215547,0.052480426590785445,lost,-1.0
2016_07_MIN_PHI,2016,7,total_points,over,39.0,-105.0,0.6460053614602266,0.13381023950900706,lost,-1.0
2016_07_NE_PIT,2016,7,moneyline,home,,260.0,0.5073867872276161,0.2296090094498383,lost,-1.0
2016_07_NE_PIT,2016,7,spread,home,7.5,-123.0,0.7138649496454825,0.1622954429190251,lost,-1.0
2016_07_NE_PIT,2016,7,total_points,under,49.0,-123.0,0.5871949139608598,0.03562540723440233,won,0.8130081300813008
2016_07_NO_KC,2016,7,spread,home,-6.0,-103.0,0.5474376525572812,0.04004848999570476,push,0.0
2016_07_NYG_LA,2016,7,moneyline,home,,131.0,0.5540879969244269,0.121187564023994,lost,-1.0
2016_07_NYG_LA,2016,7,spread,home,3.0,-115.0,0.6371395072289112,0.10225578629867871,lost,-1.0
2016_07_NYG_LA,2016,7,total_points,over,44.5,102.0,0.5561318627109901,0.06108235776049509,lost,-1.0
2016_07_SD_ATL,2016,7,total_points,under,52.5,-104.0,0.6380823156570314,0.12827839408840402,lost,-1.0
2016_07_WAS_DET,2016,7,total_points,under,50.0,-103.0,0.5597794459087387,0.052390283347162336,won,0.970873786407767
2016_07_HOU_DEN,2016,7,moneyline,away,,334.0,0.37260912589716366,0.14219437935338486,lost,-1.0
2016_07_HOU_DEN,2016,7,spread,away,8.5,-107.0,0.6281576524067756,0.11124943984638913,lost,-1.0
2016_08_JAX_TEN,2016,8,total_points,over,43.5,-107.0,0.604048697135213,0.0871404845748266,won,0.9345794392523364
2016_08_ARI_CAR,2016,8,spread,away,2.5,-100.0,0.538682899598663,0.038682899598663,lost,-1.0
2016_08_ARI_CAR,2016,8,total_points,over,45.5,-106.0,0.6068713389975045,0.09230823220138795,won,0.9433962264150944
2016_08_DET_HOU,2016,8,moneyline,home,,-109.0,0.5831375981612417,0.06160649768277282,won,0.9174311926605505
2016_08_DET_HOU,2016,8,spread,home,-1.0,-101.0,0.5490960931025212,0.046608530913466395,won,0.9900990099009901
2016_08_DET_HOU,2016,8,total_points,under,46.5,-105.0,0.5904053732705948,0.07821025131937531,won,0.9523809523809523
2016_08_GB_ATL,2016,8,moneyline,away,,139.0,0.46845595052980865,0.050045908688804486,lost,-1.0
2016_08_GB_ATL,2016,8,spread,away,3.0,-106.0,0.5558261099613979,0.04126300316528142,won,0.9433962264150944
2016_08_GB_ATL,2016,8,total_points,under,51.0,-105.0,0.6589551596260357,0.14676003767481616,lost,-1.0
2016_08_KC_IND,2016,8,total_points,under,50.5,-105.0,0.6250442573783631,0.11284913542714359,won,0.9523809523809523
2016_08_NE_BUF,2016,8,moneyline,home,,210.0,0.457447562408392,0.1348669172471017,lost,-1.0
2016_08_NE_BUF,2016,8,spread,home,5.5,-105.0,0.6085630577198704,0.09636793576865088,lost,-1.0
2016_08_NE_BUF,2016,8,total_points,under,48.0,-113.0,0.5713777463747248,0.0408613144498422,lost,-1.0
2016_08_NYJ_CLE,2016,8,moneyline,away,,-134.0,0.6143658950588408,0.04171632240926815,won,0.746268656716418
2016_08_NYJ_CLE,2016,8,total_points,under,45.5,-103.0,0.5471993424813429,0.03981017991976654,lost,-1.0
2016_08_PHI_DAL,2016,8,moneyline,away,,201.0,0.48549901480634483,0.15327310118508236,lost,-1.0
2016_08_PHI_DAL,2016,8,spread,away,5.0,-102.0,0.6338285885277135,0.12887809347820856,lost,-1.0
2016_08_SD_DEN,2016,8,spread,home,-3.5,102.0,0.5766474746055884,0.08159796965509336,won,1.02
2016_08_SEA_NO,2016,8,moneyline,away,,-105.0,0.626804288441903,0.11460916649068342,lost,-1.0
2016_08_SEA_NO,2016,8,spread,away,-1.0,102.0,0.6002710071880942,0.10522150223759918,lost,-1.0
2016_08_WAS_CIN,2016,8,moneyline,home,,-150.0,0.6383911123461868,0.03839111234618686,push,0.0
2016_08_WAS_CIN,2016,8,spread,home,-3.0,-105.0,0.5568498411481116,0.04465471919689212,lost,-1.0
2016_08_WAS_CIN,2016,8,total_points,under,49.0,-113.0,0.617351528970178,0.08683509704529535,lost,-1.0
2016_08_MIN_CHI,2016,8,moneyline,home,,205.0,0.3918297849341179,0.06396093247510154,won,2.05
2016_08_MIN_CHI,2016,8,total_points,over,39.5,-103.0,0.5508657538180423,0.04347659125646586,lost,-1.0
2016_09_ATL_TB,2016,9,moneyline,home,,184.0,0.4623092961504571,0.11019662009411912,lost,-1.0
2016_09_ATL_TB,2016,9,spread,home,4.5,-107.0,0.5912320044198283,0.07432379185944182,lost,-1.0
2016_09_CAR_LA,2016,9,spread,away,-3.0,108.0,0.5344949067853397,0.05372567601610895,push,0.0
2016_09_CAR_LA,2016,9,total_points,over,44.5,-110.0,0.5624364624641702,0.03862693865464639,lost,-1.0
2016_09_DAL_CLE,2016,9,moneyline,home,,255.0,0.424285017008216,0.1425948761631456,lost,-1.0
2016_09_DAL_CLE,2016,9,spread,home,7.0,-110.0,0.629684477910844,0.1058749541013202,lost,-1.0
2016_09_DAL_CLE,2016,9,total_points,under,49.0,-102.0,0.6610329970122961,0.15608250196279116,won,0.9803921568627451
2016_09_DEN_OAK,2016,9,spread,away,1.0,-115.0,0.5791346595487573,0.044250938618524804,lost,-1.0
2016_09_DET_MIN,2016,9,spread,home,-4.0,-100.0,0.5464454247566626,0.04644542475666258,lost,-1.0
2016_09_IND_GB,2016,9,moneyline,away,,297.0,0.33440790885340216,0.08251874008765908,won,2.97
2016_09_IND_GB,2016,9,total_points,under,52.0,101.0,0.6565415611209477,0.15902912331000246,lost,-1.0
2016_09_JAX_KC,2016,9,spread,home,-7.0,106.0,0.5567361146706019,0.07129922146671841,lost,-1.0
2016_09_JAX_KC,2016,9,total_points,over,42.5,-105.0,0.6187161197929077,0.10652099784168823,lost,-1.0
2016_09_NO_SF,2016,9,moneyline,home,,190.0,0.4586874514489967,0.11385986524210012,lost,-1.0
2016_09_NO_SF,2016,9,spread,home,5.0,-107.0,0.5979169041512106,0.08100869159082413,lost,-1.0
2016_09_NO_SF,2016,9,total_points,under,53.0,102.0,0.5843344958731952,0.08928499092270015,lost,-1.0
2016_09_NYJ_MIA,2016,9,moneyline,away,,171.0,0.5173094452022053,0.14830575516530498,lost,-1.0
2016_09_NYJ_MIA,2016,9,spread,away,3.5,-100.0,0.6205607179044574,0.12056071790445744,lost,-1.0
2016_09_NYJ_MIA,2016,9,total_points,under,45.0,-110.0,0.5590671403782207,0.03525761656869686,lost,-1.0
2016_09_PHI_NYG,2016,9,moneyline,away,,135.0,0.4691915888261277,0.04365967393251069,lost,-1.0
2016_09_PHI_NYG,2016,9,total_points,over,42.5,108.0,0.6729756550390904,0.19220642426985962,won,1.08
2016_09_TEN_SD,2016,9,total_points,under,47.5,102.0,0.5342409709435195,0.03919146599302448,lost,-1.0
2016_10_CLE_BAL,2016,10,moneyline,away,,301.0,0.3213889078632856,0.07201234925979433,lost,-1.0
2016_10_CHI_TB,2016,10,moneyline,home,,131.0,0.5435455726874997,0.1106451397870668,won,1.31
2016_10_CHI_TB,2016,10,spread,home,2.5,106.0,0.6066681984703959,0.12123130526651238,won,1.06
2016_10_DAL_PIT,2016,10,total_points,under,50.5,-115.0,0.700561625723428,0.16567790479319544,lost,-1.0
2016_10_DEN_NO,2016,10,moneyline,away,,136.0,0.560852765950835,0.13712395239151298,won,1.36
2016_10_DEN_NO,2016,10,spread,away,3.0,-110.0,0.6459150981236235,0.12210557431409963,won,0.9090909090909091
2016_10_GB_TEN,2016,10,total_points,under,48.5,-102.0,0.5958407833329679,0.0908902882834629,lost,-1.0
2016_10_HOU_JAX,2016,10,moneyline,away,,141.0,0.5357643548971928,0.12082659556109315,won,1.41
2016_10_HOU_JAX,2016,10,spread,away,3.0,-102.0,0.6245614071264699,0.11961091207696495,won,0.9803921568627451
2016_10_HOU_JAX,2016,10,total_points,over,42.0,105.0,0.5605788859688582,0.07277400792007771,won,1.05
2016_10_KC_CAR,2016,10,total_points,over,44.0,-105.0,0.5703929022513609,0.05819778030014133,lost,-1.0
2016_10_LA_NYJ,2016,10,moneyline,home,,104.0,0.6076352632655713,0.11743918483419874,lost,-1.0
2016_10_LA_NYJ,2016,10,spread,home,1.0,-102.0,0.6417284604957747,0.13677796544626974,lost,-1.0
2016_10_LA_NYJ,2016,10,total_points,over,39.0,-117.0,0.5833903146449179,0.04421980773247547,lost,-1.0
2016_10_MIA_SD,2016,10,moneyline,away,,178.0,0.4226403784312192,0.06292814821539189,won,1.78
2016_10_MIA_SD,2016,10,total_points,under,48.5,-105.0,0.5651664540136008,0.05297133206238125,lost,-1.0
2016_10_MIN_WAS,2016,10,moneyline,away,,131.0,0.5046992519418549,0.07179881904142205,lost,-1.0
2016_10_MIN_WAS,2016,10,spread,away,2.5,106.0,0.5736821137947601,0.08824522059087658,lost,-1.0
2016_10_SEA_NE,2016,10,moneyline,away,,273.0,0.40114333770123745,0.13304682295592912,won,2.73
2016_10_SEA_NE,2016,10,spread,away,7.5,-113.0,0.6247222511252472,0.09420581920036453,won,0.8849557522123894
2016_10_SEA_NE,2016,10,total_points,under,49.5,-105.0,0.6626427162888952,0.15044759433767563,lost,-1.0
2016_10_SF_ARI,2016,10,moneyline,away,,671.0,0.16798429132292816,0.03828260520100857,lost,-1.0
2016_10_CIN_NYG,2016,10,total_points,under,49.5,-108.0,0.584143215977945,0.06491244674717578,won,0.9259259259259259
2016_11_NO_CAR,2016,11,spread,home,-3.5,-104.0,0.6230966358640678,0.11329271429544041,lost,-1.0
2016_11_NO_CAR,2016,11,total_points,over,52.5,-100.0,0.5546627825631087,0.05466278256310875,lost,-1.0
2016_11_ARI_MIN,2016,11,moneyline,away,,113.0,0.533143032635065,0.06365946455994764,lost,-1.0
2016_11_ARI_MIN,2016,11,spread,away,2.0,-108.0,0.5935275571166966,0.0742967878859273,lost,-1.0
2016_11_ARI_MIN,2016,11,total_points,over,39.5,-103.0,0.5832974734431483,0.0759083108815719,won,0.970873786407767
2016_11_BAL_DAL,2016,11,moneyline,away,,264.0,0.41298519801724726,0.1382599232919725,lost,-1.0
2016_11_BAL_DAL,2016,11,spread,away,7.0,-102.0,0.6248740937302231,0.11992359868071811,lost,-1.0
2016_11_BAL_DAL,2016,11,total_points,under,44.5,-100.0,0.5815664742325631,0.08156647423256314,won,1.0
2016_11_BUF_CIN,2016,11,total_points,under,48.0,-107.0,0.5934477520172147,0.07653953945682823,won,0.9345794392523364
2016_11_CHI_NYG,2016,11,moneyline,away,,250.0,0.368225425870966,0.08251114015668032,lost,-1.0
2016_11_CHI_NYG,2016,11,spread,away,7.0,-110.0,0.5710146817640335,0.047205157954509636,won,0.9090909090909091
2016_11_CHI_NYG,2016,11,total_points,over,41.5,-103.0,0.6206450844680177,0.11325592190644129,lost,-1.0
2016_11_GB_WAS,2016,11,total_points,under,48.5,-106.0,0.5623231451676632,0.04776003837154674,lost,-1.0
2016_11_JAX_DET,2016,11,moneyline,away,,205.0,0.3815491184559933,0.05368026599697695,lost,-1.0
2016_11_MIA_LA,2016,11,moneyline,home,,-107.0,0.5783279255003911,0.0614197129400047,lost,-1.0
2016_11_MIA_LA,2016,11,spread,home,-1.0,101.0,0.542960145294275,0.04544770748332977,lost,-1.0
2016_11_MIA_LA,2016,11,total_points,over,39.0,-102.0,0.5511802189295266,0.04622972388002167,lost,-1.0
2016_11_NE_SF,2016,11,moneyline,home,,423.0,0.2505118924251703,0.059307303515036464,lost,-1.0
2016_11_NE_SF,2016,11,total_points,under,51.5,-107.0,0.6790105964389334,0.16210238387854692,won,0.9345794392523364
2016_11_TB_KC,2016,11,spread,home,-7.0,106.0,0.5310192959499217,0.0455824027460382,lost,-1.0
2016_11_TEN_IND,2016,11,total_points,under,53.5,-108.0,0.6300906731318648,0.11085990390109557,won,0.9259259259259259
2016_11_HOU_OAK,2016,11,moneyline,away,,225.0,0.453261627931826,0.1455693202395183,lost,-1.0
2016_11_HOU_OAK,2016,11,spread,away,6.5,-104.0,0.6370306426739043,0.12722672110527689,lost,-1.0
2016_12_MIN_DET,2016,12,moneyline,away,,108.0,0.5274949834351812,0.046725752665950415,lost,-1.0
2016_12_MIN_DET,2016,12,spread,away,2.0,-108.0,0.5877292104782826,0.06849844124751336,lost,-1.0
2016_12_PIT_IND,2016,12,moneyline,home,,346.0,0.41849816808286777,0.19428292144609646,lost,-1.0
2016_12_PIT_IND,2016,12,spread,home,8.0,-109.0,0.6455574267780129,0.12402632629954402,lost,-1.0
2016_12_PIT_IND,2016,12,total_points,under,50.0,102.0,0.5705995168207231,0.07555001187022803,won,1.02
2016_12_WAS_DAL,2016,12,moneyline,away,,206.0,0.46214062164601266,0.13534323602509762,lost,-1.0
2016_12_WAS_DAL,2016,12,spread,away,5.5,-105.0,0.617274510813552,0.10507938886233248,won,0.9523809523809523
2016_12_WAS_DAL,2016,12,total_points,under,53.0,-105.0,0.711636217910197,0.19944109595897752,lost,-1.0
2016_12_ARI_ATL,2016,12,moneyline,away,,168.0,0.5610890267779822,0.18795469841977325,lost,-1.0
2016_12_ARI_ATL,2016,12,spread,away,3.5,-103.0,0.6577713685410057,0.1503822059794293,lost,-1.0
2016_12_CAR_OAK,2016,12,moneyline,away,,148.0,0.5734436698985446,0.17021786344693168,lost,-1.0
2016_12_CAR_OAK,2016,12,spread,away,3.5,-123.0,0.6681501205781837,0.11658061385172624,won,0.8130081300813008
2016_12_CIN_BAL,2016,12,moneyline,away,,166.0,0.5589987675518172,0.18305891792775708,lost,-1.0
2016_12_CIN_BAL,2016,12,spread,away,3.5,-105.0,0.6607855342706256,0.14859041231940606,lost,-1.0
2016_12_JAX_BUF,2016,12,moneyline,away,,305.0,0.31583945961673904,0.06892587936982547,lost,-1.0
2016_12_JAX_BUF,2016,12,total_points,over,43.5,-113.0,0.6231958760853342,0.0926794441604516,won,0.8849557522123894
2016_12_KC_DEN,2016,12,moneyline,away,,161.0,0.469645548343869,0.08650378589176172,won,1.61
2016_12_KC_DEN,2016,12,spread,away,3.5,-113.0,0.5766671164461115,0.046150684521228835,won,0.8849557522123894
2016_12_LA_NO,2016,12,moneyline,away,,289.0,0.44780985396272305,0.19074044522236316,lost,-1.0
2016_12_LA_NO,2016,12,spread,away,7.5,-113.0,0.6627563784827093,0.13223994655782667,lost,-1.0
2016_12_NE_NYJ,2016,12,moneyline,home,,361.0,0.4032662338815296,0.18634649418521723,lost,-1.0
2016_12_NE_NYJ,2016,12,spread,home,9.0,-110.0,0.6566960940602202,0.1328865702506964,won,0.9090909090909091
2016_12_NE_NYJ,2016,12,total_points,under,48.0,-106.0,0.5989057541277683,0.08434264733165175,won,0.9433962264150944
2016_12_NYG_CLE,2016,12,moneyline,home,,237.0,0.38062830877059217,0.08389240372608181,lost,-1.0
2016_12_NYG_CLE,2016,12,spread,home,6.5,-105.0,0.557739470993336,0.04554434904211646,lost,-1.0
2016_12_SD_HOU,2016,12,moneyline,home,,116.0,0.5959404647946206,0.13297750183165763,lost,-1.0
2016_12_SD_HOU,2016,12,spread,home,2.5,-105.0,0.6574020519461339,0.14520692999491436,lost,-1.0
2016_12_SF_MIA,2016,12,moneyline,away,,273.0,0.32260818279538056,0.05451166805007224,lost,-1.0
2016_12_TEN_CHI,2016,12,moneyline,home,,222.0,0.540864322578165,0.23030531636698487,lost,-1.0
2016_12_TEN_CHI,2016,12,spread,home,6.5,106.0,0.7113579013086235,0.22592100810474003,won,1.06
2016_12_TEN_CHI,2016,12,total_points,over,41.5,-102.0,0.5885802755976355,0.08362978054813053,won,0.9803921568627451
2016_12_GB_PHI,2016,12,moneyline,away,,176.0,0.45141170782244916,0.08909286724273902,won,1.76
2016_12_GB_PHI,2016,12,spread,away,4.0,-105.0,0.5717935347657896,0.05959841281457012,won,0.9523809523809523
2016_13_DAL_MIN,2016,13,moneyline,home,,138.0,0.6162188338258163,0.19605076659892556,lost,-1.0
2016_13_DAL_MIN,2016,13,spread,home,3.0,-110.0,0.7008485392258075,0.17703901541628364,won,0.9090909090909091
2016_13_DAL_MIN,2016,13,total_points,under,43.5,102.0,0.5909241949794213,0.09587469002892623,won,1.02
2016_13_BUF_OAK,2016,13,moneyline,away,,136.0,0.4904165157141212,0.06668770215479919,lost,-1.0
2016_13_BUF_OAK,2016,13,spread,away,3.0,-115.0,0.576513251666798,0.0416295307365655,lost,-1.0
2016_13_CAR_SEA,2016,13,moneyline,away,,334.0,0.4453024132867907,0.2148876667430119,lost,-1.0
2016_13_CAR_SEA,2016,13,spread,away,8.5,104.0,0.6851187853804852,0.19492270694911268,lost,-1.0
2016_13_DEN_JAX,2016,13,total_points,over,39.0,-108.0,0.6808184145932066,0.1615876453624373,lost,-1.0
2016_13_DET_NO,2016,13,moneyline,away,,251.0,0.4498914984275025,0.16499121352721757,won,2.51
2016_13_DET_NO,2016,13,spread,away,6.5,-102.0,0.6238998376785753,0.11894934262907031,won,0.9803921568627451
2016_13_HOU_GB,2016,13,moneyline,away,,274.0,0.4109487298368302,0.14356905069244513,lost,-1.0
2016_13_HOU_GB,2016,13,spread,away,7.0,-106.0,0.6222643297716486,0.10770122297553208,lost,-1.0
2016_13_HOU_GB,2016,13,total_points,under,44.5,-100.0,0.5730407706719179,0.07304077067191794,won,1.0
2016_13_KC_ATL,2016,13,moneyline,away,,186.0,0.5117153278264135,0.16206497817606386,won,1.86
2016_13_KC_ATL,2016,13,spread,away,5.0,-104.0,0.6566496270626855,0.14684570549405807,won,0.9615384615384616
2016_13_KC_ATL,2016,13,total_points,under,50.0,-107.0,0.6124091580945689,0.09550094553418242,lost,-1.0
2016_13_LA_NE,2016,13,moneyline,away,,604.0,0.229997738388523,0.08795228384306844,lost,-1.0
2016_13_LA_NE,2016,13,spread,away,13.0,-102.0,0.5892397716436053,0.08428927659410035,lost,-1.0
2016_13_LA_NE,2016,13,total_points,under,44.5,-102.0,0.5619402656298008,0.05698977058029586,won,0.9803921568627451
2016_13_MIA_BAL,2016,13,moneyline,away,,166.0,0.431985460029218,0.056045610405157875,lost,-1.0
2016_13_NYG_PIT,2016,13,moneyline,away,,277.0,0.34819779689049457,0.08294580750057412,lost,-1.0
2016_13_NYG_PIT,2016,13,spread,away,7.0,-105.0,0.5477491738172182,0.03555405186599869,lost,-1.0
2016_13_NYG_PIT,2016,13,total_points,under,49.5,-105.0,0.5720884829751247,0.05989336102390519,won,0.9523809523809523
2016_13_PHI_CIN,2016,13,moneyline,home,,-118.0,0.6344905403630294,0.09320613669330469,won,0.847457627118644
2016_13_PHI_CIN,2016,13,spread,home,-1.0,-110.0,0.6031840056479604,0.07937448183843654,won,0.9090909090909091
2016_13_PHI_CIN,2016,13,total_points,over,42.0,-108.0,0.5686519205300028,0.04942115129923352,won,0.9259259259259259
2016_13_SF_CHI,2016,13,moneyline,home,,107.0,0.6339765241561236,0.1508847367165101,won,1.07
2016_13_SF_CHI,2016,13,spread,home,-0.0,102.0,0.6372800908210685,0.14223058587057347,won,1.02
2016_13_TB_SD,2016,13,moneyline,away,,166.0,0.42219639712272294,0.046256547498662814,won,1.66
2016_13_WAS_ARI,2016,13,moneyline,home,,-133.0,0.6603374252275171,0.08952197458374034,won,0.7518796992481203
2016_13_WAS_ARI,2016,13,spread,home,-2.5,-109.0,0.5965258207566773,0.07499472027820842,won,0.9174311926605505
2016_13_IND_NYJ,2016,13,moneyline,home,,-123.0,0.6266793373016666,0.07510983057520915,lost,-1.0
2016_13_IND_NYJ,2016,13,spread,home,-1.0,-113.0,0.5953676400011382,0.06485120807625555,lost,-1.0
2016_13_IND_NYJ,2016,13,total_points,under,48.5,-113.0,0.591274405040904,0.06075797311602138,lost,-1.0
2016_14_ARI_MIA,2016,14,moneyline,away,,-123.0,0.6298848382507531,0.0783153315242957,lost,-1.0
2016_14_ARI_MIA,2016,14,spread,away,-2.0,-105.0,0.5791223126141753,0.06692719066295583,lost,-1.0
2016_14_ATL_LA,2016,14,moneyline,home,,186.0,0.44875257932220225,0.09910222967185262,lost,-1.0
2016_14_ATL_LA,2016,14,spread,home,4.5,-110.0,0.582481942481178,0.05867241867165418,lost,-1.0
2016_14_CHI_DET,2016,14,moneyline,away,,276.0,0.36871006210971485,0.10275261530120422,lost,-1.0
2016_14_CHI_DET,2016,14,spread,away,7.5,-123.0,0.5919293763635132,0.040359869637055734,won,0.8130081300813008
2016_14_CHI_DET,2016,14,total_points,over,42.0,-102.0,0.5493187513622675,0.04436825631276253,lost,-1.0
2016_14_CIN_CLE,2016,14,spread,away,-4.0,102.0,0.6043464083106203,0.10929690336012521,won,1.02
2016_14_DAL_NYG,2016,14,moneyline,home,,166.0,0.5487930186846853,0.1728531690606252,won,1.66
2016_14_DAL_NYG,2016,14,spread,home,3.5,-103.0,0.6450603402827482,0.13767117772117177,won,0.970873786407767
2016_14_DEN_TEN,2016,14,moneyline,away,,116.0,0.5844498703158071,0.12148690735284412,lost,-1.0
2016_14_DEN_TEN,2016,14,spread,away,2.0,-100.0,0.6434375108874756,0.14343751088747558,lost,-1.0
2016_14_HOU_IND,2016,14,moneyline,away,,239.0,0.4705610971041185,0.17557584636665535,won,2.39
2016_14_HOU_IND,2016,14,spread,away,6.5,-107.0,0.6536989328132773,0.13679072025289085,won,0.9345794392523364
2016_14_HOU_IND,2016,14,total_points,under,47.5,-105.0,0.6184454936061577,0.10625037165493822,won,0.9523809523809523
2016_14_MIN_JAX,2016,14,total_points,over,38.0,-108.0,0.6503795198077704,0.13114875057700115,won,0.9259259259259259
2016_14_NYJ_SF,2016,14,moneyline,away,,132.0,0.6035846704843163,0.17255018772569564,won,1.32
2016_14_NYJ_SF,2016,14,spread,away,3.0,-117.0,0.6910911717095991,0.1519206647971567,won,0.8547008547008547
2016_14_SD_CAR,2016,14,moneyline,home,,-112.0,0.6876862187220132,0.15938433192956036,won,0.8928571428571429
2016_14_SD_CAR,2016,14,spread,home,-1.0,-105.0,0.6610601463746303,0.14886502442341076,won,0.9523809523809523
2016_14_SEA_GB,2016,14,total_points,under,47.0,-115.0,0.6261589694437323,0.09127524851349977,lost,-1.0
2016_14_WAS_PHI,2016,14,moneyline,home,,109.0,0.5309583037197354,0.052489404198204304,lost,-1.0
2016_14_WAS_PHI,2016,14,spread,home,1.5,-102.0,0.5735442129235527,0.06859371787404778,lost,-1.0
2016_14_BAL_NE,2016,14,spread,home,-6.0,-100.0,0.5769900169602066,0.07699001696020658,won,1.0
2016_15_LA_SEA,2016,15,moneyline,away,,828.0,0.22635383853516206,0.11859521784550689,lost,-1.0
2016_15_LA_SEA,2016,15,spread,away,15.0,106.0,0.6624005223673858,0.17696362916350228,lost,-1.0
2016_15_MIA_NYJ,2016,15,moneyline,home,,131.0,0.6085207056273352,0.17562027272690228,lost,-1.0
2016_15_MIA_NYJ,2016,15,spread,home,2.5,105.0,0.6697987160300182,0.1819938379812377,lost,-1.0
2016_15_MIA_NYJ,2016,15,total_points,over,40.0,104.0,0.5844322013146557,0.09423612288328315,won,1.04
2016_15_CLE_BUF,2016,15,total_points,over,43.5,-109.0,0.5575967594249097,0.03606565894644087,won,0.9174311926605505
2016_15_DET_NYG,2016,15,moneyline,away,,176.0,0.43852304179150037,0.07620420121179022,lost,-1.0
2016_15_DET_NYG,2016,15,spread,away,4.0,-105.0,0.5595019949694209,0.047306873018201356,lost,-1.0
2016_15_DET_NYG,2016,15,total_points,over,42.5,-110.0,0.6027394823271677,0.07892995851764384,lost,-1.0
2016_15_GB_CHI,2016,15,moneyline,home,,201.0,0.4358825670713007,0.10365665345003822,lost,-1.0
2016_15_GB_CHI,2016,15,spread,home,4.5,104.0,0.5703510565048265,0.08015497807345401,won,1.04
2016_15_GB_CHI,2016,15,total_points,over,40.0,113.0,0.6122764106066974,0.14279284253157998,won,1.13
2016_15_JAX_HOU,2016,15,total_points,over,39.5,-108.0,0.6140540027457583,0.094823233514989,won,0.9259259259259259
2016_15_NE_DEN,2016,15,moneyline,home,,136.0,0.46142285462454047,0.03769404106521845,lost,-1.0
2016_15_NO_ARI,2016,15,moneyline,home,,-154.0,0.7042106367664206,0.09791142416799536,lost,-1.0
2016_15_NO_ARI,2016,15,spread,home,-3.0,-105.0,0.6335374977021772,0.12134237575095763,lost,-1.0
2016_15_NO_ARI,2016,15,total_points,over,48.5,-100.0,0.6025809987376156,0.10258099873761561,won,1.0
2016_15_OAK_SD,2016,15,moneyline,home,,116.0,0.5134332247289867,0.050470261766023705,lost,-1.0
2016_15_OAK_SD,2016,15,spread,home,2.5,-106.0,0.576014574562065,0.06145146776594845,lost,-1.0
2016_15_PHI_BAL,2016,15,moneyline,away,,201.0,0.4378539402994479,0.10562802667818544,lost,-1.0
2016_15_PHI_BAL,2016,15,spread,away,5.0,-105.0,0.5864965436570156,0.07430142170579612,won,0.9523809523809523
2016_15_PHI_BAL,2016,15,total_points,over,41.0,-105.0,0.5983182651440455,0.08612314319282599,won,0.9523809523809523
2016_15_PIT_CIN,2016,15,moneyline,home,,140.0,0.5439242029903029,0.12725753632363618,lost,-1.0
2016_15_PIT_CIN,2016,15,spread,home,3.0,-110.0,0.6293855741702915,0.10557605036076767,lost,-1.0
2016_15_SF_ATL,2016,15,moneyline,away,,704.0,0.23444395682407113,0.1100658473713348,lost,-1.0
2016_15_SF_ATL,2016,15,spread,away,13.5,-100.0,0.5936839714330877,0.09368397143308771,lost,-1.0
2016_15_SF_ATL,2016,15,total_points,under,51.5,-110.0,0.6277812348509355,0.10397171104141167,lost,-1.0
2016_15_TB_DAL,2016,15,moneyline,away,,260.0,0.3897793665964191,0.1120015888186413,lost,-1.0
2016_15_TB_DAL,2016,15,spread,away,7.0,-113.0,0.5978803496804157,0.06736391775553308,won,0.8849557522123894
2016_15_TB_DAL,2016,15,total_points,under,47.5,-116.0,0.6128393671269,0.07580233008986292,won,0.8620689655172413
2016_15_TEN_KC,2016,15,spread,home,-6.0,-102.0,0.5627639577104089,0.057813462660903925,lost,-1.0
2016_15_CAR_WAS,2016,15,moneyline,away,,261.0,0.5296847902046735,0.252676479955366,won,2.61
2016_15_CAR_WAS,2016,15,spread,away,7.0,-109.0,0.7211284307716113,0.19959733029314242,won,0.9174311926605505
2016_16_NYG_PHI,2016,16,total_points,over,42.5,-110.0,0.621725347624153,0.09791582381462915,won,0.9090909090909091
2016_16_ARI_SEA,2016,16,moneyline,away,,330.0,0.431500676175978,0.19894253664109426,won,3.3
2016_16_ARI_SEA,2016,16,spread,away,9.0,-113.0,0.687383854002763,0.1568674220778804,won,0.8849557522123894
2016_16_ATL_CAR,2016,16,moneyline,home,,136.0,0.5971001470033613,0.17337133344403932,lost,-1.0
2016_16_ATL_CAR,2016,16,spread,home,3.0,-107.0,0.6763886558723254,0.159480443311939,lost,-1.0
2016_16_ATL_CAR,2016,16,total_points,over,48.5,104.0,0.5660585176873103,0.07586243925593777,won,1.04
2016_16_CIN_HOU,2016,16,moneyline,away,,139.0,0.5378491530711089,0.11943911123010476,lost,-1.0
2016_16_CIN_HOU,2016,16,spread,away,3.0,-110.0,0.6299356021435459,0.1061260783340221,won,0.9090909090909091
2016_16_CIN_HOU,2016,16,total_points,under,41.5,104.0,0.5620746010396493,0.07187852260827682,won,1.04
2016_16_IND_OAK,2016,16,total_points,under,52.0,-105.0,0.5864024685573754,0.07420734660615591,lost,-1.0
2016_16_MIN_GB,2016,16,moneyline,away,,235.0,0.44064833329916214,0.142140870612595,lost,-1.0
2016_16_MIN_GB,2016,16,spread,away,6.0,-105.0,0.6171058773735444,0.10491075542232486,lost,-1.0
2016_16_MIN_GB,2016,16,total_points,under,44.5,-105.0,0.5816816689615183,0.06948654701029877,lost,-1.0
2016_16_NYJ_NE,2016,16,moneyline,away,,1051.0,0.25684415690103995,0.1699631838341416,lost,-1.0
2016_16_NYJ_NE,2016,16,spread,away,17.0,-105.0,0.7292741634069007,0.21707904145568113,lost,-1.0
2016_16_SD_CLE,2016,16,moneyline,home,,179.0,0.397546073326724,0.039123134258623626,won,1.79
2016_16_SF_LA,2016,16,moneyline,away,,225.0,0.36613005751929384,0.05843774982698613,won,2.25
2016_16_SF_LA,2016,16,spread,away,6.0,102.0,0.541945082555084,0.046895577604588956,won,1.02
2016_16_TEN_JAX,2016,16,moneyline,home,,175.0,0.5179272780510245,0.1542909144146608,won,1.75
2016_16_TEN_JAX,2016,16,spread,home,4.0,-105.0,0.6341701039370541,0.12197498198583456,won,0.9523809523809523
2016_16_TEN_JAX,2016,16,total_points,over,44.0,-105.0,0.5893503223675666,0.07715520041634705,won,0.9523809523809523
2016_16_WAS_CHI,2016,16,moneyline,home,,140.0,0.46871479298892843,0.052048126322261745,lost,-1.0
2016_16_WAS_CHI,2016,16,total_points,under,49.0,-110.0,0.5975822179259103,0.07377269411638643,lost,-1.0
2016_16_BAL_PIT,2016,16,total_points,under,46.5,-105.0,0.5821721599342387,0.06997703798301913,lost,-1.0
2016_16_DET_DAL,2016,16,moneyline,away,,248.0,0.420082874220562,0.13272655238148157,lost,-1.0
2016_16_DET_DAL,2016,16,spread,away,6.5,103.0,0.6066785395320708,0.1140677020936472,lost,-1.0
2016_16_DET_DAL,2016,16,total_points,under,47.0,-103.0,0.628180027246754,0.12079086468517763,lost,-1.0
2016_17_ARI_LA,2016,17,moneyline,home,,252.0,0.32982977406764297,0.04573886497673385,lost,-1.0
2016_17_ARI_LA,2016,17,total_points,over,39.0,-100.0,0.6481449775642028,0.14814497756420275,won,1.0
2016_17_BAL_CIN,2016,17,moneyline,home,,125.0,0.6620431442075494,0.21759869976310497,won,1.25
2016_17_BAL_CIN,2016,17,spread,home,2.5,102.0,0.7201145375704453,0.22506503261995026,won,1.02
2016_17_BUF_NYJ,2016,17,moneyline,home,,171.0,0.47630320717130215,0.10729951713440178,won,1.71
2016_17_BUF_NYJ,2016,17,spread,home,3.5,-102.0,0.5754827881739654,0.07053229312446041,won,0.9803921568627451
2016_17_BUF_NYJ,2016,17,total_points,over,43.0,-104.0,0.5612186051391864,0.051414683570559006,lost,-1.0
2016_17_CAR_TB,2016,17,moneyline,away,,171.0,0.5865175904641318,0.2175139004272314,lost,-1.0
2016_17_CAR_TB,2016,17,spread,away,3.5,-100.0,0.6809858726956196,0.1809858726956196,won,1.0
2016_17_CAR_TB,2016,17,total_points,over,44.5,100.0,0.6093464291447268,0.10934642914472681,lost,-1.0
2016_17_CHI_MIN,2016,17,total_points,under,44.0,-106.0,0.6030697178365859,0.08850661104046942,lost,-1.0
2016_17_CLE_PIT,2016,17,spread,home,-3.5,-110.0,0.7514073535969672,0.22759782978744336,lost,-1.0
2016_17_CLE_PIT,2016,17,total_points,over,41.5,101.0,0.5793878221193035,0.08187538430835822,won,1.01
2016_17_DAL_PHI,2016,17,moneyline,away,,218.0,0.475009234954471,0.16054382614943957,lost,-1.0
2016_17_DAL_PHI,2016,17,spread,away,6.5,-114.0,0.6563368500729962,0.12362656969916452,lost,-1.0
2016_17_GB_DET,2016,17,moneyline,home,,171.0,0.48418661771158467,0.1151829276746843,lost,-1.0
2016_17_GB_DET,2016,17,spread,home,3.5,-102.0,0.5825101424701331,0.07755964742062815,lost,-1.0
2016_17_GB_DET,2016,17,total_points,under,50.0,-113.0,0.6159060220469821,0.08538959012209946,lost,-1.0
2016_17_HOU_TEN,2016,17,moneyline,away,,148.0,0.5057909803466359,0.10256517389502307,lost,-1.0
2016_17_HOU_TEN,2016,17,spread,away,3.0,103.0,0.596492629174974,0.10388179173655038,lost,-1.0
2016_17_JAX_IND,2016,17,moneyline,away,,222.0,0.3885310108359881,0.07797200462480802,lost,-1.0
2016_17_KC_SD,2016,17,moneyline,home,,210.0,0.40206295618008425,0.07948231101879394,lost,-1.0
2016_17_KC_SD,2016,17,spread,home,5.5,-103.0,0.554363962029015,0.046974799467438544,lost,-1.0
2016_17_NE_MIA,2016,17,moneyline,home,,323.0,0.32924064102152717,0.09283402163618437,lost,-1.0
2016_17_NE_MIA,2016,17,spread,home,7.5,102.0,0.544091395153581,0.049041890203085914,lost,-1.0
2016_17_NE_MIA,2016,17,total_points,under,47.0,102.0,0.5621143814548661,0.0670648765043711,lost,-1.0
2016_17_NO_ATL,2016,17,moneyline,away,,305.0,0.34848586562648043,0.10157228537956686,lost,-1.0
2016_17_NO_ATL,2016,17,spread,away,7.5,-107.0,0.5520167298114356,0.03510851725104913,won,0.9345794392523364
2016_17_NO_ATL,2016,17,total_points,under,58.5,-107.0,0.5942995268887117,0.07739131432832524,lost,-1.0
2016_17_NYG_WAS,2016,17,moneyline,away,,369.0,0.4188068129369989,0.20558719673230808,won,3.69
2016_17_NYG_WAS,2016,17,spread,away,10.0,-100.0,0.6981764678039071,0.19817646780390707,won,1.0
2016_17_OAK_DEN,2016,17,moneyline,home,,-118.0,0.602004093446028,0.060719689776303265,won,0.847457627118644
2016_17_OAK_DEN,2016,17,spread,home,-1.0,-114.0,0.5691111373476885,0.036400856973856754,won,0.8771929824561403
2016_17_OAK_DEN,2016,17,total_points,over,40.0,-103.0,0.6240946826581505,0.11670552009657409,lost,-1.0
2016_17_SEA_SF,2016,17,moneyline,home,,423.0,0.25607571648915656,0.06487112757902272,lost,-1.0
2016_17_SEA_SF,2016,17,spread,home,11.5,-113.0,0.5828653118092065,0.05234887988432391,won,0.8849557522123894
2016_17_SEA_SF,2016,17,total_points,under,44.5,-123.0,0.5875169338110445,0.03594742708458709,lost,-1.0
2017_01_KC_NE,2017,1,moneyline,away,,378.0,0.35200388058013554,0.14279885965963346,won,3.78
2017_01_KC_NE,2017,1,spread,away,8.0,103.0,0.5914385027216955,0.09882766528327186,won,1.03
2017_01_KC_NE,2017,1,total_points,under,47.5,-102.0,0.5999657220581842,0.09501522700867926,lost,-1.0
2017_01_ARI_DET,2017,1,moneyline,away,,-117.0,0.6069529094948789,0.06778240258243651,lost,-1.0
2017_01_ARI_DET,2017,1,spread,away,-2.5,106.0,0.5423822483081818,0.05694535510429832,lost,-1.0
2017_01_ATL_CHI,2017,1,moneyline,home,,245.0,0.3792599896444638,0.08940491718069565,lost,-1.0
2017_01_ATL_CHI,2017,1,spread,home,6.5,-103.0,0.5599478587447816,0.05255869618320519,won,0.970873786407767
2017_01_BAL_CIN,2017,1,moneyline,home,,-140.0,0.682409407977175,0.0990760746438416,lost,-1.0
2017_01_BAL_CIN,2017,1,spread,home,-2.5,-114.0,0.6165283830529745,0.0838181026791428,lost,-1.0
2017_01_CAR_SF,2017,1,spread,away,-4.5,-107.0,0.5902220332122269,0.07331382065184044,won,0.9345794392523364
2017_01_IND_LA,2017,1,moneyline,away,,166.0,0.5559245701753344,0.17998472055127424,lost,-1.0
2017_01_IND_LA,2017,1,spread,away,3.5,-102.0,0.657596426153184,0.15264593110367908,lost,-1.0
2017_01_IND_LA,2017,1,total_points,over,41.5,-108.0,0.5569278061216725,0.0376970368909032,won,0.9259259259259259
2017_01_JAX_HOU,2017,1,total_points,over,38.0,-108.0,0.6416129246974368,0.12238215546666753,lost,-1.0
2017_01_NYG_DAL,2017,1,moneyline,away,,221.0,0.4295096709924052,0.11798319124162643,lost,-1.0
2017_01_NYG_DAL,2017,1,spread,away,6.0,-105.0,0.6069333778904358,0.09473825593921625,lost,-1.0
2017_01_NYG_DAL,2017,1,total_points,under,46.5,103.0,0.5841086981407061,0.09149786070228244,won,1.03
2017_01_NYJ_BUF,2017,1,moneyline,away,,297.0,0.3772515346430562,0.12536236587731314,lost,-1.0
2017_01_NYJ_BUF,2017,1,spread,away,7.0,111.0,0.5860775233261954,0.11214387403709591,lost,-1.0
2017_01_NYJ_BUF,2017,1,total_points,over,42.0,-104.0,0.5854752464367682,0.07567132486814077,lost,-1.0
2017_01_OAK_TEN,2017,1,moneyline,away,,121.0,0.5046552190669571,0.05216653128415166,won,1.21
2017_01_OAK_TEN,2017,1,spread,away,2.5,102.0,0.5735741378682386,0.07852463291774359,won,1.02
2017_01_PHI_WAS,2017,1,moneyline,home,,113.0,0.5845075502659162,0.11502398219079879,lost,-1.0
2017_01_PHI_WAS,2017,1,spread,home,2.0,-105.0,0.6398175497393247,0.12762242778810517,lost,-1.0
2017_01_PHI_WAS,2017,1,total_points,under,49.5,-100.0,0.5401384722791874,0.04013847227918743,won,1.0
2017_01_PIT_CLE,2017,1,moneyline,home,,385.0,0.2640696607304517,0.057884093720142415,lost,-1.0
2017_01_PIT_CLE,2017,1,total_points,under,47.0,-110.0,0.5664050565693437,0.042595532759819865,won,0.9090909090909091
2017_01_SEA_GB,2017,1,moneyline,away,,121.0,0.5089465112817426,0.05645782349893719,lost,-1.0
2017_01_SEA_GB,2017,1,spread,away,2.5,-100.0,0.5786457146935066,0.07864571469350656,lost,-1.0
2017_01_SEA_GB,2017,1,total_points,under,49.5,-105.0,0.6534850473684553,0.14128992541723573,won,0.9523809523809523
2017_01_LAC_DEN,2017,1,spread,home,-3.0,104.0,0.5351274302456326,0.04493135181426006,push,0.0
2017_02_ARI_IND,2017,2,moneyline,home,,252.0,0.37979033673574386,0.09569942764483474,lost,-1.0
2017_02_ARI_IND,2017,2,spread,home,7.0,-117.0,0.5792048369759435,0.0400343300635011,won,0.8547008547008547
2017_02_ARI_IND,2017,2,total_points,over,44.0,-122.0,0.6706532493509838,0.1211036998014342,lost,-1.0
2017_02_BUF_CAR,2017,2,moneyline,away,,248.0,0.36784786949374526,0.08049154765466482,lost,-1.0
2017_02_BUF_CAR,2017,2,spread,away,6.5,-104.0,0.5512393195216805,0.041435397953053066,won,0.9615384615384616
2017_02_BUF_CAR,2017,2,total_points,over,43.0,-103.0,0.654992608255723,0.14760344569414663,lost,-1.0
2017_02_CHI_TB,2017,2,moneyline,away,,270.0,0.38402628426939184,0.11375601399912155,lost,-1.0
2017_02_CHI_TB,2017,2,spread,away,7.0,-100.0,0.5935048627816821,0.09350486278168213,lost,-1.0
2017_02_CLE_BAL,2017,2,total_points,over,39.5,-110.0,0.5985701845970874,0.0747606607875636,lost,-1.0
2017_02_DAL_DEN,2017,2,moneyline,home,,116.0,0.6022406018464528,0.13927763888348982,won,1.16
2017_02_DAL_DEN,2017,2,spread,home,2.5,-110.0,0.665666254903418,0.14185673109389418,won,0.9090909090909091
2017_02_DAL_DEN,2017,2,total_points,under,44.0,102.0,0.6380342189200625,0.14298471396956747,lost,-1.0
2017_02_GB_ATL,2017,2,total_points,under,55.0,102.0,0.6641891635250632,0.16913965857456814,lost,-1.0
2017_02_MIN_PIT,2017,2,moneyline,away,,330.0,0.3880985198797068,0.15554038034482306,lost,-1.0
2017_02_MIN_PIT,2017,2,spread,away,8.5,-104.0,0.6406195956611663,0.1308156740925389,lost,-1.0
2017_02_NE_NO,2017,2,total_points,under,55.0,102.0,0.5562347552425772,0.061185250292082105,lost,-1.0
2017_02_NYJ_OAK,2017,2,moneyline,away,,671.0,0.39891038734616263,0.269208701224243,lost,-1.0
2017_02_NYJ_OAK,2017,2,spread,away,14.0,-100.0,0.7900342226863988,0.2900342226863988,lost,-1.0
2017_02_NYJ_OAK,2017,2,total_points,over,44.0,-100.0,0.5437557089640223,0.043755708964022255,won,1.0
2017_02_PHI_KC,2017,2,spread,home,-4.0,-105.0,0.5676861478460968,0.05549102589487731,won,0.9523809523809523
2017_02_SF_SEA,2017,2,total_points,under,42.0,106.0,0.5234400930858216,0.03800319988193812,won,1.06
2017_02_TEN_JAX,2017,2,moneyline,home,,102.0,0.558894108849911,0.06384460389941593,lost,-1.0
2017_02_TEN_JAX,2017,2,spread,home,1.0,-104.0,0.5910973162587835,0.08129339469015606,lost,-1.0
2017_02_TEN_JAX,2017,2,total_points,over,42.0,-116.0,0.6495598396757503,0.11252280263871317,won,0.8620689655172413
2017_02_WAS_LA,2017,2,moneyline,away,,136.0,0.5607438420625743,0.1370150285032523,won,1.36
2017_02_WAS_LA,2017,2,spread,away,3.0,-106.0,0.650279255969543,0.13571614917342645,won,0.9433962264150944
2017_02_DET_NYG,2017,2,total_points,over,42.0,-104.0,0.5910876801303411,0.08128375856171366,lost,-1.0
2017_03_LA_SF,2017,3,moneyline,home,,127.0,0.48104404229113007,0.04051540792989661,lost,-1.0
2017_03_ATL_DET,2017,3,moneyline,home,,151.0,0.46251432214148736,0.06410794763949534,lost,-1.0
2017_03_ATL_DET,2017,3,spread,home,3.0,105.0,0.5462155385217065,0.05841066047292598,lost,-1.0
2017_03_ATL_DET,2017,3,total_points,under,51.0,-105.0,0.5621670403657216,0.0499719184145021,lost,-1.0
2017_03_BAL_JAX,2017,3,moneyline,home,,146.0,0.4832283448685059,0.07672427982785551,won,1.46
2017_03_BAL_JAX,2017,3,spread,home,3.0,-100.0,0.5690162727123568,0.06901627271235677,won,1.0
2017_03_BAL_JAX,2017,3,total_points,over,38.0,-100.0,0.6973747124488215,0.19737471244882154,won,1.0
2017_03_CIN_GB,2017,3,moneyline,away,,293.0,0.4606044543895236,0.20615152818087218,lost,-1.0
2017_03_CIN_GB,2017,3,spread,away,7.0,-104.0,0.6721313138844783,0.16232739231585092,won,0.9615384615384616
2017_03_CIN_GB,2017,3,total_points,under,47.5,-111.0,0.6360128523815124,0.10994650167061193,lost,-1.0
2017_03_CLE_IND,2017,3,moneyline,home,,-116.0,0.7045997406757767,0.1675627036387396,won,0.8620689655172413
2017_03_CLE_IND,2017,3,spread,home,-1.0,-110.0,0.6781795338756003,0.15437001006607642,won,0.9090909090909091
2017_03_CLE_IND,2017,3,total_points,over,42.0,-107.0,0.6144393556748635,0.09753114311447708,won,0.9345794392523364
2017_03_DEN_BUF,2017,3,moneyline,home,,162.0,0.5166074746689915,0.13492808535601436,won,1.62
2017_03_DEN_BUF,2017,3,spread,home,3.5,-108.0,0.6177434859777394,0.09851271674697015,won,0.9259259259259259
2017_03_DEN_BUF,2017,3,total_points,over,40.0,-115.0,0.5716279910355936,0.036744270105361077,won,0.8695652173913043
2017_03_HOU_NE,2017,3,moneyline,away,,761.0,0.2313741258747437,0.11523010729170073,lost,-1.0
2017_03_HOU_NE,2017,3,spread,away,13.5,-110.0,0.6123956924774154,0.0885861686678916,won,0.9090909090909091
2017_03_HOU_NE,2017,3,total_points,under,44.5,103.0,0.5905756864448167,0.09796484900639307,lost,-1.0
2017_03_KC_LAC,2017,3,total_points,under,47.5,-104.0,0.6090130375151868,0.09920911594655935,won,0.9615384615384616
2017_03_MIA_NYJ,2017,3,moneyline,home,,200.0,0.5629668816902735,0.22963354835694022,won,2.0
2017_03_MIA_NYJ,2017,3,spread,home,5.5,-107.0,0.7103007347073714,0.193392522146985,won,0.9345794392523364
2017_03_NO_CAR,2017,3,total_points,over,46.5,-103.0,0.7047046548758519,0.19731549231427548,won,0.970873786407767
2017_03_NYG_PHI,2017,3,moneyline,away,,205.0,0.4297680261419134,0.10189917368289703,lost,-1.0
2017_03_NYG_PHI,2017,3,spread,away,5.0,-104.0,0.5798551128887965,0.07005119132016913,won,0.9615384615384616
2017_03_NYG_PHI,2017,3,total_points,over,42.0,-103.0,0.6052017183443337,0.09781255578275727,won,0.970873786407767
2017_03_OAK_WAS,2017,3,moneyline,home,,166.0,0.5548811024575867,0.17894125283352658,won,1.66
2017_03_OAK_WAS,2017,3,spread,home,3.5,-107.0,0.6501341398666388,0.13322592730625238,won,0.9345794392523364
2017_03_OAK_WAS,2017,3,total_points,under,53.0,-100.0,0.6012594766869471,0.10125947668694713,won,1.0
2017_03_PIT_CHI,2017,3,moneyline,home,,264.0,0.3304774383199302,0.05575216359465546,won,2.64
2017_03_SEA_TEN,2017,3,moneyline,away,,118.0,0.6193763535909297,0.16066075726065443,lost,-1.0
2017_03_SEA_TEN,2017,3,spread,away,2.0,105.0,0.6782938708545302,0.1904889928057497,lost,-1.0
2017_03_TB_MIN,2017,3,moneyline,home,,-106.0,0.6458085320153961,0.13124542521927962,won,0.9433962264150944
2017_03_TB_MIN,2017,3,spread,home,-0.0,-110.0,0.6494151115668731,0.1256055877573493,won,0.9090909090909091
2017_03_DAL_ARI,2017,3,moneyline,home,,137.0,0.6804415439226441,0.2585006156526019,lost,-1.0
2017_03_DAL_ARI,2017,3,spread,home,3.0,-115.0,0.75802957406051,0.22314585313027746,lost,-1.0
2017_04_BUF_ATL,2017,4,moneyline,away,,330.0,0.3859045211719371,0.15334638163705336,won,3.3
2017_04_BUF_ATL,2017,4,spread,away,8.0,-105.0,0.6201358772782686,0.10794075532704905,won,0.9523809523809523
2017_04_CAR_NE,2017,4,moneyline,away,,385.0,0.3398516949095368,0.13366612789922755,won,3.85
2017_04_CAR_NE,2017,4,spread,away,9.0,-110.0,0.5969051923605291,0.07309566855100524,won,0.9090909090909091
2017_04_CIN_CLE,2017,4,spread,away,-3.0,-115.0,0.6344935668503583,0.09960984592012578,won,0.8695652173913043
2017_04_IND_SEA,2017,4,moneyline,away,,604.0,0.2812938074886427,0.13924835294318813,lost,-1.0
2017_04_IND_SEA,2017,4,spread,away,12.5,-110.0,0.6347391264022172,0.11092960259269335,lost,-1.0
2017_04_IND_SEA,2017,4,total_points,over,41.5,-101.0,0.577582006615762,0.07509444442670721,won,0.9900990099009901
2017_04_JAX_NYJ,2017,4,moneyline,home,,175.0,0.5831238879327623,0.21948752429639862,won,1.75
2017_04_JAX_NYJ,2017,4,spread,home,4.0,-110.0,0.6992542902127549,0.17544476640323103,won,0.9090909090909091
2017_04_JAX_NYJ,2017,4,total_points,over,38.5,-103.0,0.6924678517427475,0.1850786891811711,won,0.970873786407767
2017_04_LA_DAL,2017,4,total_points,under,51.0,-105.0,0.7640153035887025,0.251820181637483,lost,-1.0
2017_04_NO_MIA,2017,4,moneyline,home,,176.0,0.5331887739896141,0.17086993340990392,lost,-1.0
2017_04_NO_MIA,2017,4,spread,home,4.0,-104.0,0.6484065780483618,0.13860265647973435,lost,-1.0
2017_04_PHI_LAC,2017,4,total_points,under,48.0,-101.0,0.5870716358678059,0.08458407367875109,lost,-1.0
2017_04_PIT_BAL,2017,4,moneyline,home,,166.0,0.42473312868712515,0.04879327906306502,lost,-1.0
2017_04_SF_ARI,2017,4,spread,home,-6.5,-106.0,0.6867749558310012,0.17221184903488473,lost,-1.0
2017_04_SF_ARI,2017,4,total_points,over,43.0,-101.0,0.6110688074551919,0.1085812452661371,lost,-1.0
2017_04_TEN_HOU,2017,4,moneyline,home,,126.0,0.5990086197091933,0.15653074360299857,won,1.26
2017_04_TEN_HOU,2017,4,spread,home,2.5,102.0,0.6621271850960422,0.16707768014554714,won,1.02
2017_04_WAS_KC,2017,4,total_points,under,48.0,104.0,0.5671838933386291,0.07698781490725654,lost,-1.0
2017_05_NE_TB,2017,5,spread,away,-3.5,-100.0,0.5720460371288819,0.07204603712888191,won,1.0
2017_05_NE_TB,2017,5,total_points,under,54.5,-103.0,0.6962653038668161,0.18887614130523966,won,0.970873786407767
2017_05_ARI_PHI,2017,5,moneyline,away,,226.0,0.5583609079288905,0.25161244167122176,lost,-1.0
2017_05_ARI_PHI,2017,5,spread,away,6.0,100.0,0.7232309619327157,0.22323096193271574,lost,-1.0
2017_05_ARI_PHI,2017,5,total_points,over,45.0,-115.0,0.5986821235316505,0.063798402601418,lost,-1.0
2017_05_BAL_OAK,2017,5,total_points,over,40.5,-100.0,0.6263477418655703,0.1263477418655703,won,1.0
2017_05_BUF_CIN,2017,5,total_points,over,39.0,-100.0,0.5947550826445349,0.09475508264453492,lost,-1.0
2017_05_CAR_DET,2017,5,moneyline,away,,118.0,0.5428960350542019,0.08418043872392666,won,1.18
2017_05_CAR_DET,2017,5,spread,away,2.0,-105.0,0.6025555628172539,0.09036044086603434,won,0.9523809523809523
2017_05_CAR_DET,2017,5,total_points,over,42.0,-108.0,0.6386188719695404,0.1193881027387711,won,0.9259259259259259
2017_05_GB_DAL,2017,5,moneyline,away,,126.0,0.49033531218328535,0.04785743607709064,won,1.26
2017_05_GB_DAL,2017,5,spread,away,2.5,104.0,0.5601078666312321,0.0699117881998596,won,1.04
2017_05_GB_DAL,2017,5,total_points,under,52.0,-113.0,0.7025496099669671,0.1720331780420845,lost,-1.0
2017_05_JAX_PIT,2017,5,spread,home,-7.5,111.0,0.519350158869037,0.04541650957993748,lost,-1.0
2017_05_JAX_PIT,2017,5,total_points,over,41.0,107.0,0.6581094351625502,0.17501764772293665,lost,-1.0
2017_05_KC_HOU,2017,5,total_points,under,45.0,102.0,0.6273697160977133,0.13232021114721826,lost,-1.0
2017_05_LAC_NYG,2017,5,total_points,under,45.5,-102.0,0.5497741229145725,0.04482362786506755,lost,-1.0
2017_05_NYJ_CLE,2017,5,moneyline,away,,-122.0,0.6083171529717116,0.05876760342216203,won,0.819672131147541
2017_05_NYJ_CLE,2017,5,spread,away,-1.5,-107.0,0.5645017650045386,0.0475935524441522,won,0.9345794392523364
2017_05_SEA_LA,2017,5,moneyline,away,,120.0,0.6669696625947927,0.2124242080493382,won,1.2
2017_05_SEA_LA,2017,5,spread,away,2.0,102.0,0.7237601758636589,0.22871067091316388,won,1.02
2017_05_SEA_LA,2017,5,total_points,under,46.5,-101.0,0.637504129904824,0.1350165677157692,won,0.9900990099009901
2017_05_SF_IND,2017,5,moneyline,home,,-106.0,0.6829840287209646,0.16842092192484814,won,0.9433962264150944
2017_05_SF_IND,2017,5,spread,home,1.0,-113.0,0.7146638877164506,0.184147455791568,won,0.8849557522123894
2017_05_SF_IND,2017,5,total_points,over,43.5,-107.0,0.5785341828846128,0.06162597032422634,won,0.9345794392523364
2017_05_TEN_MIA,2017,5,moneyline,home,,-113.0,0.57257229668215,0.042055864757267414,won,0.8849557522123894
2017_05_TEN_MIA,2017,5,spread,home,-0.0,-110.0,0.5734280272729761,0.04961850346345231,won,0.9090909090909091
2017_05_TEN_MIA,2017,5,total_points,over,41.5,-101.0,0.6023641626988973,0.09987660050984248,lost,-1.0
2017_06_PHI_CAR,2017,6,moneyline,home,,-148.0,0.6375270231885118,0.04075282964012472,lost,-1.0
2017_06_PHI_CAR,2017,6,spread,home,-3.0,102.0,0.5556717741996091,0.06062226924911407,lost,-1.0
2017_06_PHI_CAR,2017,6,total_points,over,44.0,-117.0,0.6187819460312861,0.07961143911884372,won,0.8547008547008547
2017_06_CHI_BAL,2017,6,total_points,over,39.5,102.0,0.5776548767570143,0.08260537180651928,won,1.02
2017_06_CLE_HOU,2017,6,spread,home,-7.5,102.0,0.542775573913763,0.04772606896326792,won,1.02
2017_06_CLE_HOU,2017,6,total_points,under,46.0,-103.0,0.6386706274013215,0.13128146483974512,lost,-1.0
2017_06_DET_NO,2017,6,moneyline,away,,205.0,0.4469361940315866,0.1190673415725702,lost,-1.0
2017_06_DET_NO,2017,6,spread,away,6.0,-115.0,0.6175761220992125,0.08269240116898002,lost,-1.0
2017_06_GB_MIN,2017,6,moneyline,home,,136.0,0.5475482440001571,0.1238194304408351,won,1.36
2017_06_GB_MIN,2017,6,spread,home,3.0,-113.0,0.6341795608649274,0.10366312894004481,won,0.8849557522123894
2017_06_GB_MIN,2017,6,total_points,under,46.0,-110.0,0.5855158544974323,0.06170633068790843,won,0.9090909090909091
2017_06_LAC_OAK,2017,6,total_points,under,48.5,106.0,0.5684374740277343,0.08300058082385076,won,1.06
2017_06_LA_JAX,2017,6,moneyline,home,,-115.0,0.6138353131246033,0.07895159219437076,lost,-1.0
2017_06_LA_JAX,2017,6,spread,home,-1.0,-108.0,0.582231402595867,0.06300063336509776,lost,-1.0
2017_06_LA_JAX,2017,6,total_points,over,42.0,-110.0,0.5884430003403278,0.06463347653080398,won,0.9090909090909091
2017_06_MIA_ATL,2017,6,moneyline,away,,638.0,0.3017616241171667,0.1662602691036166,won,6.38
2017_06_MIA_ATL,2017,6,spread,away,14.0,-110.0,0.7010832922494847,0.1772737684399609,won,0.9090909090909091
2017_06_NE_NYJ,2017,6,moneyline,home,,346.0,0.3340248832958863,0.109809636659115,lost,-1.0
2017_06_NE_NYJ,2017,6,spread,home,9.0,-105.0,0.591203333497965,0.07900821154674542,won,0.9523809523809523
2017_06_NE_NYJ,2017,6,total_points,under,48.5,-107.0,0.6109534924903139,0.0940452799299275,won,0.9345794392523364
2017_06_NYG_DEN,2017,6,moneyline,away,,569.0,0.3526426147687954,0.2031657836776145,won,5.69
2017_06_NYG_DEN,2017,6,spread,away,14.0,-113.0,0.7627359461142961,0.23221951418941345,won,0.8849557522123894
2017_06_NYG_DEN,2017,6,total_points,over,37.5,-115.0,0.6051682836145615,0.07028456268432903,lost,-1.0
2017_06_PIT_KC,2017,6,total_points,under,46.5,-105.0,0.5576144893274636,0.04541936737624408,won,0.9523809523809523
2017_06_SF_WAS,2017,6,moneyline,away,,408.0,0.2515776351603749,0.05472724145958749,lost,-1.0
2017_06_SF_WAS,2017,6,spread,away,12.0,-119.0,0.589133809955514,0.04575481452172403,won,0.8403361344537815
2017_06_TB_ARI,2017,6,moneyline,home,,121.0,0.7015970312607948,0.24910834347798932,won,1.21
2017_06_TB_ARI,2017,6,spread,home,2.5,104.0,0.7561792314328009,0.26598315300142833,won,1.04
2017_06_IND_TEN,2017,6,moneyline,away,,250.0,0.45921631419904657,0.17350202848476087,lost,-1.0
2017_06_IND_TEN,2017,6,spread,away,7.0,-109.0,0.6641382799262383,0.14260717944776946,lost,-1.0
2017_06_IND_TEN,2017,6,total_points,over,46.0,-113.0,0.570294966461807,0.03977853453692437,won,0.8849557522123894
2017_07_ARI_LA,2017,7,moneyline,away,,148.0,0.6381699549258543,0.2349441484742414,lost,-1.0
2017_07_ARI_LA,2017,7,spread,away,3.0,106.0,0.7226528909262937,0.2372159977224102,lost,-1.0
2017_07_ATL_NE,2017,7,moneyline,home,,-150.0,0.6652690452458719,0.06526904524587196,won,0.6666666666666666
2017_07_ATL_NE,2017,7,spread,home,-3.0,104.0,0.5867061359887552,0.09651005755738268,won,1.04
2017_07_ATL_NE,2017,7,total_points,under,56.5,-101.0,0.6789154756529688,0.17642791346391407,won,0.9900990099009901
2017_07_BAL_MIN,2017,7,total_points,over,37.5,-102.0,0.5585282591088172,0.05357776405931225,won,0.9803921568627451
2017_07_CAR_CHI,2017,7,moneyline,away,,-139.0,0.6458014075499913,0.06421144939099543,lost,-1.0
2017_07_CAR_CHI,2017,7,spread,away,-2.5,-114.0,0.5824037297713426,0.04969344939751086,lost,-1.0
2017_07_CAR_CHI,2017,7,total_points,over,39.5,-110.0,0.684617882832536,0.16080835902301216,lost,-1.0
2017_07_CIN_PIT,2017,7,moneyline,away,,179.0,0.4176875863738025,0.059264647305702134,lost,-1.0
2017_07_CIN_PIT,2017,7,spread,away,4.0,-100.0,0.5439842703943775,0.04398427039437747,lost,-1.0
2017_07_CIN_PIT,2017,7,total_points,over,40.0,100.0,0.5354584244294268,0.035458424429426816,won,1.0
2017_07_DAL_SF,2017,7,moneyline,home,,235.0,0.3663417584503349,0.06783429576376776,lost,-1.0
2017_07_DAL_SF,2017,7,total_points,under,48.0,-103.0,0.6445617727804142,0.13717261021883775,lost,-1.0
2017_07_JAX_IND,2017,7,moneyline,home,,141.0,0.5461929119240824,0.13125515258798276,lost,-1.0
2017_07_JAX_IND,2017,7,spread,home,3.0,-100.0,0.6304142455638837,0.1304142455638837,lost,-1.0
2017_07_JAX_IND,2017,7,total_points,over,41.0,-100.0,0.7232484949495632,0.22324849494956323,lost,-1.0
2017_07_NO_GB,2017,7,moneyline,home,,171.0,0.6214354614371228,0.25243177140022244,lost,-1.0
2017_07_NO_GB,2017,7,spread,home,3.5,102.0,0.7095494062608468,0.2144999013103518,lost,-1.0
2017_07_NO_GB,2017,7,total_points,over,45.5,-106.0,0.7180059381244996,0.20344283132838314,lost,-1.0
2017_07_NYJ_MIA,2017,7,moneyline,away,,144.0,0.4600079199937711,0.050171854420000606,lost,-1.0
2017_07_NYJ_MIA,2017,7,spread,away,3.0,-104.0,0.5507735024800817,0.040969580911454306,push,0.0
2017_07_SEA_NYG,2017,7,moneyline,home,,186.0,0.420276853281775,0.07062650363142536,lost,-1.0
2017_07_SEA_NYG,2017,7,spread,home,4.0,-100.0,0.541887075699117,0.04188707569911698,lost,-1.0
2017_07_SEA_NYG,2017,7,total_points,over,39.0,-108.0,0.5903547863613908,0.07112401713062155,lost,-1.0
2017_07_TEN_CLE,2017,7,moneyline,home,,205.0,0.41783855393549596,0.08996970147647959,lost,-1.0
2017_07_TEN_CLE,2017,7,spread,home,5.5,-105.0,0.5733866306716762,0.061191508720456644,won,0.9523809523809523
2017_07_TEN_CLE,2017,7,total_points,over,42.5,-108.0,0.5874552877067318,0.06822451847596256,lost,-1.0
2017_07_WAS_PHI,2017,7,moneyline,away,,201.0,0.44125846910580513,0.10903255548454266,lost,-1.0
2017_07_WAS_PHI,2017,7,spread,away,5.0,-107.0,0.5895167257727596,0.07260851321237316,lost,-1.0
2017_08_MIA_BAL,2017,8,total_points,over,38.0,-106.0,0.6132149189506877,0.0986518121545712,won,0.9433962264150944
2017_08_ATL_NYJ,2017,8,moneyline,home,,248.0,0.4495355153532612,0.16217919351418075,lost,-1.0
2017_08_ATL_NYJ,2017,8,spread,home,6.5,102.0,0.6306843978777422,0.13563489292724717,won,1.02
2017_08_ATL_NYJ,2017,8,total_points,over,43.5,108.0,0.5900859600011703,0.10931672923193952,won,1.08
2017_08_CAR_TB,2017,8,moneyline,away,,111.0,0.5695854587848682,0.09565180949576868,won,1.11
2017_08_CAR_TB,2017,8,spread,away,1.5,-100.0,0.6155234679258275,0.11552346792582746,won,1.0
2017_08_CHI_NO,2017,8,moneyline,away,,305.0,0.34411948467385417,0.0972059044269406,lost,-1.0
2017_08_CHI_NO,2017,8,spread,away,7.5,-104.0,0.5596323918108694,0.04982847024224202,lost,-1.0
2017_08_CHI_NO,2017,8,total_points,over,46.0,-110.0,0.6354540298134008,0.11164450600387699,lost,-1.0
2017_08_DAL_WAS,2017,8,moneyline,home,,151.0,0.5477395925140661,0.1493332180120741,lost,-1.0
2017_08_DAL_WAS,2017,8,spread,home,3.0,104.0,0.6329762827084097,0.14278020427703714,lost,-1.0
2017_08_HOU_SEA,2017,8,total_points,under,45.0,-105.0,0.6616185952365852,0.14942347328536565,lost,-1.0
2017_08_IND_CIN,2017,8,moneyline,away,,423.0,0.2905384573813254,0.09933386847119155,lost,-1.0
2017_08_IND_CIN,2017,8,spread,away,11.0,-110.0,0.6133808965894482,0.08957137277992433,won,0.9090909090909091
2017_08_LAC_NE,2017,8,spread,home,-6.5,-110.0,0.560691098925976,0.03688157511645218,won,0.9090909090909091
2017_08_LAC_NE,2017,8,total_points,under,49.5,-105.0,0.6525321510370403,0.1403370290858208,won,0.9523809523809523
2017_08_MIN_CLE,2017,8,moneyline,home,,408.0,0.28971554273683614,0.09286514903604873,lost,-1.0
2017_08_MIN_CLE,2017,8,spread,home,11.0,-102.0,0.6179403821573488,0.11298988710784386,lost,-1.0
2017_08_MIN_CLE,2017,8,total_points,over,38.5,102.0,0.5468342400700056,0.05178473511951054,won,1.02
2017_08_SF_PHI,2017,8,moneyline,away,,604.0,0.239052413058194,0.09700695851273944,lost,-1.0
2017_08_SF_PHI,2017,8,spread,away,13.0,-100.0,0.5998154387952089,0.09981543879520893,lost,-1.0
2017_08_DEN_KC,2017,8,moneyline,away,,273.0,0.3563383650553418,0.08824185031003345,lost,-1.0
2017_08_DEN_KC,2017,8,spread,away,7.0,-107.0,0.5694769530599308,0.05256874049954441,lost,-1.0
2017_08_DEN_KC,2017,8,total_points,under,42.0,102.0,0.5345458142050356,0.03949630925454051,lost,-1.0
2017_09_BUF_NYJ,2017,9,moneyline,home,,158.0,0.47351231381180026,0.08591541458699403,won,1.58
2017_09_BUF_NYJ,2017,9,spread,home,3.0,112.0,0.5595668150700751,0.08786870186252793,won,1.12
2017_09_BUF_NYJ,2017,9,total_points,over,42.0,-102.0,0.5531141747696809,0.04816367972017599,won,0.9803921568627451
2017_09_ARI_SF,2017,9,moneyline,away,,-130.0,0.7200244445046717,0.15480705320032395,won,0.7692307692307693
2017_09_ARI_SF,2017,9,spread,away,-2.5,-102.0,0.6616661386066037,0.15671564355709877,won,0.9803921568627451
2017_09_ARI_SF,2017,9,total_points,over,39.0,-106.0,0.7153202551047865,0.20075714830866997,lost,-1.0
2017_09_ATL_CAR,2017,9,moneyline,home,,134.0,0.5774997099057239,0.15014928255529653,won,1.34
2017_09_ATL_CAR,2017,9,spread,home,3.0,-115.0,0.660883546116506,0.1259998251862735,won,0.8695652173913043
2017_09_ATL_CAR,2017,9,total_points,over,42.0,-113.0,0.6985545323856956,0.16803810046081302,lost,-1.0
2017_09_BAL_TEN,2017,9,moneyline,away,,155.0,0.49464383049872823,0.1024869677536302,lost,-1.0
2017_09_BAL_TEN,2017,9,spread,away,3.0,107.0,0.5848186434104644,0.1017268559708509,push,0.0
2017_09_BAL_TEN,2017,9,total_points,over,41.0,-113.0,0.5874019667106862,0.056885534785803604,won,0.8849557522123894
2017_09_CIN_JAX,2017,9,moneyline,away,,205.0,0.553481620086877,0.2256127676278606,lost,-1.0
2017_09_CIN_JAX,2017,9,spread,away,6.0,-110.0,0.7231597160093877,0.19935019219986383,lost,-1.0
2017_09_CIN_JAX,2017,9,total_points,over,38.0,-103.0,0.6490123792058585,0.14162321664428212,lost,-1.0
2017_09_DEN_PHI,2017,9,moneyline,away,,264.0,0.4462222055652386,0.17149693083996387,lost,-1.0
2017_09_DEN_PHI,2017,9,spread,away,7.0,-114.0,0.6588315385963665,0.12612125822253473,lost,-1.0
2017_09_IND_HOU,2017,9,moneyline,away,,225.0,0.3559403696698883,0.04824806197758058,won,2.25
2017_09_KC_DAL,2017,9,moneyline,away,,116.0,0.5407607751527596,0.07779781218979659,lost,-1.0
2017_09_KC_DAL,2017,9,spread,away,2.0,-103.0,0.6010591838248531,0.09367002126327673,lost,-1.0
2017_09_KC_DAL,2017,9,total_points,under,53.0,-106.0,0.7387879986373409,0.2242248918412244,won,0.9433962264150944
2017_09_LA_NYG,2017,9,moneyline,home,,220.0,0.6124735042323997,0.29997350423239966,lost,-1.0
2017_09_LA_NYG,2017,9,spread,home,5.5,102.0,0.7530155782542958,0.2579660733038007,lost,-1.0
2017_09_OAK_MIA,2017,9,moneyline,home,,140.0,0.4952699761922345,0.07860330952556782,lost,-1.0
2017_09_OAK_MIA,2017,9,spread,home,3.0,100.0,0.5810455499750407,0.08104554997504065,push,0.0
2017_09_TB_NO,2017,9,moneyline,away,,264.0,0.3885651278261226,0.11383985310084788,lost,-1.0
2017_09_TB_NO,2017,9,spread,away,7.0,-109.0,0.5895638292571936,0.0680327287787248,lost,-1.0
2017_09_WAS_SEA,2017,9,moneyline,away,,338.0,0.31319613114160083,0.08488562885849582,won,3.38
2017_09_DET_GB,2017,9,moneyline,home,,118.0,0.6317995573267795,0.17308396099650425,lost,-1.0
2017_09_DET_GB,2017,9,spread,home,2.5,-102.0,0.6920935979214747,0.18714310287196978,lost,-1.0
2017_09_DET_GB,2017,9,total_points,over,42.5,-100.0,0.6315075159222405,0.13150751592224053,won,1.0
2017_10_SEA_ARI,2017,10,moneyline,home,,218.0,0.5215871378814084,0.207121729076377,lost,-1.0
2017_10_SEA_ARI,2017,10,spread,home,6.0,-109.0,0.6902199823861102,0.1686888819076413,push,0.0
2017_10_SEA_ARI,2017,10,total_points,over,40.0,-101.0,0.6413118801648777,0.13882431797582295,lost,-1.0
2017_10_CIN_TEN,2017,10,moneyline,away,,197.0,0.5705169051034935,0.2338165684031568,lost,-1.0
2017_10_CIN_TEN,2017,10,spread,away,4.5,-100.0,0.702808654869739,0.20280865486973898,won,1.0
2017_10_CIN_TEN,2017,10,total_points,over,40.5,101.0,0.5549088386852985,0.057396400874353215,won,1.01
2017_10_CLE_DET,2017,10,moneyline,away,,385.0,0.25132165438273496,0.04513608737242569,lost,-1.0
2017_10_CLE_DET,2017,10,total_points,over,42.5,-102.0,0.5645744189592465,0.05962392390974158,won,0.9803921568627451
2017_10_DAL_ATL,2017,10,total_points,under,49.0,-101.0,0.5518680403515273,0.049380478162472485,won,0.9900990099009901
2017_10_GB_CHI,2017,10,moneyline,away,,201.0,0.5921031749428247,0.25987726132156225,won,2.01
2017_10_GB_CHI,2017,10,spread,away,4.5,104.0,0.7198862379933753,0.22969015956200273,won,1.04
2017_10_GB_CHI,2017,10,total_points,over,37.5,-106.0,0.6940576844706214,0.17949457767450494,won,0.9433962264150944
2017_10_HOU_LA,2017,10,moneyline,away,,534.0,0.481219240363047,0.3234905337384413,lost,-1.0
2017_10_HOU_LA,2017,10,spread,away,12.0,-101.0,0.8098467188311071,0.3073591566420524,lost,-1.0
2017_10_HOU_LA,2017,10,total_points,under,45.0,-102.0,0.6032725104086955,0.0983220153591905,won,0.9803921568627451
2017_10_LAC_JAX,2017,10,moneyline,away,,197.0,0.46905685924469365,0.13235652254435692,lost,-1.0
2017_10_LAC_JAX,2017,10,spread,away,5.0,-102.0,0.620747966950088,0.1157974719005831,won,0.9803921568627451
2017_10_LAC_JAX,2017,10,total_points,over,40.5,-100.0,0.5847649018229092,0.08476490182290919,lost,-1.0
2017_10_NE_DEN,2017,10,moneyline,home,,245.0,0.3900341598087385,0.10017908734497039,lost,-1.0
2017_10_NE_DEN,2017,10,spread,home,7.0,-123.0,0.5986921248282449,0.04712261810178742,lost,-1.0
2017_10_NE_DEN,2017,10,total_points,under,45.0,106.0,0.5724359567572039,0.08699906355332043,lost,-1.0
2017_10_NO_BUF,2017,10,moneyline,home,,116.0,0.5861168418673062,0.1231538789043432,lost,-1.0
2017_10_NO_BUF,2017,10,spread,home,2.0,-103.0,0.6406505933934546,0.13326143083187825,lost,-1.0
2017_10_NO_BUF,2017,10,total_points,over,48.5,-111.0,0.5957959326619461,0.06972958195104562,won,0.9009009009009009
2017_10_PIT_IND,2017,10,moneyline,home,,400.0,0.37607509708140363,0.17607509708140362,lost,-1.0
2017_10_PIT_IND,2017,10,spread,home,10.5,-100.0,0.6742156891699114,0.17421568916991137,won,1.0
2017_10_MIA_CAR,2017,10,moneyline,away,,318.0,0.28037364396764,0.041139194206874424,lost,-1.0
2017_10_MIA_CAR,2017,10,total_points,over,38.5,-107.0,0.6721328828464289,0.15522467028604248,won,0.9345794392523364
2017_11_TEN_PIT,2017,11,spread,home,-7.0,102.0,0.5307647777074089,0.035715272756913885,won,1.02
2017_11_ARI_HOU,2017,11,moneyline,away,,118.0,0.5362913306385617,0.07757573430828646,lost,-1.0
2017_11_ARI_HOU,2017,11,spread,away,2.5,-107.0,0.6051471151358002,0.08823890257541378,lost,-1.0
2017_11_ARI_HOU,2017,11,total_points,over,38.0,-107.0,0.6903371494492894,0.17342893688890293,won,0.9345794392523364
2017_11_BAL_GB,2017,11,moneyline,home,,121.0,0.6206038942103995,0.1681152064275941,lost,-1.0
2017_11_BAL_GB,2017,11,spread,home,2.5,-102.0,0.6820606381640746,0.17711014311456963,lost,-1.0
2017_11_BAL_GB,2017,11,total_points,over,38.5,-107.0,0.6662818255596189,0.14937361299923246,lost,-1.0
2017_11_BUF_LAC,2017,11,moneyline,away,,264.0,0.45835053611711135,0.1836252613918366,lost,-1.0
2017_11_BUF_LAC,2017,11,spread,away,7.0,-109.0,0.6698815893533326,0.1483504888748638,lost,-1.0
2017_11_CIN_DEN,2017,11,moneyline,away,,140.0,0.4860886179027187,0.06942195123605199,won,1.4
2017_11_CIN_DEN,2017,11,spread,away,2.5,116.0,0.5575718817429344,0.09460891877997141,won,1.16
2017_11_DET_CHI,2017,11,moneyline,home,,140.0,0.4564778135432168,0.03981114687655013,lost,-1.0
2017_11_DET_CHI,2017,11,total_points,over,41.0,-109.0,0.5928345823462023,0.0713034818677335,won,0.9174311926605505
2017_11_JAX_CLE,2017,11,moneyline,home,,273.0,0.37141283514841317,0.10331632040310484,lost,-1.0
2017_11_JAX_CLE,2017,11,spread,home,7.5,-113.0,0.592006765741409,0.061490333816526355,lost,-1.0
2017_11_JAX_CLE,2017,11,total_points,over,37.0,-108.0,0.7284957541185021,0.20926498488773282,lost,-1.0
2017_11_KC_NYG,2017,11,moneyline,home,,338.0,0.3967777681278185,0.1684672658447135,won,3.38
2017_11_KC_NYG,2017,11,spread,home,10.0,-119.0,0.6854380080059739,0.1420590125721839,won,0.8403361344537815
2017_11_LA_MIN,2017,11,moneyline,home,,-117.0,0.6566706667580615,0.11750015984561912,won,0.8547008547008547
2017_11_LA_MIN,2017,11,spread,home,-1.0,-107.0,0.6256633813553777,0.10875516879499125,won,0.9345794392523364
2017_11_LA_MIN,2017,11,total_points,under,46.0,-113.0,0.6600133215997213,0.12949688967483863,won,0.8849557522123894
2017_11_NE_OAK,2017,11,moneyline,home,,256.0,0.34826241966718186,0.06736354326268745,lost,-1.0
2017_11_NE_OAK,2017,11,total_points,under,55.0,-108.0,0.6974441923645288,0.17821342313375954,won,0.9259259259259259
2017_11_PHI_DAL,2017,11,moneyline,home,,208.0,0.5393938533873431,0.21471852871201846,lost,-1.0
2017_11_PHI_DAL,2017,11,spread,home,6.0,-110.0,0.7050960065373549,0.1812864827278311,lost,-1.0
2017_11_PHI_DAL,2017,11,total_points,under,48.0,-101.0,0.558933635379511,0.05644607319045625,won,0.9900990099009901
2017_11_TB_MIA,2017,11,moneyline,home,,108.0,0.532213013293884,0.05144378252465326,lost,-1.0
2017_11_TB_MIA,2017,11,spread,home,1.0,102.0,0.5648131759287258,0.06976367097823077,lost,-1.0
2017_11_WAS_NO,2017,11,moneyline,away,,314.0,0.4151110429846045,0.17356514926479774,lost,-1.0
2017_11_WAS_NO,2017,11,spread,away,9.5,-113.0,0.6734143896568754,0.14289795773199276,won,0.8849557522123894
2017_11_ATL_SEA,2017,11,moneyline,home,,-114.0,0.6150833294415345,0.08237304906770282,lost,-1.0
2017_11_ATL_SEA,2017,11,spread,home,-1.0,-106.0,0.5836017071036541,0.06903860030753761,lost,-1.0
2017_12_LAC_DAL,2017,12,moneyline,home,,106.0,0.5406007345915327,0.05516384138764918,lost,-1.0
2017_12_LAC_DAL,2017,12,spread,home,1.0,-100.0,0.5736748209616599,0.07367482096165989,lost,-1.0
2017_12_LAC_DAL,2017,12,total_points,under,46.5,-106.0,0.601495871318111,0.0869327645219945,won,0.9433962264150944
2017_12_MIN_DET,2017,12,spread,home,2.5,100.0,0.5410550421221845,0.04105504212218447,lost,-1.0
2017_12_MIN_DET,2017,12,total_points,under,46.0,-103.0,0.5928823486615171,0.08549318609994072,lost,-1.0
2017_12_NYG_WAS,2017,12,moneyline,away,,273.0,0.4047537694884959,0.13665725474318757,lost,-1.0
2017_12_NYG_WAS,2017,12,spread,away,7.0,-102.0,0.6122281425992758,0.10727764754977087,lost,-1.0
2017_12_NYG_WAS,2017,12,total_points,over,44.0,-108.0,0.5834903335987135,0.06425956436794422,lost,-1.0
2017_12_BUF_KC,2017,12,moneyline,away,,305.0,0.32670284531731913,0.07978926507040557,won,3.05
2017_12_BUF_KC,2017,12,spread,away,8.5,-115.0,0.572672066697779,0.03778834576754653,won,0.8695652173913043
2017_12_CAR_NYJ,2017,12,moneyline,home,,216.0,0.4223595006107258,0.10590380440819414,lost,-1.0
2017_12_CAR_NYJ,2017,12,spread,home,5.5,-100.0,0.5785152849297681,0.07851528492976811,lost,-1.0
2017_12_CAR_NYJ,2017,12,total_points,over,39.5,-109.0,0.6504251796901019,0.1288940792116331,won,0.9174311926605505
2017_12_CHI_PHI,2017,12,moneyline,away,,604.0,0.2796878147714113,0.13764236022595674,lost,-1.0
2017_12_CHI_PHI,2017,12,spread,away,14.0,-123.0,0.6824468907242981,0.13087738399784066,lost,-1.0
2017_12_CLE_CIN,2017,12,spread,home,-7.5,102.0,0.6217434286712243,0.1266939237207293,won,1.02
2017_12_CLE_CIN,2017,12,total_points,over,39.0,100.0,0.5458996401184463,0.04589964011844627,won,1.0
2017_12_DEN_OAK,2017,12,moneyline,away,,186.0,0.4759312691887495,0.12628091953839987,lost,-1.0
2017_12_DEN_OAK,2017,12,spread,away,3.5,101.0,0.5811474451834561,0.08363500737251078,lost,-1.0
2017_12_DEN_OAK,2017,12,total_points,over,41.0,-104.0,0.5791086291890208,0.06930470762039342,lost,-1.0
2017_12_GB_PIT,2017,12,moneyline,away,,704.0,0.3557575538517169,0.23137944439898062,lost,-1.0
2017_12_GB_PIT,2017,12,spread,away,14.0,-104.0,0.7562853689678567,0.24648144739922928,won,0.9615384615384616
2017_12_GB_PIT,2017,12,total_points,over,43.0,-109.0,0.5619642052456412,0.04043310476717232,won,0.9174311926605505
2017_12_JAX_ARI,2017,12,moneyline,home,,231.0,0.6559639166738321,0.3538491130484545,won,2.31
2017_12_JAX_ARI,2017,12,spread,home,6.5,-110.0,0.8052021940745957,0.28139267026507186,won,0.9090909090909091
2017_12_JAX_ARI,2017,12,total_points,over,37.5,-119.0,0.7600923216601028,0.21671332622631279,won,0.8403361344537815
2017_12_MIA_NE,2017,12,moneyline,away,,894.0,0.17317877453415526,0.07257515280377295,lost,-1.0
2017_12_MIA_NE,2017,12,spread,away,17.0,-125.0,0.6313211482234884,0.07576559266793281,lost,-1.0
2017_12_MIA_NE,2017,12,total_points,under,49.0,-108.0,0.6140028868214064,0.09477211759063708,lost,-1.0
2017_12_NO_LA,2017,12,moneyline,away,,131.0,0.5035295333300145,0.07062910042958159,lost,-1.0
2017_12_NO_LA,2017,12,spread,away,2.5,107.0,0.5719437908232172,0.08885200338360372,lost,-1.0
2017_12_NO_LA,2017,12,total_points,under,54.0,-103.0,0.6094597773778259,0.10207061481624946,won,0.970873786407767
2017_12_SEA_SF,2017,12,spread,away,-7.0,106.0,0.5701294116188428,0.08469251841495928,won,1.06
2017_12_SEA_SF,2017,12,total_points,under,45.0,-107.0,0.5932560438765716,0.07634783131618517,won,0.9345794392523364
2017_12_TB_ATL,2017,12,moneyline,away,,400.0,0.31742003426059423,0.11742003426059422,lost,-1.0
2017_12_TB_ATL,2017,12,spread,away,10.5,-117.0,0.6154763628222063,0.07630585590976391,lost,-1.0
2017_12_TB_ATL,2017,12,total_points,over,47.0,104.0,0.5320594812929033,0.04186340286153073,won,1.04
2017_12_TEN_IND,2017,12,moneyline,home,,157.0,0.5559922982622623,0.1668872398965035,lost,-1.0
2017_12_TEN_IND,2017,12,spread,home,3.0,111.0,0.6405561745483249,0.16662252525922538,lost,-1.0
2017_12_HOU_BAL,2017,12,moneyline,away,,311.0,0.43446130607782807,0.19115230364473804,lost,-1.0
2017_12_HOU_BAL,2017,12,spread,away,7.5,-103.0,0.6633397253168346,0.1559505627552582,won,0.970873786407767
2017_13_WAS_DAL,2017,13,moneyline,home,,108.0,0.5548674869392075,0.07409825616997673,won,1.08
2017_13_WAS_DAL,2017,13,spread,home,1.5,-103.0,0.5979589188248744,0.090569756263298,won,0.970873786407767
2017_13_CAR_NO,2017,13,moneyline,away,,221.0,0.514637749509063,0.20311126975828425,lost,-1.0
2017_13_CAR_NO,2017,13,spread,away,5.5,-102.0,0.6646413750863159,0.15969088003681098,lost,-1.0
2017_13_CAR_NO,2017,13,total_points,over,48.0,-111.0,0.6462469633051593,0.12018061259425883,won,0.9009009009009009
2017_13_CLE_LAC,2017,13,moneyline,away,,607.0,0.1902941054342307,0.04885138973408926,lost,-1.0
2017_13_CLE_LAC,2017,13,total_points,under,45.0,111.0,0.5913578431165426,0.11742419382744307,won,1.11
2017_13_HOU_TEN,2017,13,moneyline,away,,252.0,0.5002454552226324,0.2161545461317233,lost,-1.0
2017_13_HOU_TEN,2017,13,spread,away,7.0,-108.0,0.7072986901954494,0.18806792096468017,lost,-1.0
2017_13_IND_JAX,2017,13,moneyline,away,,377.0,0.3889923249361771,0.17934871906615613,lost,-1.0
2017_13_IND_JAX,2017,13,spread,away,10.0,-114.0,0.6776012956301428,0.1448910152563111,lost,-1.0
2017_13_IND_JAX,2017,13,total_points,over,41.0,-106.0,0.6729970860435962,0.1584339792474797,lost,-1.0
2017_13_LA_ARI,2017,13,moneyline,home,,273.0,0.6645519984241621,0.3964554836788538,lost,-1.0
2017_13_LA_ARI,2017,13,spread,home,7.5,-117.0,0.8373996946218752,0.29822918770943285,lost,-1.0
2017_13_LA_ARI,2017,13,total_points,over,43.0,-111.0,0.5722905353334155,0.046224184622514985,won,0.9009009009009009
2017_13_MIN_ATL,2017,13,total_points,under,48.5,-102.0,0.6068000195417022,0.1018495244921972,won,0.9803921568627451
2017_13_NE_BUF,2017,13,moneyline,home,,285.0,0.3481048807957322,0.08836462105547249,lost,-1.0
2017_13_NYG_OAK,2017,13,moneyline,away,,385.0,0.4178410666518701,0.21165549964156083,lost,-1.0
2017_13_NYG_OAK,2017,13,spread,away,10.0,-107.0,0.7065605543950301,0.18965234183464363,won,0.9345794392523364
2017_13_NYG_OAK,2017,13,total_points,over,43.0,-110.0,0.5845544814534999,0.06074495764397603,lost,-1.0
2017_13_PHI_SEA,2017,13,moneyline,home,,171.0,0.6177329525187618,0.24872926248186145,won,1.71
2017_13_PHI_SEA,2017,13,spread,home,3.5,-100.0,0.710148211475198,0.21014821147519802,won,1.0
2017_13_PHI_SEA,2017,13,total_points,under,46.5,-104.0,0.5526401021434902,0.042836180574862825,won,0.9615384615384616
2017_13_SF_CHI,2017,13,moneyline,home,,-138.0,0.6391811213895743,0.05934918861646499,lost,-1.0
2017_13_SF_CHI,2017,13,spread,home,-2.5,-114.0,0.5709542655718651,0.0382439851980334,lost,-1.0
2017_13_TB_GB,2017,13,total_points,over,45.0,104.0,0.5344786236913115,0.044282545259938966,won,1.04
2017_13_PIT_CIN,2017,13,moneyline,home,,191.0,0.5078799273851419,0.16423731570129307,lost,-1.0
2017_13_PIT_CIN,2017,13,spread,home,4.5,-108.0,0.6435836464047895,0.12435287717402022,won,0.9259259259259259
2017_14_NO_ATL,2017,14,total_points,over,51.5,-102.0,0.577056923940214,0.07210642889070906,lost,-1.0
2017_14_CHI_CIN,2017,14,spread,home,-6.0,-109.0,0.5843855182996864,0.06285441782121759,lost,-1.0
2017_14_CHI_CIN,2017,14,total_points,under,40.5,104.0,0.5286480841846237,0.038452005753251195,won,1.04
2017_14_DAL_NYG,2017,14,moneyline,home,,175.0,0.507647489814033,0.1440111261776693,lost,-1.0
2017_14_DAL_NYG,2017,14,spread,home,4.0,-109.0,0.6291923275693734,0.10766122709090453,lost,-1.0
2017_14_DET_TB,2017,14,moneyline,home,,111.0,0.5213538628842559,0.04742021359515636,lost,-1.0
2017_14_GB_CLE,2017,14,moneyline,away,,-133.0,0.6913180577551862,0.12050260711140937,won,0.7518796992481203
2017_14_GB_CLE,2017,14,spread,away,-2.5,-106.0,0.630407562548663,0.11584445575254654,won,0.9433962264150944
2017_14_GB_CLE,2017,14,total_points,over,38.5,-100.0,0.6739343586743013,0.1739343586743013,won,1.0
2017_14_IND_BUF,2017,14,spread,home,-3.5,104.0,0.5389709425807643,0.04877486414939175,won,1.04
2017_14_IND_BUF,2017,14,total_points,over,36.5,102.0,0.7834369886977561,0.2883874837472611,lost,-1.0
2017_14_MIN_CAR,2017,14,moneyline,home,,116.0,0.576828801829066,0.11386583886610308,won,1.16
2017_14_MIN_CAR,2017,14,spread,home,2.5,-108.0,0.6408384541348784,0.12160768490410911,won,0.9259259259259259
2017_14_MIN_CAR,2017,14,total_points,over,40.5,-108.0,0.5768974608918862,0.05766669166111693,won,0.9259259259259259
2017_14_NYJ_DEN,2017,14,moneyline,home,,-106.0,0.598962538640137,0.08439943184402054,won,0.9433962264150944
2017_14_NYJ_DEN,2017,14,spread,home,1.0,-111.0,0.6330281540709547,0.10696180336005423,won,0.9009009009009009
2017_14_OAK_KC,2017,14,spread,home,-4.5,102.0,0.5523147915863638,0.05726528663586872,won,1.02
2017_14_OAK_KC,2017,14,total_points,under,48.5,-105.0,0.5718160020190378,0.059620880067818294,won,0.9523809523809523
2017_14_PHI_LA,2017,14,total_points,under,47.5,-106.0,0.5763703063351504,0.06180719953903391,lost,-1.0
2017_14_SEA_JAX,2017,14,moneyline,away,,129.0,0.5863320366290052,0.14965081392158164,lost,-1.0
2017_14_SEA_JAX,2017,14,spread,away,3.0,-125.0,0.6753110899822181,0.11975553442666254,lost,-1.0
2017_14_SEA_JAX,2017,14,total_points,over,41.0,-110.0,0.5633974479864272,0.03958792417690338,won,0.9090909090909091
2017_14_SF_HOU,2017,14,moneyline,home,,-123.0,0.738870497413467,0.18730099068700956,lost,-1.0
2017_14_SF_HOU,2017,14,spread,home,-1.0,-115.0,0.713360179383564,0.1784764584533315,lost,-1.0
2017_14_SF_HOU,2017,14,total_points,under,45.5,-101.0,0.6173207978064166,0.1148332356173618,won,0.9900990099009901
2017_14_TEN_ARI,2017,14,moneyline,home,,129.0,0.6889532163338207,0.2522719936263971,won,1.29
2017_14_TEN_ARI,2017,14,spread,home,2.5,104.0,0.7446835024923045,0.254487424060932,won,1.04
2017_14_TEN_ARI,2017,14,total_points,over,42.0,-107.0,0.6607186917374623,0.1438104791770759,lost,-1.0
2017_14_WAS_LAC,2017,14,moneyline,away,,235.0,0.37154209628530854,0.0730346335987414,lost,-1.0
2017_14_WAS_LAC,2017,14,spread,away,6.0,-102.0,0.5451972519296934,0.04024675688018842,lost,-1.0
2017_14_NE_MIA,2017,14,moneyline,home,,412.0,0.26269690268905077,0.06738440268905077,won,4.12
2017_14_NE_MIA,2017,14,total_points,under,48.0,-105.0,0.5900113205328985,0.07781619858167899,won,0.9523809523809523
2017_15_DEN_IND,2017,15,moneyline,home,,131.0,0.46904263569676247,0.03614220279632957,lost,-1.0
2017_15_DEN_IND,2017,15,total_points,over,40.5,-102.0,0.5578213229180968,0.052870827868591874,lost,-1.0
2017_15_LAC_KC,2017,15,moneyline,home,,-113.0,0.6042555637813299,0.07373913185644732,won,0.8849557522123894
2017_15_LAC_KC,2017,15,spread,home,-1.0,-106.0,0.5713110902151971,0.056747983419080605,won,0.9433962264150944
2017_15_LAC_KC,2017,15,total_points,under,47.0,-113.0,0.6397993047856235,0.1092828728607409,won,0.8849557522123894
2017_15_ARI_WAS,2017,15,moneyline,away,,181.0,0.5239387841265342,0.1680668980055377,lost,-1.0
2017_15_ARI_WAS,2017,15,spread,away,4.0,-100.0,0.6445476118800487,0.14454761188004872,lost,-1.0
2017_15_ARI_WAS,2017,15,total_points,over,40.0,-108.0,0.7466842436459552,0.22745347441518593,lost,-1.0
2017_15_CIN_MIN,2017,15,moneyline,away,,534.0,0.40883037510483244,0.25110166848022675,lost,-1.0
2017_15_CIN_MIN,2017,15,spread,away,12.5,-100.0,0.7658379612983135,0.2658379612983135,lost,-1.0
2017_15_CIN_MIN,2017,15,total_points,under,42.5,-115.0,0.6146704749378838,0.07978675400765134,won,0.8695652173913043
2017_15_DAL_OAK,2017,15,moneyline,home,,129.0,0.5213490501599879,0.08466782745256429,lost,-1.0
2017_15_DAL_OAK,2017,15,spread,home,3.0,-115.0,0.6071617251653264,0.0722780042350939,push,0.0
2017_15_GB_CAR,2017,15,spread,home,-3.0,-100.0,0.5356624829156981,0.03566248291569807,won,1.0
2017_15_HOU_JAX,2017,15,moneyline,away,,385.0,0.42764777783188174,0.22146221082157247,lost,-1.0
2017_15_HOU_JAX,2017,15,spread,away,10.5,-113.0,0.7280303021342441,0.1975138702093615,lost,-1.0
2017_15_HOU_JAX,2017,15,total_points,over,39.0,-102.0,0.6344369454775317,0.12948645042802676,won,0.9803921568627451
2017_15_LA_SEA,2017,15,moneyline,home,,-105.0,0.7108832668285738,0.1986881448773543,lost,-1.0
2017_15_LA_SEA,2017,15,spread,home,1.0,-110.0,0.7426987276197236,0.21888920381019972,lost,-1.0
2017_15_LA_SEA,2017,15,total_points,under,47.5,-110.0,0.655247148776859,0.13143762496733513,lost,-1.0
2017_15_MIA_BUF,2017,15,total_points,over,39.5,104.0,0.6480215914227343,0.15782551299136177,won,1.04
2017_15_NE_PIT,2017,15,total_points,under,53.0,-115.0,0.6999604751326994,0.16507675420246692,won,0.8695652173913043
2017_15_NYJ_NO,2017,15,moneyline,away,,789.0,0.3665809901665394,0.2540950509089466,lost,-1.0
2017_15_NYJ_NO,2017,15,spread,away,16.5,-113.0,0.79814907605878,0.2676326441338974,won,0.8849557522123894
2017_15_NYJ_NO,2017,15,total_points,over,47.0,-107.0,0.5988136726850246,0.08190546012463817,won,0.9345794392523364
2017_15_PHI_NYG,2017,15,moneyline,home,,264.0,0.44178471913174683,0.16705944440647208,lost,-1.0
2017_15_PHI_NYG,2017,15,spread,home,7.5,-119.0,0.6590787415405986,0.11569974610680867,won,0.8403361344537815
2017_15_PHI_NYG,2017,15,total_points,over,40.5,-103.0,0.6543723869842802,0.14698322442270384,won,0.970873786407767
2017_15_TEN_SF,2017,15,moneyline,away,,111.0,0.5631752407177609,0.0892415914286614,lost,-1.0
2017_15_TEN_SF,2017,15,spread,away,2.5,-113.0,0.6312294947814495,0.10071306285656689,won,0.8849557522123894
2017_15_ATL_TB,2017,15,moneyline,home,,281.0,0.42185163836331296,0.1593844467622631,lost,-1.0
2017_15_ATL_TB,2017,15,spread,home,7.0,-105.0,0.6249286934210998,0.11273357146988028,won,0.9523809523809523
2017_15_ATL_TB,2017,15,total_points,under,49.5,-101.0,0.5479656937348618,0.04547813154580704,won,0.9900990099009901
2017_16_IND_BAL,2017,16,moneyline,away,,638.0,0.3296323172248701,0.19413096221131995,lost,-1.0
2017_16_IND_BAL,2017,16,spread,away,13.5,-108.0,0.7106763809247082,0.19144561169393892,won,0.9259259259259259
2017_16_IND_BAL,2017,16,total_points,over,41.0,-110.0,0.6003444833157857,0.07653495950626188,lost,-1.0
2017_16_MIN_GB,2017,16,moneyline,home,,346.0,0.5078063586591597,0.2835911120223884,lost,-1.0
2017_16_MIN_GB,2017,16,spread,home,8.5,-110.0,0.7423595874904159,0.21855006368089203,lost,-1.0
2017_16_MIN_GB,2017,16,total_points,over,41.0,-104.0,0.5563759056375565,0.04657198406892904,lost,-1.0
2017_16_ATL_NO,2017,16,moneyline,away,,216.0,0.48318098927096814,0.16672529306843648,lost,-1.0
2017_16_ATL_NO,2017,16,spread,away,5.5,-102.0,0.6351026171461218,0.13015212209661686,lost,-1.0
2017_16_ATL_NO,2017,16,total_points,over,52.0,-107.0,0.5526175626925647,0.03570935013217824,lost,-1.0
2017_16_BUF_NE,2017,16,moneyline,away,,431.0,0.2401463151630549,0.05182239802557845,lost,-1.0
2017_16_BUF_NE,2017,16,spread,away,11.0,-103.0,0.5476023343839521,0.040213171822375715,lost,-1.0
2017_16_CLE_CHI,2017,16,total_points,over,37.0,-110.0,0.6300836413385468,0.10627411752902294,lost,-1.0
2017_16_DEN_WAS,2017,16,moneyline,away,,144.0,0.46102394333423735,0.05118787776046685,lost,-1.0
2017_16_DEN_WAS,2017,16,spread,away,3.0,100.0,0.5507411646040634,0.050741164604063416,lost,-1.0
2017_16_DEN_WAS,2017,16,total_points,over,39.5,-114.0,0.6224025410557148,0.08969226068188307,lost,-1.0
2017_16_DET_CIN,2017,16,moneyline,home,,139.0,0.6165809649773787,0.19817092313637452,won,1.39
2017_16_DET_CIN,2017,16,spread,home,3.0,-106.0,0.7005735674788074,0.1860104606826909,won,0.9433962264150944
2017_16_LAC_NYJ,2017,16,moneyline,home,,264.0,0.4538861158583497,0.17916084113307496,lost,-1.0
2017_16_LAC_NYJ,2017,16,spread,home,7.5,-117.0,0.6762704032364757,0.1370998963240333,won,0.8547008547008547
2017_16_LA_TEN,2017,16,moneyline,home,,205.0,0.498460554410325,0.17059170195130863,lost,-1.0
2017_16_LA_TEN,2017,16,spread,home,5.5,-105.0,0.651690613313322,0.13949549136210249,won,0.9523809523809523
2017_16_MIA_KC,2017,16,moneyline,away,,431.0,0.246375633372671,0.058051716235194534,lost,-1.0
2017_16_MIA_KC,2017,16,spread,away,11.0,-110.0,0.5604863465005303,0.03667682269100647,lost,-1.0
2017_16_NYG_ARI,2017,16,spread,home,-3.0,-116.0,0.6023429429475362,0.06530590591049912,won,0.8620689655172413
2017_16_NYG_ARI,2017,16,total_points,over,39.0,-104.0,0.6941675970059988,0.18436367543737142,lost,-1.0
2017_16_SEA_DAL,2017,16,moneyline,away,,191.0,0.5279691179283993,0.1843265062445505,won,1.91
2017_16_SEA_DAL,2017,16,spread,away,4.5,-105.0,0.6648905499605204,0.15269542800930092,won,0.9523809523809523
2017_16_SEA_DAL,2017,16,total_points,under,47.0,-117.0,0.645845990252984,0.10667548334054155,won,0.8547008547008547
2017_16_TB_CAR,2017,16,moneyline,away,,385.0,0.287217363358941,0.08103179634863172,lost,-1.0
2017_16_TB_CAR,2017,16,spread,away,10.0,-108.0,0.5688390626194366,0.049608293388667346,won,0.9259259259259259
2017_16_OAK_PHI,2017,16,moneyline,away,,361.0,0.35143157813902565,0.13451183844271328,lost,-1.0
2017_16_OAK_PHI,2017,16,spread,away,10.0,-107.0,0.6378144487760964,0.12090623621570995,won,0.9345794392523364
2017_16_OAK_PHI,2017,16,total_points,over,46.0,-107.0,0.5765736666843105,0.0596654541239241,lost,-1.0
2017_16_PIT_HOU,2017,16,moneyline,home,,346.0,0.4101925000628854,0.18597725342611407,lost,-1.0
2017_16_PIT_HOU,2017,16,spread,home,8.0,-107.0,0.6485493532425882,0.13164114068220178,lost,-1.0
2017_16_PIT_HOU,2017,16,total_points,under,45.5,-104.0,0.5705079175539632,0.060703995985335824,won,0.9615384615384616
2017_17_ARI_SEA,2017,17,moneyline,away,,325.0,0.3980767330407905,0.16278261539373168,won,3.25
2017_17_ARI_SEA,2017,17,spread,away,8.0,-111.0,0.6391319406067664,0.1130655898958659,won,0.9009009009009009
2017_17_ARI_SEA,2017,17,total_points,over,38.0,100.0,0.6707210030087882,0.17072100300878823,won,1.0
2017_17_BUF_MIA,2017,17,total_points,over,41.5,-113.0,0.5813216396995996,0.050805207774716976,lost,-1.0
2017_17_CAR_ATL,2017,17,moneyline,away,,211.0,0.4601038531631143,0.13856044480298568,lost,-1.0
2017_17_CAR_ATL,2017,17,spread,away,5.0,-100.0,0.6076626950585422,0.1076626950585422,lost,-1.0
2017_17_CAR_ATL,2017,17,total_points,over,44.5,-110.0,0.6220861396985063,0.09827661588898251,lost,-1.0
2017_17_CHI_MIN,2017,17,moneyline,away,,581.0,0.24498267546355038,0.09813979734313921,lost,-1.0
2017_17_CHI_MIN,2017,17,spread,away,13.5,-123.0,0.6373796125400265,0.08581010581356907,won,0.8130081300813008
2017_17_CIN_BAL,2017,17,moneyline,away,,322.0,0.45266585676762006,0.2156990321230703,won,3.22
2017_17_CIN_BAL,2017,17,spread,away,8.0,-113.0,0.6963394288596967,0.16582299693481406,won,0.8849557522123894
2017_17_CLE_PIT,2017,17,spread,home,-5.0,102.0,0.768753313434953,0.27370380848445797,lost,-1.0
2017_17_CLE_PIT,2017,17,total_points,over,38.5,-123.0,0.6434562324518676,0.09188672572541012,won,0.8130081300813008
2017_17_DAL_PHI,2017,17,moneyline,home,,176.0,0.6180793479736464,0.25576050739393624,lost,-1.0
2017_17_DAL_PHI,2017,17,spread,home,3.5,102.0,0.7098088408663779,0.2147593359158828,lost,-1.0
2017_17_DAL_PHI,2017,17,total_points,over,41.0,-109.0,0.6411956610543276,0.11966456057585872,lost,-1.0
2017_17_GB_DET,2017,17,moneyline,away,,277.0,0.4779405474096512,0.21268855801973074,lost,-1.0
2017_17_GB_DET,2017,17,spread,away,7.5,-114.0,0.6938689154989084,0.16115863512507667,lost,-1.0
2017_17_GB_DET,2017,17,total_points,over,45.0,-105.0,0.5532608086483835,0.04106568669716393,won,0.9523809523809523
2017_17_HOU_IND,2017,17,moneyline,away,,201.0,0.4779720800612603,0.14574616643999783,lost,-1.0
2017_17_HOU_IND,2017,17,spread,away,5.5,-108.0,0.6366298022454447,0.11739903301467547,lost,-1.0
2017_17_JAX_TEN,2017,17,moneyline,away,,125.0,0.5030925212097759,0.05864807676533146,lost,-1.0
2017_17_JAX_TEN,2017,17,spread,away,2.5,102.0,0.5723159280496607,0.07726642309916565,lost,-1.0
2017_17_JAX_TEN,2017,17,total_points,over,40.0,-106.0,0.6918208491065014,0.17725774231038494,lost,-1.0
2017_17_KC_DEN,2017,17,moneyline,away,,154.0,0.5579455283912979,0.16424474098972303,won,1.54
2017_17_KC_DEN,2017,17,spread,away,3.0,102.0,0.6492011866725218,0.15415168172202676,won,1.02
2017_17_KC_DEN,2017,17,total_points,over,37.5,-105.0,0.5968785858370751,0.08468346388585557,won,0.9523809523809523
2017_17_NO_TB,2017,17,moneyline,home,,222.0,0.4646504509470948,0.15409144473591468,won,2.22
2017_17_NO_TB,2017,17,spread,home,6.0,-108.0,0.6316166111603793,0.11238584192960999,won,0.9259259259259259
2017_17_NO_TB,2017,17,total_points,over,49.0,111.0,0.5750930612453099,0.10115941195621037,won,1.11
2017_17_NYJ_NE,2017,17,moneyline,away,,851.0,0.18922040071279106,0.08406792962972061,lost,-1.0
2017_17_NYJ_NE,2017,17,spread,away,17.0,-120.0,0.6561106976862249,0.11065615223167946,lost,-1.0
2017_17_NYJ_NE,2017,17,total_points,over,43.5,106.0,0.5351722845863106,0.04973539138242711,lost,-1.0
2017_17_OAK_LAC,2017,17,moneyline,away,,269.0,0.34987825127881594,0.0788755412517157,lost,-1.0
2017_17_SF_LA,2017,17,moneyline,home,,241.0,0.7347947426321938,0.4415396106673844,lost,-1.0
2017_17_SF_LA,2017,17,spread,home,6.5,102.0,0.8632702430296693,0.3682207380791742,lost,-1.0
2017_17_WAS_NYG,2017,17,moneyline,home,,201.0,0.5051817600880801,0.17295584646681766,won,2.01
2017_17_WAS_NYG,2017,17,spread,home,5.0,102.0,0.6499317148671276,0.1548822099166326,won,1.02
2017_17_WAS_NYG,2017,17,total_points,over,41.0,-102.0,0.6423406934543862,0.1373901984048812,lost,-1.0
2018_01_ATL_PHI,2018,1,moneyline,home,,-106.0,0.5545754857067874,0.04001237891067089,won,0.9433962264150944
2018_01_ATL_PHI,2018,1,total_points,over,44.5,-109.0,0.6020096712660039,0.08047857078753506,lost,-1.0
2018_01_BUF_BAL,2018,1,moneyline,away,,309.0,0.409848436724298,0.16534965921818554,lost,-1.0
2018_01_BUF_BAL,2018,1,spread,away,7.5,-106.0,0.6301815490066491,0.11561844221053263,lost,-1.0
2018_01_BUF_BAL,2018,1,total_points,over,39.0,-120.0,0.6441047663764353,0.09865022092188991,won,0.8333333333333334
2018_01_CHI_GB,2018,1,total_points,under,45.0,102.0,0.5624853236542001,0.06743581870370507,lost,-1.0
2018_01_CIN_IND,2018,1,moneyline,away,,-105.0,0.5627164388380101,0.050521316886790624,won,0.9523809523809523
2018_01_CIN_IND,2018,1,spread,away,-1.0,102.0,0.5328384625296521,0.03778895757915701,won,1.02
2018_01_CIN_IND,2018,1,total_points,under,47.5,100.0,0.6386452202653595,0.13864522026535953,lost,-1.0
2018_01_HOU_NE,2018,1,spread,home,-6.0,-105.0,0.6727662180682217,0.16057109611700215,won,0.9523809523809523
2018_01_HOU_NE,2018,1,total_points,under,49.5,108.0,0.6584363589944745,0.17766712822524372,won,1.08
2018_01_JAX_NYG,2018,1,moneyline,home,,127.0,0.5063848036984393,0.06585616933720584,lost,-1.0
2018_01_JAX_NYG,2018,1,spread,home,2.5,106.0,0.5707282734776036,0.08529138027372007,lost,-1.0
2018_01_KC_LAC,2018,1,moneyline,away,,166.0,0.4824036819766398,0.10646383235257967,won,1.66
2018_01_KC_LAC,2018,1,spread,away,3.5,-104.0,0.5866312542736445,0.07682733270501707,won,0.9615384615384616
2018_01_KC_LAC,2018,1,total_points,under,48.0,-105.0,0.6849737871806519,0.17277866522943242,lost,-1.0
2018_01_PIT_CLE,2018,1,spread,away,-3.5,105.0,0.6814353255424052,0.19363044749362468,lost,-1.0
2018_01_PIT_CLE,2018,1,total_points,over,41.0,-108.0,0.5741905084581417,0.054959739227372406,won,0.9259259259259259
2018_01_SEA_DEN,2018,1,moneyline,away,,157.0,0.5422112238159255,0.1531061654501667,lost,-1.0
2018_01_SEA_DEN,2018,1,spread,away,3.0,109.0,0.6324443241738055,0.15397542465227437,push,0.0
2018_01_SEA_DEN,2018,1,total_points,under,42.5,-104.0,0.5779739947154837,0.0681700731468563,lost,-1.0
2018_01_SF_MIN,2018,1,spread,home,-6.0,-108.0,0.6603572081174195,0.14112643888665022,won,0.9259259259259259
2018_01_SF_MIN,2018,1,total_points,under,46.5,-106.0,0.661610194774926,0.1470470879788095,won,0.9433962264150944
2018_01_TB_NO,2018,1,moneyline,away,,385.0,0.3527127203344445,0.14652715332413524,won,3.85
2018_01_TB_NO,2018,1,spread,away,10.0,-108.0,0.6276142908471454,0.1083835216163761,won,0.9259259259259259
2018_01_TEN_MIA,2018,1,moneyline,home,,104.0,0.5365290395232237,0.0463329610918512,won,1.04
2018_01_TEN_MIA,2018,1,spread,home,1.0,-103.0,0.5685092933390744,0.061120130777498005,won,0.970873786407767
2018_01_WAS_ARI,2018,1,moneyline,home,,-129.0,0.643596337932353,0.08027756063977665,lost,-1.0
2018_01_WAS_ARI,2018,1,spread,home,-2.0,-106.0,0.5909376023811637,0.07637449558504716,lost,-1.0
2018_01_WAS_ARI,2018,1,total_points,over,43.5,102.0,0.6186554162493039,0.12360591129880882,lost,-1.0
2018_01_LA_OAK,2018,1,moneyline,home,,212.0,0.5414166305023445,0.2209038099895239,lost,-1.0
2018_01_LA_OAK,2018,1,spread,home,6.0,-106.0,0.7037027496972962,0.18913964290117968,lost,-1.0
2018_01_LA_OAK,2018,1,total_points,under,47.5,-102.0,0.5588902989280082,0.05393980387850328,won,0.9803921568627451
2018_01_NYJ_DET,2018,1,moneyline,away,,297.0,0.38113706348565424,0.12924789471991116,won,2.97
2018_01_NYJ_DET,2018,1,spread,away,7.0,103.0,0.585554200894495,0.09294336345607129,won,1.03
2018_02_BAL_CIN,2018,2,moneyline,home,,-115.0,0.572000529263746,0.037116808333513496,won,0.8695652173913043
2018_02_BAL_CIN,2018,2,total_points,under,43.0,-107.0,0.5543987498205016,0.0374905372601152,lost,-1.0
2018_02_ARI_LA,2018,2,moneyline,away,,621.0,0.5018241306742087,0.36312787547309916,lost,-1.0
2018_02_ARI_LA,2018,2,spread,away,13.5,-110.0,0.8338060804588093,0.3099965566492855,lost,-1.0
2018_02_ARI_LA,2018,2,total_points,over,43.5,-101.0,0.5540427443310738,0.05155518214201904,lost,-1.0
2018_02_CAR_ATL,2018,2,moneyline,away,,214.0,0.45643600009523877,0.13796466251562095,lost,-1.0
2018_02_CAR_ATL,2018,2,spread,away,5.5,-102.0,0.6095739326436097,0.10462343759410475,lost,-1.0
2018_02_CAR_ATL,2018,2,total_points,over,44.0,-108.0,0.6104479554126356,0.09121718618186636,won,0.9259259259259259
2018_02_DET_SF,2018,2,moneyline,away,,210.0,0.5790982089889323,0.25651756382764196,lost,-1.0
2018_02_DET_SF,2018,2,spread,away,6.0,-111.0,0.7394757056533078,0.21340935494240731,won,0.9009009009009009
2018_02_DET_SF,2018,2,total_points,under,48.5,-105.0,0.5808488342642784,0.06865371231305883,lost,-1.0
2018_02_HOU_TEN,2018,2,moneyline,home,,159.0,0.554089967026844,0.16798958092645788,won,1.59
2018_02_HOU_TEN,2018,2,spread,home,3.5,-114.0,0.6507145666069162,0.11800428623308445,won,0.8771929824561403
2018_02_HOU_TEN,2018,2,total_points,over,41.0,-100.0,0.5550412745776075,0.055041274577607546,lost,-1.0
2018_02_KC_PIT,2018,2,moneyline,away,,179.0,0.44061819092452076,0.0821952518564204,won,1.79
2018_02_KC_PIT,2018,2,spread,away,4.5,-108.0,0.5757613596380486,0.05653059040727937,won,0.9259259259259259
2018_02_KC_PIT,2018,2,total_points,under,52.0,-114.0,0.6940468420279796,0.1613365616541479,lost,-1.0
2018_02_LAC_BUF,2018,2,moneyline,home,,261.0,0.4751038314415908,0.1980955211922833,lost,-1.0
2018_02_LAC_BUF,2018,2,spread,home,7.5,-115.0,0.6885882604516087,0.1537045395213762,lost,-1.0
2018_02_MIN_GB,2018,2,total_points,under,45.0,-110.0,0.5893855977335339,0.0655760739240101,lost,-1.0
2018_02_NE_JAX,2018,2,moneyline,away,,-133.0,0.6534671734813498,0.08265172283757294,lost,-1.0
2018_02_NE_JAX,2018,2,spread,away,-2.0,-110.0,0.6047006638274554,0.08089114001793152,lost,-1.0
2018_02_NE_JAX,2018,2,total_points,over,44.5,-106.0,0.5531684688179542,0.03860536202183773,won,0.9433962264150944
2018_02_NYG_DAL,2018,2,moneyline,home,,-152.0,0.6386891771974345,0.03551457402283131,won,0.6578947368421053
2018_02_NYG_DAL,2018,2,spread,home,-3.0,-102.0,0.5562115898800737,0.05126109483056873,won,0.9803921568627451
2018_02_OAK_DEN,2018,2,moneyline,away,,207.0,0.39052089627530334,0.06478799725250206,lost,-1.0
2018_02_OAK_DEN,2018,2,spread,away,5.5,-104.0,0.5473430940222562,0.03753917245362881,won,0.9615384615384616
2018_02_OAK_DEN,2018,2,total_points,under,44.5,-105.0,0.556426052171899,0.044230930220679476,won,0.9523809523809523
2018_02_SEA_CHI,2018,2,moneyline,away,,206.0,0.6459066782036768,0.3191092925827617,lost,-1.0
2018_02_SEA_CHI,2018,2,spread,away,5.0,-102.0,0.7776633793778951,0.27271288432839014,lost,-1.0
2018_02_SEA_CHI,2018,2,total_points,under,42.5,-105.0,0.5550100863086274,0.042814964357407836,won,0.9523809523809523
2018_03_NYJ_CLE,2018,3,moneyline,away,,153.0,0.6078735821439798,0.21261666514793237,lost,-1.0
2018_03_NYJ_CLE,2018,3,spread,away,3.0,103.0,0.6944713737487427,0.20186053631031903,lost,-1.0
2018_03_BUF_MIN,2018,3,moneyline,away,,803.0,0.31383969133335216,0.20309772012626467,won,8.03
2018_03_BUF_MIN,2018,3,spread,away,16.5,-108.0,0.7635570752424702,0.2443263060117009,won,0.9259259259259259
2018_03_CHI_ARI,2018,3,moneyline,home,,224.0,0.705583118405985,0.396941143097343,lost,-1.0
2018_03_CHI_ARI,2018,3,spread,home,6.0,-111.0,0.8381771158141682,0.31211076510326774,won,0.9009009009009009
2018_03_CHI_ARI,2018,3,total_points,over,39.0,-105.0,0.616972372461488,0.10477725051026843,lost,-1.0
2018_03_DAL_SEA,2018,3,moneyline,home,,-117.0,0.6481150330049156,0.10894452609247318,won,0.8547008547008547
2018_03_DAL_SEA,2018,3,spread,home,-1.0,-108.0,0.6176087719548761,0.0983780027241068,won,0.9259259259259259
2018_03_DEN_BAL,2018,3,moneyline,away,,201.0,0.4051084908043553,0.07288257718309282,lost,-1.0
2018_03_DEN_BAL,2018,3,spread,away,5.5,-106.0,0.5637860478639108,0.049222941067794346,lost,-1.0
2018_03_DEN_BAL,2018,3,total_points,under,46.0,-108.0,0.6501994431136117,0.1309686738828424,won,0.9259259259259259
2018_03_GB_WAS,2018,3,moneyline,home,,122.0,0.5444403209975167,0.09398987054706626,won,1.22
2018_03_GB_WAS,2018,3,spread,home,2.5,-101.0,0.6074436966674204,0.1049561344783656,won,0.9900990099009901
2018_03_GB_WAS,2018,3,total_points,over,46.5,109.0,0.5179663025405437,0.039497403019012556,won,1.09
2018_03_LAC_LA,2018,3,moneyline,away,,254.0,0.4861128281421781,0.2036269524359634,lost,-1.0
2018_03_LAC_LA,2018,3,spread,away,7.5,-125.0,0.7023065932618047,0.1467510377062491,lost,-1.0
2018_03_LAC_LA,2018,3,total_points,under,49.0,-110.0,0.689675437211934,0.1658659134024102,lost,-1.0
2018_03_NE_DET,2018,3,moneyline,home,,269.0,0.33431217387490675,0.0633094638478065,won,2.69
2018_03_NE_DET,2018,3,total_points,under,55.5,-101.0,0.7132009916460342,0.21071342945697946,won,0.9900990099009901
2018_03_NO_ATL,2018,3,moneyline,home,,-125.0,0.6024349981391868,0.04687944258363119,lost,-1.0
2018_03_NYG_HOU,2018,3,moneyline,away,,230.0,0.42651927922508104,0.123488976194778,won,2.3
2018_03_NYG_HOU,2018,3,spread,away,6.5,-109.0,0.6126745827525394,0.09114348227407054,won,0.9174311926605505
2018_03_NYG_HOU,2018,3,total_points,under,44.0,-114.0,0.5831399815748808,0.05042970120104906,lost,-1.0
2018_03_SF_KC,2018,3,spread,home,-6.0,-108.0,0.6785793289974827,0.15934855976671347,won,0.9259259259259259
2018_03_SF_KC,2018,3,total_points,under,53.0,-105.0,0.7203949553500502,0.20819983339883064,lost,-1.0
2018_03_TEN_JAX,2018,3,moneyline,away,,357.0,0.3711449828548949,0.1523266021109124,won,3.57
2018_03_TEN_JAX,2018,3,spread,away,10.0,-111.0,0.6558714133136828,0.12980506260278235,won,0.9009009009009009
2018_03_TEN_JAX,2018,3,total_points,over,39.0,-109.0,0.6912848936149034,0.16975379313643457,lost,-1.0
2018_03_PIT_TB,2018,3,moneyline,away,,106.0,0.6018790993736067,0.11644220616972323,won,1.06
2018_03_PIT_TB,2018,3,spread,away,1.0,101.0,0.6372083966052553,0.13969595879431002,won,1.01
2018_03_PIT_TB,2018,3,total_points,under,55.0,-105.0,0.7265330267276819,0.21433790477646242,lost,-1.0
2018_04_MIN_LA,2018,4,moneyline,away,,282.0,0.4944583420451293,0.2326782373330874,lost,-1.0
2018_04_MIN_LA,2018,4,spread,away,7.5,-116.0,0.7111294526609832,0.17409241562394606,won,0.8620689655172413
2018_04_MIN_LA,2018,4,total_points,under,48.5,-105.0,0.708287773477517,0.1960926515262975,lost,-1.0
2018_04_BAL_PIT,2018,4,total_points,under,51.0,-108.0,0.6773395273879753,0.15810875815720604,won,0.9259259259259259
2018_04_BUF_GB,2018,4,moneyline,away,,317.0,0.4101814632920741,0.17037330981485588,lost,-1.0
2018_04_BUF_GB,2018,4,spread,away,8.5,-103.0,0.6510292498150383,0.1436400872534619,lost,-1.0
2018_04_BUF_GB,2018,4,total_points,over,44.0,-105.0,0.5556621993869153,0.04346707743569578,lost,-1.0
2018_04_CIN_ATL,2018,4,total_points,under,52.0,-103.0,0.6986065736517727,0.1912174110901963,lost,-1.0
2018_04_CLE_OAK,2018,4,moneyline,home,,-135.0,0.7253189787202072,0.1508508936138242,won,0.7407407407407407
2018_04_CLE_OAK,2018,4,spread,home,-2.5,-111.0,0.6651526110597914,0.13908626034889093,won,0.9009009009009009
2018_04_HOU_IND,2018,4,moneyline,home,,104.0,0.5382693417216722,0.04807326329029965,lost,-1.0
2018_04_HOU_IND,2018,4,spread,home,1.0,-103.0,0.5704881044027545,0.06309894184117815,lost,-1.0
2018_04_HOU_IND,2018,4,total_points,under,48.0,-109.0,0.6378089980617991,0.11627789758333029,lost,-1.0
2018_04_MIA_NE,2018,4,spread,home,-6.5,-108.0,0.6599472969927279,0.14071652776195864,won,0.9259259259259259
2018_04_MIA_NE,2018,4,total_points,under,50.5,-105.0,0.6557061996066322,0.1435110776554127,won,0.9523809523809523
2018_04_NO_NYG,2018,4,moneyline,home,,153.0,0.4749147363828741,0.0796578193868267,lost,-1.0
2018_04_NYJ_JAX,2018,4,moneyline,away,,293.0,0.37935352350296414,0.12490059729431274,lost,-1.0
2018_04_NYJ_JAX,2018,4,spread,away,7.5,-121.0,0.6001882773116344,0.052676965094439754,lost,-1.0
2018_04_NYJ_JAX,2018,4,total_points,over,40.5,-103.0,0.5904317200905436,0.08304255752896716,won,0.970873786407767
2018_04_PHI_TEN,2018,4,total_points,over,41.5,-109.0,0.6065065501585241,0.08497544968005522,won,0.9174311926605505
2018_04_SEA_ARI,2018,4,moneyline,home,,173.0,0.509747749166162,0.14344738286579567,lost,-1.0
2018_04_SEA_ARI,2018,4,spread,home,3.5,100.0,0.6083827672502043,0.10838276725020435,won,1.0
2018_04_SEA_ARI,2018,4,total_points,over,40.0,-108.0,0.6026645869561524,0.08343381772538316,lost,-1.0
2018_04_SF_LAC,2018,4,total_points,under,46.0,-112.0,0.5845975683588777,0.05629568156642484,lost,-1.0
2018_04_TB_CHI,2018,4,moneyline,away,,126.0,0.4787506750276164,0.03627279892142171,lost,-1.0
2018_04_TB_CHI,2018,4,total_points,under,46.0,-101.0,0.574277527389786,0.07178996520073122,lost,-1.0
2018_04_KC_DEN,2018,4,moneyline,home,,159.0,0.43544724122854,0.0493468551281539,lost,-1.0
2018_04_KC_DEN,2018,4,total_points,under,53.5,109.0,0.7829447077408352,0.30447580821930414,won,1.09
2018_05_IND_NE,2018,5,spread,home,-10.5,-101.0,0.5611327810030234,0.05864521881396867,won,0.9900990099009901
2018_05_IND_NE,2018,5,total_points,under,49.5,-109.0,0.5828124841724747,0.06128138369400582,lost,-1.0
2018_05_ARI_SF,2018,5,moneyline,away,,146.0,0.6379097435764145,0.2314056785357641,won,1.46
2018_05_ARI_SF,2018,5,spread,away,3.0,-103.0,0.7209836477589425,0.21359448519736612,won,0.970873786407767
2018_05_ARI_SF,2018,5,total_points,over,40.5,-118.0,0.627365491409842,0.08608108774011725,won,0.847457627118644
2018_05_ATL_PIT,2018,5,total_points,under,57.0,-110.0,0.7307812026307884,0.20697167882126455,lost,-1.0
2018_05_BAL_CLE,2018,5,spread,away,-3.0,-119.0,0.6131818073137297,0.06980281187993975,lost,-1.0
2018_05_BAL_CLE,2018,5,total_points,under,44.5,-103.0,0.555836510752884,0.04844734819130758,won,0.970873786407767
2018_05_DAL_HOU,2018,5,moneyline,away,,156.0,0.5000590156564549,0.10943401565645494,lost,-1.0
2018_05_DAL_HOU,2018,5,spread,away,3.5,-114.0,0.6040984072888289,0.07138812691499719,won,0.8771929824561403
2018_05_DAL_HOU,2018,5,total_points,under,45.0,-111.0,0.6158336306259132,0.08976727991501277,won,0.9009009009009009
2018_05_DEN_NYJ,2018,5,total_points,under,42.0,-103.0,0.5553944437751663,0.048005281213589934,lost,-1.0
2018_05_GB_DET,2018,5,total_points,under,50.0,-108.0,0.5845231443675374,0.06529237513676811,lost,-1.0
2018_05_JAX_KC,2018,5,moneyline,home,,-144.0,0.6745336734064044,0.08436973898017486,won,0.6944444444444444
2018_05_JAX_KC,2018,5,spread,home,-3.0,103.0,0.5974671157141266,0.10485627827570293,won,1.03
2018_05_JAX_KC,2018,5,total_points,under,48.0,-103.0,0.5616473954742107,0.05425823291263432,won,0.970873786407767
2018_05_LA_SEA,2018,5,moneyline,home,,277.0,0.6400764703638847,0.37482448097396426,lost,-1.0
2018_05_LA_SEA,2018,5,spread,home,7.5,-113.0,0.8193695654934477,0.2888531335685651,won,0.8849557522123894
2018_05_LA_SEA,2018,5,total_points,under,50.5,-102.0,0.7056958104515709,0.20074531540206597,lost,-1.0
2018_05_MIA_CIN,2018,5,total_points,under,47.5,-114.0,0.6566787704148799,0.12396849004104815,won,0.8771929824561403
2018_05_MIN_PHI,2018,5,moneyline,away,,162.0,0.4521031005833198,0.07042371127034269,won,1.62
2018_05_MIN_PHI,2018,5,spread,away,3.5,-106.0,0.5560023474886929,0.04143924069257643,won,0.9433962264150944
2018_05_MIN_PHI,2018,5,total_points,under,48.0,-114.0,0.6537182669307507,0.12100798655691902,won,0.8771929824561403
2018_05_NYG_CAR,2018,5,spread,home,-7.0,111.0,0.5180345297463136,0.04410088045721405,lost,-1.0
2018_05_OAK_LAC,2018,5,total_points,under,52.0,102.0,0.6931718246407528,0.19812231969025773,won,1.02
2018_05_TEN_BUF,2018,5,moneyline,home,,238.0,0.5951823431411656,0.2993243549754851,won,2.38
2018_05_TEN_BUF,2018,5,spread,home,6.0,101.0,0.7511353516302615,0.2536229138193162,won,1.01
2018_05_TEN_BUF,2018,5,total_points,over,38.0,-119.0,0.6736917267623869,0.1303127313285969,lost,-1.0
2018_05_WAS_NO,2018,5,moneyline,away,,222.0,0.4012878248685445,0.09072881865736437,lost,-1.0
2018_05_WAS_NO,2018,5,spread,away,5.5,-103.0,0.5512083882054242,0.04381922564384777,lost,-1.0
2018_06_ARI_MIN,2018,6,moneyline,away,,350.0,0.3979853966536504,0.1757631744314282,lost,-1.0
2018_06_ARI_MIN,2018,6,spread,away,10.0,-126.0,0.68809560832775,0.13057348443394468,push,0.0
2018_06_BUF_HOU,2018,6,moneyline,away,,376.0,0.45359583519708596,0.24351180158364058,lost,-1.0
2018_06_BUF_HOU,2018,6,spread,away,10.5,-119.0,0.745074622394411,0.20169562696062104,won,0.8403361344537815
2018_06_CAR_WAS,2018,6,total_points,over,44.5,-108.0,0.5905469542577797,0.07131618502701043,lost,-1.0
2018_06_CHI_MIA,2018,6,moneyline,home,,254.0,0.558378505367549,0.27589262966133427,won,2.54
2018_06_CHI_MIA,2018,6,spread,home,7.5,-123.0,0.7601107411574969,0.20854123443103945,won,0.8130081300813008
2018_06_IND_NYJ,2018,6,total_points,under,47.5,-112.0,0.5898105005701072,0.061508613777654375,lost,-1.0
2018_06_JAX_DAL,2018,6,moneyline,home,,156.0,0.5762573222060938,0.18563232220609382,won,1.56
2018_06_JAX_DAL,2018,6,spread,home,3.0,106.0,0.6603049272384831,0.1748680340345996,won,1.06
2018_06_JAX_DAL,2018,6,total_points,over,39.5,-102.0,0.6036598168220537,0.09870932177254876,won,0.9803921568627451
2018_06_KC_NE,2018,6,total_points,under,59.5,103.0,0.8140869778218738,0.3214761403834501,lost,-1.0
2018_06_LAC_CLE,2018,6,moneyline,away,,-105.0,0.704853690893645,0.1926585689424255,won,0.9523809523809523
2018_06_LAC_CLE,2018,6,spread,away,1.0,-112.0,0.7394098880426807,0.21110800125022788,won,0.8928571428571429
2018_06_LAC_CLE,2018,6,total_points,under,47.0,-106.0,0.646319017139746,0.13175591034362955,lost,-1.0
2018_06_LA_DEN,2018,6,moneyline,home,,264.0,0.5298818095606429,0.25515653483536815,lost,-1.0
2018_06_LA_DEN,2018,6,spread,home,7.0,-108.0,0.7271701061331223,0.207939336902353,won,0.9259259259259259
2018_06_LA_DEN,2018,6,total_points,under,50.0,-111.0,0.7149120298632187,0.1888456791523182,won,0.9009009009009009
2018_06_PIT_CIN,2018,6,total_points,under,49.5,-108.0,0.6546022258590324,0.1353714566282631,won,0.9259259259259259
2018_06_SEA_OAK,2018,6,total_points,under,47.5,100.0,0.5885754322415524,0.0885754322415524,won,1.0
2018_06_TB_ATL,2018,6,moneyline,home,,-159.0,0.6829526138546925,0.06905299995507863,won,0.6289308176100629
2018_06_TB_ATL,2018,6,spread,home,-3.0,-107.0,0.6080134989139832,0.09110528635359672,won,0.9345794392523364
2018_06_TB_ATL,2018,6,total_points,under,57.5,-108.0,0.7166869478478626,0.1974561786170933,lost,-1.0
2018_06_SF_GB,2018,6,moneyline,away,,361.0,0.26974687173596856,0.052827132039656194,lost,-1.0
2018_07_DEN_ARI,2018,7,moneyline,home,,-101.0,0.62544927007843,0.12296170788937522,lost,-1.0
2018_07_DEN_ARI,2018,7,spread,home,1.0,-110.0,0.6583212714477892,0.13451174763826534,lost,-1.0
2018_07_BUF_IND,2018,7,moneyline,away,,258.0,0.4914311348582174,0.2121015259196699,lost,-1.0
2018_07_BUF_IND,2018,7,spread,away,7.0,-112.0,0.6927162613158641,0.16441437452341123,lost,-1.0
2018_07_BUF_IND,2018,7,total_points,over,43.5,-104.0,0.5597363664304084,0.049932444861780945,lost,-1.0
2018_07_CAR_PHI,2018,7,moneyline,away,,202.0,0.4489676554797104,0.11784182766514084,won,2.02
2018_07_CAR_PHI,2018,7,spread,away,5.0,-102.0,0.5943713638113328,0.08942086876182787,won,0.9803921568627451
2018_07_CAR_PHI,2018,7,total_points,over,45.0,-105.0,0.5658289052504709,0.05363378329925139,lost,-1.0
2018_07_CIN_KC,2018,7,moneyline,away,,240.0,0.3506571584733374,0.056539511414513854,lost,-1.0
2018_07_CIN_KC,2018,7,total_points,under,56.0,-102.0,0.8009448421800447,0.29599434713053974,won,0.9803921568627451
2018_07_CLE_TB,2018,7,spread,home,-3.5,-105.0,0.6132191681562045,0.10102404620498495,lost,-1.0
2018_07_CLE_TB,2018,7,total_points,under,52.5,-101.0,0.6972855081956031,0.19479794600654832,won,0.9900990099009901
2018_07_DAL_WAS,2018,7,moneyline,home,,114.0,0.5357518400778604,0.06846212045169214,won,1.14
2018_07_DAL_WAS,2018,7,spread,home,1.5,101.0,0.5788934173885673,0.08138097957762197,won,1.01
2018_07_DAL_WAS,2018,7,total_points,over,40.5,-108.0,0.5964857238906304,0.0772549546598611,lost,-1.0
2018_07_DET_MIA,2018,7,moneyline,home,,159.0,0.4910395111376224,0.10493912503723629,lost,-1.0
2018_07_DET_MIA,2018,7,spread,home,3.0,110.0,0.5746811636189791,0.09849068742850298,lost,-1.0
2018_07_DET_MIA,2018,7,total_points,under,47.0,101.0,0.5357834018741667,0.038270964063221447,lost,-1.0
2018_07_HOU_JAX,2018,7,moneyline,away,,188.0,0.391201346986436,0.043979124764213784,won,1.88
2018_07_LA_SF,2018,7,moneyline,home,,338.0,0.3775718810544891,0.14926137877138407,lost,-1.0
2018_07_LA_SF,2018,7,spread,home,8.0,-101.0,0.6070510458717818,0.10456348368272705,lost,-1.0
2018_07_LA_SF,2018,7,total_points,under,52.0,-103.0,0.6850990021543684,0.17770983959279196,won,0.970873786407767
2018_07_MIN_NYJ,2018,7,moneyline,home,,157.0,0.43558154305165153,0.04647648468589277,lost,-1.0
2018_07_MIN_NYJ,2018,7,total_points,under,45.0,104.0,0.6277430119389381,0.13754693350756558,lost,-1.0
2018_07_NE_CHI,2018,7,moneyline,away,,-128.0,0.7168644563611537,0.1554609475892239,won,0.78125
2018_07_NE_CHI,2018,7,spread,away,-1.0,-120.0,0.6945853778004695,0.14913083234592406,won,0.8333333333333334
2018_07_NE_CHI,2018,7,total_points,under,49.0,-111.0,0.6444575693247808,0.11839121861388036,lost,-1.0
2018_07_TEN_LAC,2018,7,total_points,under,46.0,-109.0,0.6011066233377891,0.07957552285932024,won,0.9174311926605505
2018_07_NYG_ATL,2018,7,spread,home,-4.5,-101.0,0.5624176140837637,0.0599300518947089,lost,-1.0
2018_07_NYG_ATL,2018,7,total_points,under,52.0,-103.0,0.6463423949887214,0.13895323242714497,won,0.970873786407767
2018_08_MIA_HOU,2018,8,moneyline,away,,295.0,0.3843660425943409,0.13120148563231554,lost,-1.0
2018_08_MIA_HOU,2018,8,spread,away,7.5,-112.0,0.6076458264462816,0.0793439396538288,lost,-1.0
2018_08_MIA_HOU,2018,8,total_points,under,45.0,-109.0,0.588855165381435,0.06732406490296616,lost,-1.0
2018_08_BAL_CAR,2018,8,moneyline,home,,129.0,0.6017682132839531,0.16508699057652954,won,1.29
2018_08_BAL_CAR,2018,8,spread,home,2.5,102.0,0.6628125846143553,0.16776307966386028,won,1.02
2018_08_CLE_PIT,2018,8,spread,home,-8.5,-103.0,0.6530803740322815,0.14569121147070507,won,0.970873786407767
2018_08_CLE_PIT,2018,8,total_points,under,47.5,-103.0,0.5868245255646143,0.07943536300303788,lost,-1.0
2018_08_DEN_KC,2018,8,moneyline,away,,337.0,0.302310267382804,0.07347731543772387,lost,-1.0
2018_08_DEN_KC,2018,8,spread,away,8.5,-102.0,0.5425261564112105,0.03757566136170554,won,0.9803921568627451
2018_08_DEN_KC,2018,8,total_points,under,53.0,-115.0,0.7573756115488565,0.22249189061862396,push,0.0
2018_08_GB_LA,2018,8,moneyline,away,,297.0,0.4037133679216778,0.1518241991559347,lost,-1.0
2018_08_GB_LA,2018,8,spread,away,7.5,-105.0,0.6211603516668273,0.10896522971560774,won,0.9523809523809523
2018_08_GB_LA,2018,8,total_points,under,57.0,-109.0,0.7795369841468527,0.25800588366838384,won,0.9174311926605505
2018_08_IND_OAK,2018,8,moneyline,home,,165.0,0.5813944818753981,0.20403599130936034,lost,-1.0
2018_08_IND_OAK,2018,8,spread,home,3.5,-109.0,0.6738735074535713,0.15234240697510248,lost,-1.0
2018_08_IND_OAK,2018,8,total_points,under,51.0,-103.0,0.6081796986532603,0.10079053609168387,lost,-1.0
2018_08_NO_MIN,2018,8,moneyline,home,,118.0,0.6070129720849585,0.14829737575468327,lost,-1.0
2018_08_NO_MIN,2018,8,spread,home,2.5,-103.0,0.6669440804839648,0.1595549179223884,lost,-1.0
2018_08_NO_MIN,2018,8,total_points,under,53.5,-110.0,0.6184340242321816,0.0946245004226578,won,0.9090909090909091
2018_08_NYJ_CHI,2018,8,moneyline,away,,305.0,0.4599276637214212,0.21301408347450762,lost,-1.0
2018_08_NYJ_CHI,2018,8,spread,away,8.5,-119.0,0.7011553467639673,0.1577763513301773,lost,-1.0
2018_08_PHI_JAX,2018,8,moneyline,home,,186.0,0.4874805561730681,0.1378302065227185,lost,-1.0
2018_08_PHI_JAX,2018,8,spread,home,4.0,-108.0,0.6047853501312925,0.08555458090052326,lost,-1.0
2018_08_SEA_DET,2018,8,moneyline,away,,146.0,0.5512418691828034,0.14473780414215298,won,1.46
2018_08_SEA_DET,2018,8,spread,away,3.0,-101.0,0.6388120927417543,0.13632453055269955,won,0.9900990099009901
2018_08_SEA_DET,2018,8,total_points,under,47.5,-101.0,0.5846106175572835,0.08212305536822873,won,0.9900990099009901
2018_08_SF_ARI,2018,8,moneyline,home,,125.0,0.7489505871066663,0.30450614266222187,won,1.25
2018_08_SF_ARI,2018,8,spread,home,2.5,104.0,0.7976313881526106,0.30743530972123806,won,1.04
2018_08_SF_ARI,2018,8,total_points,over,40.0,-108.0,0.6593956707416426,0.14016490151087335,lost,-1.0
2018_08_TB_CIN,2018,8,spread,home,-3.5,-108.0,0.5584644096402009,0.03923364040943167,lost,-1.0
2018_08_TB_CIN,2018,8,total_points,under,55.0,-103.0,0.7716998137467207,0.2643106511851443,lost,-1.0
2018_08_WAS_NYG,2018,8,total_points,over,43.0,-102.0,0.5599708969338605,0.05502040188435553,lost,-1.0
2018_08_NE_BUF,2018,8,moneyline,home,,744.0,0.31501457235780245,0.19653116003552756,lost,-1.0
2018_08_NE_BUF,2018,8,spread,home,13.5,-103.0,0.6818111588129752,0.17442199625139876,lost,-1.0
2018_09_OAK_SF,2018,9,total_points,over,44.0,-111.0,0.5653119358387946,0.03924558512789411,lost,-1.0
2018_09_ATL_WAS,2018,9,spread,away,1.5,102.0,0.5433486061983199,0.04829910124782488,won,1.02
2018_09_ATL_WAS,2018,9,total_points,over,46.5,-108.0,0.5663615698005869,0.047130800569817666,won,0.9259259259259259
2018_09_CHI_BUF,2018,9,moneyline,home,,346.0,0.590264552202225,0.3660493055654537,lost,-1.0
2018_09_CHI_BUF,2018,9,spread,home,10.5,-125.0,0.8409991250895124,0.2854435695339568,lost,-1.0
2018_09_CHI_BUF,2018,9,total_points,over,38.0,-104.0,0.6058060937308145,0.0960021721621871,won,0.9615384615384616
2018_09_DET_MIN,2018,9,total_points,under,47.0,-101.0,0.598633426943367,0.0961458647543122,won,0.9900990099009901
2018_09_GB_NE,2018,9,spread,home,-5.0,-108.0,0.626055916991971,0.10682514776120178,won,0.9259259259259259
2018_09_GB_NE,2018,9,total_points,under,56.0,-103.0,0.728082612630615,0.22069345006903862,won,0.970873786407767
2018_09_HOU_DEN,2018,9,moneyline,home,,-119.0,0.6012547627294862,0.05787576729569621,lost,-1.0
2018_09_HOU_DEN,2018,9,total_points,under,46.5,-106.0,0.6732796619231938,0.15871655512707727,won,0.9433962264150944
2018_09_KC_CLE,2018,9,spread,away,-7.5,-110.0,0.5772889020818668,0.05347937827234295,won,0.9090909090909091
2018_09_KC_CLE,2018,9,total_points,under,51.0,-103.0,0.6676049924660866,0.16021582990451022,lost,-1.0
2018_09_LAC_SEA,2018,9,moneyline,home,,-104.0,0.5960559080714629,0.0862519865028355,lost,-1.0
2018_09_LAC_SEA,2018,9,spread,home,-1.0,102.0,0.5632412454900857,0.06819174053959065,lost,-1.0
2018_09_LAC_SEA,2018,9,total_points,under,48.5,-113.0,0.697383255762429,0.16686682383754636,won,0.8849557522123894
2018_09_LA_NO,2018,9,moneyline,home,,120.0,0.5654087690140229,0.1108633144685684,won,1.2
2018_09_LA_NO,2018,9,spread,home,2.5,-108.0,0.6265415855125067,0.10731081628173744,won,0.9259259259259259
2018_09_LA_NO,2018,9,total_points,under,57.5,-102.0,0.6315562640117647,0.12660576896225972,lost,-1.0
2018_09_NYJ_MIA,2018,9,moneyline,away,,140.0,0.4742578041591049,0.057591137492438216,lost,-1.0
2018_09_NYJ_MIA,2018,9,spread,away,3.0,-108.0,0.5623202724874831,0.04308950325671379,lost,-1.0
2018_09_PIT_BAL,2018,9,moneyline,away,,117.0,0.5175119059767502,0.056682412889192624,won,1.17
2018_09_PIT_BAL,2018,9,spread,away,1.5,102.0,0.5644419712509515,0.06939246630045648,won,1.02
2018_09_PIT_BAL,2018,9,total_points,under,47.0,-101.0,0.5780882837926768,0.07560072160362208,won,0.9900990099009901
2018_09_TB_CAR,2018,9,total_points,under,55.5,102.0,0.6921040699466123,0.1970545649961173,lost,-1.0
2018_10_CAR_PIT,2018,10,moneyline,away,,170.0,0.4080152321520045,0.037644861781634176,lost,-1.0
2018_10_CAR_PIT,2018,10,total_points,under,51.0,101.0,0.6005106134913141,0.10299817568036879,lost,-1.0
2018_10_ARI_KC,2018,10,moneyline,away,,835.0,0.32908674241871455,0.22213487076096056,lost,-1.0
2018_10_ARI_KC,2018,10,spread,away,16.5,-106.0,0.7658361374079455,0.25127303061182904,won,0.9433962264150944
2018_10_ARI_KC,2018,10,total_points,under,49.5,-101.0,0.5771033564947045,0.07461579430564969,won,0.9900990099009901
2018_10_ATL_CLE,2018,10,spread,away,-5.5,-103.0,0.571447400074123,0.06405823751254658,lost,-1.0
2018_10_ATL_CLE,2018,10,total_points,under,49.5,100.0,0.5712170073585566,0.07121700735855663,won,1.0
2018_10_BUF_NYJ,2018,10,moneyline,away,,235.0,0.43532835972088324,0.1368208970343161,won,2.35
2018_10_BUF_NYJ,2018,10,spread,away,6.5,-108.0,0.6199918707821089,0.10076110155133966,won,0.9259259259259259
2018_10_BUF_NYJ,2018,10,total_points,over,38.0,-114.0,0.6299179359331495,0.09720765555931776,won,0.8771929824561403
2018_10_DAL_PHI,2018,10,moneyline,away,,310.0,0.38719629561551216,0.14329385659112193,won,3.1
2018_10_DAL_PHI,2018,10,spread,away,7.5,-108.0,0.6086603348778944,0.08942956564712512,won,0.9259259259259259
2018_10_DAL_PHI,2018,10,total_points,under,45.5,102.0,0.5624075576435361,0.06735805269304107,lost,-1.0
2018_10_DET_CHI,2018,10,moneyline,away,,281.0,0.47804665586938067,0.2155794642683308,lost,-1.0
2018_10_DET_CHI,2018,10,spread,away,7.5,-114.0,0.6928132329606492,0.1601029525868175,lost,-1.0
2018_10_JAX_IND,2018,10,moneyline,away,,141.0,0.4908302840767754,0.07589252474067582,lost,-1.0
2018_10_JAX_IND,2018,10,spread,away,3.0,-105.0,0.5778255961674151,0.06563047421619561,push,0.0
2018_10_JAX_IND,2018,10,total_points,under,48.0,-105.0,0.5477633027996539,0.03556818084843438,lost,-1.0
2018_10_LAC_OAK,2018,10,moneyline,home,,391.0,0.4026896343746824,0.19902364659464167,lost,-1.0
2018_10_LAC_OAK,2018,10,spread,home,10.5,-116.0,0.694910989959882,0.1578739529228449,lost,-1.0
2018_10_LAC_OAK,2018,10,total_points,under,50.0,-116.0,0.6499565664003496,0.11291952936331251,won,0.8620689655172413
2018_10_MIA_GB,2018,10,moneyline,away,,487.0,0.3404224473242568,0.17006469604657368,lost,-1.0
2018_10_MIA_GB,2018,10,spread,away,13.0,-114.0,0.703191868992358,0.17048158861852625,lost,-1.0
2018_10_MIA_GB,2018,10,total_points,under,48.5,-108.0,0.5965490267642821,0.07731825753351285,won,0.9259259259259259
2018_10_NE_TEN,2018,10,spread,away,-6.0,101.0,0.5514961365080929,0.05398369869714764,lost,-1.0
2018_10_NE_TEN,2018,10,total_points,under,47.0,-103.0,0.5516757184698504,0.04428655590827402,won,0.970873786407767
2018_10_NO_CIN,2018,10,moneyline,home,,225.0,0.5404678875893313,0.23277557989702358,lost,-1.0
2018_10_NO_CIN,2018,10,spread,home,5.5,-103.0,0.6827410216963317,0.17535185913475526,lost,-1.0
2018_10_NO_CIN,2018,10,total_points,under,53.0,-103.0,0.5560908112056607,0.04870164864408433,lost,-1.0
2018_10_SEA_LA,2018,10,moneyline,away,,361.0,0.505625869115286,0.28870612941897356,lost,-1.0
2018_10_SEA_LA,2018,10,spread,away,10.0,-114.0,0.7767514469300477,0.244041166556216,won,0.8771929824561403
2018_10_SEA_LA,2018,10,total_points,under,51.0,-103.0,0.6975495371433943,0.1901603745818179,lost,-1.0
2018_10_WAS_TB,2018,10,moneyline,away,,165.0,0.49440649838750256,0.1170480078214648,won,1.65
2018_10_WAS_TB,2018,10,spread,away,3.5,-108.0,0.594405900097962,0.07517513086719274,won,0.9259259259259259
2018_10_WAS_TB,2018,10,total_points,under,51.0,-105.0,0.582977477757662,0.07078235580644243,won,0.9523809523809523
2018_10_NYG_SF,2018,10,moneyline,away,,161.0,0.5174184708550784,0.13427670840297112,won,1.61
2018_10_NYG_SF,2018,10,spread,away,3.0,110.0,0.6058987606147771,0.12970828442430093,won,1.1
2018_10_NYG_SF,2018,10,total_points,under,45.0,-103.0,0.545253878033138,0.03786471547156156,lost,-1.0
2018_11_GB_SEA,2018,11,spread,home,-3.0,-109.0,0.5719181780759038,0.05038707759743499,push,0.0
2018_11_GB_SEA,2018,11,total_points,under,49.0,-101.0,0.6389417103161191,0.13645414812706436,lost,-1.0
2018_11_CAR_DET,2018,11,moneyline,home,,173.0,0.46062244073221154,0.09432207443184526,won,1.73
2018_11_CAR_DET,2018,11,spread,home,4.0,-115.0,0.5758545541612285,0.04097083323099604,won,0.8695652173913043
2018_11_CIN_BAL,2018,11,moneyline,away,,231.0,0.41437779475615827,0.11226299113078064,lost,-1.0
2018_11_CIN_BAL,2018,11,spread,away,6.5,-110.0,0.5998749524130765,0.0760654286035527,won,0.9090909090909091
2018_11_CIN_BAL,2018,11,total_points,under,44.0,102.0,0.556700517717979,0.06165101276748397,lost,-1.0
2018_11_DAL_ATL,2018,11,total_points,under,50.0,102.0,0.6267073244705077,0.13165781952001265,won,1.02
2018_11_DEN_LAC,2018,11,moneyline,away,,288.0,0.3399861449834914,0.08225418622060482,won,2.88
2018_11_DEN_LAC,2018,11,total_points,under,47.0,-108.0,0.6975968277286265,0.17836605849785725,won,0.9259259259259259
2018_11_HOU_WAS,2018,11,moneyline,home,,144.0,0.5887046170769901,0.17886855150321956,lost,-1.0
2018_11_HOU_WAS,2018,11,spread,home,3.0,102.0,0.6720437474037876,0.17699424245329254,won,1.02
2018_11_HOU_WAS,2018,11,total_points,over,40.5,-110.0,0.5830200202283397,0.05921049641881582,won,0.9090909090909091
2018_11_MIN_CHI,2018,11,moneyline,away,,124.0,0.584276982917092,0.1378484114885205,lost,-1.0
2018_11_MIN_CHI,2018,11,spread,away,2.5,-101.0,0.6507266635761548,0.14823910138710006,lost,-1.0
2018_11_MIN_CHI,2018,11,total_points,under,44.0,-103.0,0.6237396129830615,0.11635045042148506,lost,-1.0
2018_11_OAK_ARI,2018,11,total_points,over,41.0,-104.0,0.6383563821317393,0.12855246056311187,won,0.9615384615384616
2018_11_PHI_NO,2018,11,moneyline,away,,290.0,0.43730202046722755,0.18089176405697116,lost,-1.0
2018_11_PHI_NO,2018,11,spread,away,7.0,-105.0,0.6331019615490013,0.12090683959778181,lost,-1.0
2018_11_PHI_NO,2018,11,total_points,under,56.5,-108.0,0.5849968151465839,0.06576604591581459,won,0.9259259259259259
2018_11_PIT_JAX,2018,11,moneyline,home,,181.0,0.4137080734017797,0.05783618728078321,lost,-1.0
2018_11_TB_NYG,2018,11,total_points,under,54.5,-110.0,0.7362870710527798,0.21247754724325596,lost,-1.0
2018_11_TEN_IND,2018,11,total_points,under,50.0,-104.0,0.6304663136341891,0.12066239206556173,won,0.9615384615384616
2018_11_KC_LA,2018,11,moneyline,away,,153.0,0.5432176997508886,0.1479607827548412,lost,-1.0
2018_11_KC_LA,2018,11,spread,away,3.0,106.0,0.6294796407223271,0.1440427475184436,push,0.0
2018_11_KC_LA,2018,11,total_points,under,63.5,-107.0,0.856715171031552,0.3398069584711656,lost,-1.0
2018_12_ATL_NO,2018,12,moneyline,away,,433.0,0.4191754027333314,0.23155814194533894,lost,-1.0
2018_12_ATL_NO,2018,12,spread,away,11.5,-101.0,0.7231515087547293,0.22066394656567456,lost,-1.0
2018_12_ATL_NO,2018,12,total_points,under,61.0,-101.0,0.6530638714322079,0.15057630924315313,won,0.9900990099009901
2018_12_CHI_DET,2018,12,moneyline,home,,146.0,0.5938193506308749,0.18731528559022448,lost,-1.0
2018_12_CHI_DET,2018,12,spread,home,3.0,102.0,0.6765835405653818,0.1815340356148868,lost,-1.0
2018_12_WAS_DAL,2018,12,moneyline,away,,279.0,0.4062043604383049,0.14235211769424155,lost,-1.0
2018_12_WAS_DAL,2018,12,spread,away,7.0,-108.0,0.6134474867535635,0.09421671752279426,lost,-1.0
2018_12_WAS_DAL,2018,12,total_points,over,40.0,-103.0,0.5943185457390883,0.08692938317751187,won,0.970873786407767
2018_12_ARI_LAC,2018,12,moneyline,away,,612.0,0.36955936952708607,0.22910993132483887,lost,-1.0
2018_12_ARI_LAC,2018,12,spread,away,14.0,-103.0,0.7634821305104899,0.25609296794891345,lost,-1.0
2018_12_CLE_CIN,2018,12,moneyline,home,,102.0,0.7735826824461269,0.2785331774956319,lost,-1.0
2018_12_CLE_CIN,2018,12,spread,home,1.0,-105.0,0.80180261120537,0.2896074892541505,lost,-1.0
2018_12_CLE_CIN,2018,12,total_points,under,46.5,-110.0,0.6053417530684495,0.08153222925892567,lost,-1.0
2018_12_GB_MIN,2018,12,total_points,under,48.5,-110.0,0.6597805815074808,0.13597105769795692,won,0.9090909090909091
2018_12_JAX_BUF,2018,12,moneyline,home,,140.0,0.5332294520042684,0.11656278533760173,won,1.4
2018_12_JAX_BUF,2018,12,spread,home,3.0,-106.0,0.6177709611366705,0.10320785434055402,won,0.9433962264150944
2018_12_JAX_BUF,2018,12,total_points,over,36.5,-103.0,0.7085943161914978,0.20120515362992142,won,0.970873786407767
2018_12_MIA_IND,2018,12,moneyline,away,,341.0,0.39263520375117966,0.16587783413666718,lost,-1.0
2018_12_MIA_IND,2018,12,spread,away,9.0,-103.0,0.6477605823262214,0.14037141976464496,won,0.970873786407767
2018_12_MIA_IND,2018,12,total_points,under,52.5,-110.0,0.680833488858014,0.15702396504849014,won,0.9090909090909091
2018_12_NE_NYJ,2018,12,moneyline,home,,487.0,0.2918325374164804,0.12147478613879728,lost,-1.0
2018_12_NE_NYJ,2018,12,spread,home,13.0,-121.0,0.6502156837289029,0.1027043715117083,lost,-1.0
2018_12_NYG_PHI,2018,12,total_points,under,49.0,-114.0,0.6170821588880424,0.08437187851421069,won,0.8771929824561403
2018_12_OAK_BAL,2018,12,moneyline,away,,524.0,0.32512713021404255,0.16487071995763228,lost,-1.0
2018_12_OAK_BAL,2018,12,spread,away,13.0,-115.0,0.6902471866627361,0.1553634657325036,lost,-1.0
2018_12_PIT_DEN,2018,12,total_points,under,47.5,-110.0,0.6279537147467033,0.10414419093717942,won,0.9090909090909091
2018_12_SEA_CAR,2018,12,moneyline,away,,146.0,0.46211483007287285,0.05561076503222245,won,1.46
2018_12_SEA_CAR,2018,12,spread,away,3.0,101.0,0.549011593562433,0.051499155751487724,won,1.01
2018_12_SF_TB,2018,12,moneyline,home,,-127.0,0.6398330458102003,0.08036168017143375,won,0.7874015748031497
2018_12_SF_TB,2018,12,spread,home,-1.5,-110.0,0.5954108266362489,0.07160130282672506,won,0.9090909090909091
2018_12_SF_TB,2018,12,total_points,under,54.5,107.0,0.7012379798091092,0.21814619236949567,won,1.07
2018_12_TEN_HOU,2018,12,moneyline,away,,171.0,0.40868129636705813,0.039677606330157766,lost,-1.0
2018_13_NO_DAL,2018,13,moneyline,home,,275.0,0.5045143109689202,0.23784764430225352,won,2.75
2018_13_NO_DAL,2018,13,spread,home,7.0,-103.0,0.696470165399407,0.18908100283783058,won,0.970873786407767
2018_13_NO_DAL,2018,13,total_points,under,51.5,102.0,0.5397601951144227,0.0447106901639277,won,1.02
2018_13_ARI_GB,2018,13,moneyline,away,,548.0,0.43666025506857914,0.2823392674142582,won,5.48
2018_13_ARI_GB,2018,13,spread,away,13.5,-107.0,0.7887423348491683,0.2718341222887819,won,0.9345794392523364
2018_13_ARI_GB,2018,13,total_points,over,41.0,-108.0,0.6401983934753304,0.12096762424456109,lost,-1.0
2018_13_BUF_MIA,2018,13,moneyline,away,,162.0,0.4868426127787437,0.10516322346576656,lost,-1.0
2018_13_BUF_MIA,2018,13,spread,away,3.5,-108.0,0.5898709890453894,0.0706402198146201,lost,-1.0
2018_13_BUF_MIA,2018,13,total_points,over,40.0,-108.0,0.6000487361482546,0.08081796691748533,lost,-1.0
2018_13_CAR_TB,2018,13,moneyline,home,,166.0,0.42451755397853863,0.0485777043544785,won,1.66
2018_13_CAR_TB,2018,13,total_points,under,52.0,-104.0,0.5843032627722502,0.07449934120362278,won,0.9615384615384616
2018_13_CHI_NYG,2018,13,moneyline,home,,166.0,0.545512253417645,0.16957240379358485,won,1.66
2018_13_CHI_NYG,2018,13,spread,home,3.5,-109.0,0.6431729176763938,0.121641817197925,won,0.9174311926605505
2018_13_CHI_NYG,2018,13,total_points,under,44.0,-101.0,0.5596783446524952,0.05719078246344045,lost,-1.0
2018_13_CLE_HOU,2018,13,spread,home,-5.0,-112.0,0.6044797519056507,0.0761778651131979,won,0.8928571428571429
2018_13_CLE_HOU,2018,13,total_points,under,47.5,-103.0,0.656602442794918,0.14921328023334157,won,0.970873786407767
2018_13_DEN_CIN,2018,13,moneyline,home,,160.0,0.5746257181573352,0.19001033354195057,lost,-1.0
2018_13_DEN_CIN,2018,13,spread,home,3.5,-113.0,0.6709258352092454,0.1404094032843628,lost,-1.0
2018_13_DEN_CIN,2018,13,total_points,under,45.0,-103.0,0.6198386378209716,0.11244947525939519,won,0.970873786407767
2018_13_IND_JAX,2018,13,moneyline,home,,179.0,0.5997875607906527,0.2413646217225523,won,1.79
2018_13_IND_JAX,2018,13,spread,home,4.0,-103.0,0.7112853617567251,0.20389619919514868,won,0.970873786407767
2018_13_KC_OAK,2018,13,moneyline,home,,593.0,0.345164832403216,0.2008646881030717,lost,-1.0
2018_13_KC_OAK,2018,13,spread,home,14.0,-112.0,0.7284465595588857,0.20014467276643289,won,0.8928571428571429
2018_13_KC_OAK,2018,13,total_points,under,53.5,-106.0,0.644920538189679,0.13035743139356248,lost,-1.0
2018_13_LAC_PIT,2018,13,moneyline,away,,166.0,0.41671014700471826,0.04077029738065813,won,1.66
2018_13_LAC_PIT,2018,13,total_points,under,53.5,-110.0,0.741650669445957,0.2178411456364332,lost,-1.0
2018_13_LA_DET,2018,13,moneyline,home,,385.0,0.49940979115178,0.29322422414147076,lost,-1.0
2018_13_LA_DET,2018,13,spread,home,10.5,-114.0,0.7692996461127621,0.2365893657389304,lost,-1.0
2018_13_LA_DET,2018,13,total_points,under,54.0,-103.0,0.650329350266273,0.14294018770469663,won,0.970873786407767
2018_13_MIN_NE,2018,13,total_points,under,50.0,-108.0,0.6888314864883225,0.1696007172575532,won,0.9259259259259259
2018_13_NYJ_TEN,2018,13,moneyline,away,,370.0,0.42003068087142237,0.20726472342461386,lost,-1.0
2018_13_NYJ_TEN,2018,13,spread,away,10.5,-127.0,0.7174409431825768,0.15796957754381025,won,0.7874015748031497
2018_13_NYJ_TEN,2018,13,total_points,over,40.5,-106.0,0.5502061872909023,0.03564308049478582,won,0.9433962264150944
2018_13_SF_SEA,2018,13,spread,home,-10.0,102.0,0.5475062582618878,0.05245675331139277,won,1.02
2018_13_SF_SEA,2018,13,total_points,under,45.5,-103.0,0.5683217290608887,0.060932566499312335,lost,-1.0
2018_13_WAS_PHI,2018,13,moneyline,away,,213.0,0.3781270107068052,0.05863819281543142,lost,-1.0
2018_13_WAS_PHI,2018,13,total_points,over,45.0,-100.0,0.5380904897960868,0.03809048979608676,lost,-1.0
2018_14_JAX_TEN,2018,14,moneyline,away,,221.0,0.478614073604407,0.1670875938536282,lost,-1.0
2018_14_JAX_TEN,2018,14,spread,away,5.5,-103.0,0.633890508473819,0.1265013459122426,lost,-1.0
2018_14_JAX_TEN,2018,14,total_points,over,36.5,-103.0,0.6908771073225115,0.1834879447609351,won,0.970873786407767
2018_14_ATL_GB,2018,14,moneyline,away,,166.0,0.4749327314866995,0.09899288186263938,lost,-1.0
2018_14_ATL_GB,2018,14,spread,away,4.0,-116.0,0.5939652428665524,0.0569282058295153,lost,-1.0
2018_14_ATL_GB,2018,14,total_points,under,51.0,-101.0,0.5761596248057552,0.07367206261670045,lost,-1.0
2018_14_BAL_KC,2018,14,moneyline,away,,239.0,0.33985001665727876,0.04486476591981564,lost,-1.0
2018_14_BAL_KC,2018,14,total_points,under,49.0,-108.0,0.5884091918991963,0.069178422668427,lost,-1.0
2018_14_CAR_CLE,2018,14,moneyline,away,,-117.0,0.7049077144626306,0.16573720755018817,lost,-1.0
2018_14_CAR_CLE,2018,14,spread,away,-1.0,-108.0,0.6823707080965815,0.16313993886581224,lost,-1.0
2018_14_CAR_CLE,2018,14,total_points,under,48.0,-103.0,0.5604842589125303,0.053095096350953885,won,0.970873786407767
2018_14_CIN_LAC,2018,14,moneyline,away,,847.0,0.3273400805122884,0.22174345960415748,lost,-1.0
2018_14_CIN_LAC,2018,14,spread,away,17.0,-109.0,0.7949405943547878,0.27340949387631897,won,0.9174311926605505
2018_14_CIN_LAC,2018,14,total_points,under,48.5,-108.0,0.6679407136281632,0.14870994439739393,won,0.9259259259259259
2018_14_DEN_SF,2018,14,total_points,under,45.5,-101.0,0.6035571994086355,0.10106963721958073,won,0.9900990099009901
2018_14_DET_ARI,2018,14,moneyline,home,,126.0,0.6066871766168487,0.16420930051065397,lost,-1.0
2018_14_DET_ARI,2018,14,spread,home,2.5,-101.0,0.6671704900961427,0.16468292790708794,lost,-1.0
2018_14_DET_ARI,2018,14,total_points,over,40.0,-110.0,0.6797464432539173,0.15593691944439347,lost,-1.0
2018_14_IND_HOU,2018,14,moneyline,away,,176.0,0.3978000314436864,0.035481190863976275,won,1.76
2018_14_IND_HOU,2018,14,total_points,under,49.5,-108.0,0.6448442930606632,0.12561352382989388,won,0.9259259259259259
2018_14_LA_CHI,2018,14,total_points,under,50.5,-101.0,0.6380494476551514,0.1355618854660966,won,0.9900990099009901
2018_14_NE_MIA,2018,14,total_points,under,49.5,-112.0,0.61333606611347,0.0850341793210172,lost,-1.0
2018_14_NO_TB,2018,14,moneyline,home,,330.0,0.4239271867696952,0.1913690472348115,lost,-1.0
2018_14_NO_TB,2018,14,spread,home,8.5,-108.0,0.6519473559605982,0.1327165867298289,lost,-1.0
2018_14_NYG_WAS,2018,14,moneyline,home,,151.0,0.6165122059807348,0.21810583147874274,lost,-1.0
2018_14_NYG_WAS,2018,14,spread,home,3.0,106.0,0.6978826996442414,0.21244580644035793,lost,-1.0
2018_14_NYG_WAS,2018,14,total_points,over,40.5,-111.0,0.621556058957746,0.09548970824684555,won,0.9009009009009009
2018_14_NYJ_BUF,2018,14,moneyline,away,,189.0,0.40370850663418917,0.057687745388514455,won,1.89
2018_14_NYJ_BUF,2018,14,total_points,over,37.0,-105.0,0.662908914576306,0.15071379262508644,won,0.9523809523809523
2018_14_PHI_DAL,2018,14,moneyline,away,,166.0,0.4609599250800839,0.08502007545602375,lost,-1.0
2018_14_PHI_DAL,2018,14,spread,away,3.5,-110.0,0.5644907037621619,0.04068117995263809,lost,-1.0
2018_14_PHI_DAL,2018,14,total_points,under,46.0,-103.0,0.5785144670202556,0.07112530445867915,lost,-1.0
2018_14_PIT_OAK,2018,14,moneyline,home,,384.0,0.3604037002483349,0.153792130000401,won,3.84
2018_14_PIT_OAK,2018,14,spread,home,10.5,-133.0,0.6505783369980318,0.07976288635425499,won,0.7518796992481203
2018_14_PIT_OAK,2018,14,total_points,under,51.0,-108.0,0.6056818121764096,0.08645104294564032,won,0.9259259259259259
2018_14_MIN_SEA,2018,14,total_points,under,45.5,-103.0,0.642778727953676,0.13538956539209956,won,0.970873786407767
2018_15_LAC_KC,2018,15,moneyline,away,,174.0,0.4028221941786658,0.03785869052903079,won,1.74
2018_15_LAC_KC,2018,15,total_points,under,54.0,-106.0,0.7084421906902942,0.19387908389417774,lost,-1.0
2018_15_CLE_DEN,2018,15,moneyline,home,,-128.0,0.7623485913076029,0.20094508253567311,lost,-1.0
2018_15_CLE_DEN,2018,15,spread,home,-1.0,-119.0,0.7389313230391532,0.19555232760536323,lost,-1.0
2018_15_CLE_DEN,2018,15,total_points,under,47.0,-106.0,0.6775677670105453,0.16300466021442883,won,0.9433962264150944
2018_15_HOU_NYJ,2018,15,moneyline,home,,253.0,0.5122430776589181,0.2289569586787481,lost,-1.0
2018_15_HOU_NYJ,2018,15,spread,home,7.0,-119.0,0.7124153610386608,0.1690363656048708,push,0.0
2018_15_HOU_NYJ,2018,15,total_points,under,44.0,-105.0,0.5710024780455075,0.058807356094288,lost,-1.0
2018_15_ARI_ATL,2018,15,moneyline,away,,332.0,0.4000027935846537,0.1685213121031722,lost,-1.0
2018_15_ARI_ATL,2018,15,spread,away,10.0,-129.0,0.6813434513769792,0.11802467408440276,lost,-1.0
2018_15_ARI_ATL,2018,15,total_points,over,43.5,-111.0,0.610814258082186,0.08474790737128557,won,0.9009009009009009
2018_15_DAL_IND,2018,15,moneyline,away,,155.0,0.5131541711961286,0.12099730845103057,lost,-1.0
2018_15_DAL_IND,2018,15,spread,away,3.0,106.0,0.6015164108049492,0.11607951760106572,lost,-1.0
2018_15_DAL_IND,2018,15,total_points,under,47.0,-102.0,0.5931333656392473,0.08818287058974239,won,0.9803921568627451
2018_15_DET_BUF,2018,15,spread,away,2.5,106.0,0.5265553325832654,0.041118439379381866,won,1.06
2018_15_DET_BUF,2018,15,total_points,over,40.0,-111.0,0.646631233471401,0.12056488276050048,lost,-1.0
2018_15_GB_CHI,2018,15,moneyline,away,,221.0,0.4920255807814958,0.18049910103071698,lost,-1.0
2018_15_GB_CHI,2018,15,spread,away,6.0,102.0,0.6632370336282412,0.1681875286777461,lost,-1.0
2018_15_GB_CHI,2018,15,total_points,under,46.5,-103.0,0.5754776180117359,0.06808845545015951,won,0.970873786407767
2018_15_MIA_MIN,2018,15,total_points,under,45.0,-115.0,0.6182878630232004,0.08340414209296787,lost,-1.0
2018_15_NE_PIT,2018,15,total_points,under,55.0,107.0,0.7055131759000628,0.2224213884604493,won,1.07
2018_15_OAK_CIN,2018,15,moneyline,home,,-155.0,0.6462017914412063,0.03835865418630435,won,0.6451612903225806
2018_15_OAK_CIN,2018,15,spread,home,-3.0,-101.0,0.5659227221790668,0.06343515999001204,won,0.9900990099009901
2018_15_PHI_LA,2018,15,moneyline,away,,590.0,0.4408744874589533,0.29594695122706927,won,5.9
2018_15_PHI_LA,2018,15,spread,away,13.5,-103.0,0.7889680682238635,0.28157890566228705,won,0.970873786407767
2018_15_PHI_LA,2018,15,total_points,under,52.5,-115.0,0.6292981107966992,0.09441438986646666,lost,-1.0
2018_15_SEA_SF,2018,15,spread,away,-3.5,-112.0,0.6152094828829601,0.08690759609050724,lost,-1.0
2018_15_TB_BAL,2018,15,moneyline,away,,328.0,0.32590896351945503,0.09226410370637092,lost,-1.0
2018_15_TB_BAL,2018,15,spread,away,8.5,-103.0,0.5660524292533378,0.05866326669176136,won,0.970873786407767
2018_15_TEN_NYG,2018,15,moneyline,home,,112.0,0.5609535771150579,0.08925546390751071,lost,-1.0
2018_15_TEN_NYG,2018,15,spread,home,2.5,-110.0,0.6240952578689616,0.10028573405943775,lost,-1.0
2018_15_TEN_NYG,2018,15,total_points,over,42.0,100.0,0.5376282656395308,0.03762826563953081,lost,-1.0
2018_15_WAS_JAX,2018,15,moneyline,away,,296.0,0.431705223913262,0.17917997138800945,won,2.96
2018_15_WAS_JAX,2018,15,spread,away,7.5,-114.0,0.6496270901436905,0.11691680976985874,won,0.8771929824561403
2018_15_WAS_JAX,2018,15,total_points,over,36.0,-110.0,0.7519934067669319,0.2281838829574081,lost,-1.0
2018_15_NO_CAR,2018,15,moneyline,home,,221.0,0.5471634949034206,0.23563701515264185,lost,-1.0
2018_15_NO_CAR,2018,15,spread,home,6.0,-106.0,0.7028516117732084,0.18828850497709193,won,0.9433962264150944
2018_15_NO_CAR,2018,15,total_points,over,50.5,-114.0,0.5955093431144018,0.06279906274057012,lost,-1.0
2018_16_WAS_TEN,2018,16,moneyline,away,,481.0,0.45410504310992916,0.28198800352301007,lost,-1.0
2018_16_WAS_TEN,2018,16,spread,away,12.5,-110.0,0.7832256207985749,0.2594160969890511,won,0.9090909090909091
2018_16_WAS_TEN,2018,16,total_points,over,38.0,102.0,0.6694687554269788,0.17441925047648377,won,1.02
2018_16_ATL_CAR,2018,16,moneyline,home,,133.0,0.5804935334658959,0.15130898410967275,lost,-1.0
2018_16_ATL_CAR,2018,16,spread,home,2.5,106.0,0.6416394186315607,0.1562025254276772,lost,-1.0
2018_16_ATL_CAR,2018,16,total_points,over,46.5,-103.0,0.5886353221948566,0.08124615963328019,lost,-1.0
2018_16_BUF_NE,2018,16,moneyline,away,,560.0,0.20820143052745957,0.05668627901230805,lost,-1.0
2018_16_BUF_NE,2018,16,spread,away,14.0,-114.0,0.5841606936359984,0.051450413262166705,won,0.8771929824561403
2018_16_CHI_SF,2018,16,moneyline,home,,171.0,0.44885967090369777,0.0798559808667974,lost,-1.0
2018_16_CHI_SF,2018,16,total_points,under,44.0,108.0,0.5404446347330343,0.0596754039638035,won,1.08
2018_16_CIN_CLE,2018,16,moneyline,away,,334.0,0.639412423352702,0.4089976768089232,lost,-1.0
2018_16_CIN_CLE,2018,16,spread,away,10.0,-113.0,0.8683087141642936,0.33779228223941093,won,0.8849557522123894
2018_16_CIN_CLE,2018,16,total_points,under,44.0,106.0,0.5365852840038385,0.051148390799955035,push,0.0
2018_16_GB_NYJ,2018,16,moneyline,home,,128.0,0.48100994500276995,0.042413453774699794,lost,-1.0
2018_16_GB_NYJ,2018,16,total_points,under,47.5,102.0,0.5836949908782394,0.08864548592774435,lost,-1.0
2018_16_HOU_PHI,2018,16,moneyline,home,,-123.0,0.6340802221295398,0.08251071540308241,won,0.8130081300813008
2018_16_HOU_PHI,2018,16,spread,home,-1.0,-114.0,0.6038188370600847,0.07110855668625293,won,0.8771929824561403
2018_16_HOU_PHI,2018,16,total_points,under,47.0,-102.0,0.5846822308235089,0.07973173577400394,lost,-1.0
2018_16_JAX_MIA,2018,16,moneyline,away,,139.0,0.5117680474558436,0.09335800561483942,won,1.39
2018_16_JAX_MIA,2018,16,spread,away,3.0,-105.0,0.6001450508790377,0.08794992892781817,won,0.9523809523809523
2018_16_JAX_MIA,2018,16,total_points,over,39.5,102.0,0.626852170517576,0.13180266556708098,lost,-1.0
2018_16_KC_SEA,2018,16,moneyline,home,,105.0,0.5387884066477798,0.05098352859899935,won,1.05
2018_16_KC_SEA,2018,16,spread,home,1.0,-101.0,0.5703161118469472,0.06782854965789242,won,0.9900990099009901
2018_16_KC_SEA,2018,16,total_points,under,54.0,-103.0,0.711790574301523,0.20440141173994664,lost,-1.0
2018_16_LA_ARI,2018,16,moneyline,home,,516.0,0.5256386578054729,0.3633009954678106,lost,-1.0
2018_16_LA_ARI,2018,16,spread,home,14.5,-130.0,0.8646951028193574,0.29947771151500957,lost,-1.0
2018_16_LA_ARI,2018,16,total_points,over,43.0,104.0,0.6153785177401676,0.12518243930879508,lost,-1.0
2018_16_MIN_DET,2018,16,moneyline,home,,236.0,0.45907503596918825,0.16145598835014063,lost,-1.0
2018_16_MIN_DET,2018,16,spread,home,6.5,-114.0,0.6390523065571018,0.10634202618327004,lost,-1.0
2018_16_NYG_IND,2018,16,moneyline,away,,346.0,0.4135801439189867,0.18936489728221537,lost,-1.0
2018_16_NYG_IND,2018,16,spread,away,10.0,-115.0,0.6976352143457498,0.1627514934155173,won,0.8695652173913043
2018_16_NYG_IND,2018,16,total_points,under,48.5,102.0,0.6001364856078464,0.10508698065735134,lost,-1.0
2018_16_PIT_NO,2018,16,moneyline,away,,238.0,0.4721884532128773,0.1763304650471968,lost,-1.0
2018_16_PIT_NO,2018,16,spread,away,6.5,-103.0,0.646375865162409,0.13898670260083257,won,0.970873786407767
2018_16_TB_DAL,2018,16,moneyline,away,,277.0,0.34775727664981554,0.08250528725989509,lost,-1.0
2018_16_TB_DAL,2018,16,total_points,under,48.0,-103.0,0.6159790410470564,0.10858987848547996,won,0.970873786407767
2018_17_ARI_SEA,2018,17,moneyline,away,,603.0,0.3135784802680609,0.1713309695994976,lost,-1.0
2018_17_ARI_SEA,2018,17,spread,away,15.5,101.0,0.7399937715613794,0.24248133375043407,won,1.01
2018_17_ARI_SEA,2018,17,total_points,over,39.5,102.0,0.6229433509835482,0.1278938460330532,won,1.02
2018_17_ATL_TB,2018,17,total_points,under,52.0,-110.0,0.5766183779739832,0.05280885416445935,lost,-1.0
2018_17_CAR_NO,2018,17,moneyline,away,,276.0,0.4138616967910012,0.14790424998249058,won,2.76
2018_17_CAR_NO,2018,17,spread,away,8.0,-115.0,0.6377392262101899,0.10285550527995735,won,0.8695652173913043
2018_17_CAR_NO,2018,17,total_points,over,42.0,-114.0,0.788530176909988,0.2558198965361562,won,0.8771929824561403
2018_17_CHI_MIN,2018,17,spread,home,-6.0,106.0,0.5279627426451813,0.04252584944129778,lost,-1.0
2018_17_CIN_PIT,2018,17,moneyline,away,,512.0,0.3211946722386163,0.1577959794281588,lost,-1.0
2018_17_CIN_PIT,2018,17,spread,away,14.0,-114.0,0.7155711491985914,0.18286086882475971,won,0.8771929824561403
2018_17_CLE_BAL,2018,17,spread,home,-7.0,-108.0,0.6163578419777622,0.09712707274699295,lost,-1.0
2018_17_DAL_NYG,2018,17,moneyline,away,,295.0,0.5178059802641921,0.2646414233021668,won,2.95
2018_17_DAL_NYG,2018,17,spread,away,7.5,102.0,0.7298766335915277,0.2348271286410326,won,1.02
2018_17_DAL_NYG,2018,17,total_points,over,38.5,-102.0,0.5935471115550771,0.08859661650557216,won,0.9803921568627451
2018_17_DET_GB,2018,17,moneyline,away,,284.0,0.39397110033285143,0.13355443366618475,won,2.84
2018_17_DET_GB,2018,17,spread,away,7.5,-103.0,0.6107125514400413,0.10332338887846493,won,0.970873786407767
2018_17_DET_GB,2018,17,total_points,over,44.5,102.0,0.5613354247497288,0.0662859197992337,lost,-1.0
2018_17_IND_TEN,2018,17,moneyline,home,,190.0,0.5670889801116288,0.2222613939047322,lost,-1.0
2018_17_IND_TEN,2018,17,spread,home,5.0,-114.0,0.7046464230403514,0.1719361426665197,lost,-1.0
2018_17_IND_TEN,2018,17,total_points,over,42.5,-103.0,0.560690905386096,0.053301742824519605,won,0.970873786407767
2018_17_JAX_HOU,2018,17,moneyline,away,,274.0,0.4308234124440614,0.16344373329967637,lost,-1.0
2018_17_JAX_HOU,2018,17,spread,away,7.0,-107.0,0.6392786925757985,0.12237048001541206,lost,-1.0
2018_17_JAX_HOU,2018,17,total_points,over,39.5,-102.0,0.5842061752031914,0.07925568015368645,lost,-1.0
2018_17_LAC_DEN,2018,17,moneyline,home,,239.0,0.46291319777516055,0.16792794703769742,lost,-1.0
2018_17_LAC_DEN,2018,17,spread,home,7.0,-119.0,0.6686651896823486,0.12528619424855858,lost,-1.0
2018_17_LAC_DEN,2018,17,total_points,under,43.5,-103.0,0.5820276407658909,0.07463847820431446,won,0.970873786407767
2018_17_MIA_BUF,2018,17,moneyline,away,,222.0,0.3804332564415531,0.06987425023037303,lost,-1.0
2018_17_MIA_BUF,2018,17,total_points,over,39.5,-114.0,0.6107438966550178,0.0780336162811861,won,0.8771929824561403
2018_17_NYJ_NE,2018,17,moneyline,away,,618.0,0.18750428571676067,0.04822851970004757,lost,-1.0
2018_17_NYJ_NE,2018,17,spread,away,14.0,-101.0,0.5536429316271914,0.05115536943813659,lost,-1.0
2018_17_OAK_KC,2018,17,moneyline,away,,586.0,0.24177797562181916,0.09600538086963256,lost,-1.0
2018_17_OAK_KC,2018,17,spread,away,14.5,-115.0,0.6311901875768254,0.09630646664659293,lost,-1.0
2018_17_OAK_KC,2018,17,total_points,under,54.0,-110.0,0.6342199477959024,0.11041042398637857,won,0.9090909090909091
2018_17_PHI_WAS,2018,17,moneyline,home,,218.0,0.4876426611895533,0.17317725238452186,lost,-1.0
2018_17_PHI_WAS,2018,17,spread,home,6.0,-110.0,0.6534183021718256,0.12960877836230178,lost,-1.0
2018_17_PHI_WAS,2018,17,total_points,over,43.0,-117.0,0.6069935686697464,0.06782306175730402,lost,-1.0
2018_17_SF_LA,2018,17,moneyline,away,,385.0,0.24677002089324288,0.04058445388293361,lost,-1.0
2018_17_SF_LA,2018,17,total_points,under,50.5,-110.0,0.60872235627468,0.08491283246515613,lost,-1.0
2019_01_GB_CHI,2019,1,moneyline,away,,160.0,0.4708097234612833,0.08619433884589867,won,1.6
2019_01_GB_CHI,2019,1,spread,away,3.5,-113.0,0.5730126432343768,0.042496211309494214,won,0.8849557522123894
2019_01_GB_CHI,2019,1,total_points,under,47.0,102.0,0.5990952951331049,0.10404579018260984,won,1.02
2019_01_ATL_MIN,2019,1,total_points,under,47.0,101.0,0.5697325514918907,0.07222011368094544,won,1.01
2019_01_BAL_MIA,2019,1,moneyline,home,,263.0,0.4011710842909201,0.12568899062700822,lost,-1.0
2019_01_BAL_MIA,2019,1,spread,home,7.0,-112.0,0.6028388655743281,0.07453697878187526,lost,-1.0
2019_01_BAL_MIA,2019,1,total_points,over,41.0,-105.0,0.5522815459340458,0.04008642398282625,won,0.9523809523809523
2019_01_BUF_NYJ,2019,1,moneyline,away,,135.0,0.4816944850183711,0.05616257012475406,won,1.35
2019_01_BUF_NYJ,2019,1,spread,away,2.5,-101.0,0.549893510092241,0.047405947903186196,won,0.9900990099009901
2019_01_BUF_NYJ,2019,1,total_points,over,41.0,-100.0,0.5607210157683099,0.060721015768309905,lost,-1.0
2019_01_CIN_SEA,2019,1,moneyline,away,,344.0,0.3268497335975868,0.10162450837236156,lost,-1.0
2019_01_CIN_SEA,2019,1,spread,away,9.5,-115.0,0.5901397617767623,0.0552560408465298,won,0.8695652173913043
2019_01_DET_ARI,2019,1,moneyline,home,,133.0,0.5715828516393092,0.14239830228308603,push,0.0
2019_01_DET_ARI,2019,1,spread,home,2.5,108.0,0.6335806528492286,0.15281142207999782,won,1.08
2019_01_KC_JAX,2019,1,total_points,under,49.0,102.0,0.5735659547089649,0.07851644975846983,lost,-1.0
2019_01_LA_CAR,2019,1,moneyline,home,,111.0,0.5752011367649201,0.1012674874758206,lost,-1.0
2019_01_LA_CAR,2019,1,spread,home,1.5,-104.0,0.6158898341349941,0.10608591256636668,lost,-1.0
2019_01_NYG_DAL,2019,1,moneyline,away,,271.0,0.35449355235845276,0.08495177338271154,lost,-1.0
2019_01_NYG_DAL,2019,1,total_points,under,44.0,-104.0,0.5491793655441759,0.039375443975548485,lost,-1.0
2019_01_PIT_NE,2019,1,total_points,under,49.0,-103.0,0.5608551630642902,0.05346600050271377,won,0.970873786407767
2019_01_SF_TB,2019,1,moneyline,home,,-108.0,0.6501878096787619,0.1309570404479926,lost,-1.0
2019_01_SF_TB,2019,1,spread,home,-1.0,-104.0,0.6218906435472059,0.1120867219785785,lost,-1.0
2019_01_SF_TB,2019,1,total_points,under,51.0,-100.0,0.6157787764876,0.11577877648760004,won,1.0
2019_01_TEN_CLE,2019,1,moneyline,away,,206.0,0.5817053262206424,0.2549079405997274,won,2.06
2019_01_TEN_CLE,2019,1,spread,away,5.5,-113.0,0.7257737151179027,0.19525728319302005,won,0.8849557522123894
2019_01_WAS_PHI,2019,1,moneyline,away,,395.0,0.347130121317269,0.14510991929706699,lost,-1.0
2019_01_WAS_PHI,2019,1,spread,away,10.5,-114.0,0.6398670512328327,0.107156770859001,won,0.8771929824561403
2019_01_WAS_PHI,2019,1,total_points,over,44.0,-107.0,0.5571614682020019,0.040253255641615415,won,0.9345794392523364
2019_01_DEN_OAK,2019,1,moneyline,home,,135.0,0.4800186968416217,0.05448678194800466,won,1.35
2019_01_HOU_NO,2019,1,moneyline,away,,273.0,0.35335009545176055,0.08525358070645223,lost,-1.0
2019_01_HOU_NO,2019,1,spread,away,6.5,103.0,0.5282660534553674,0.035655216016943714,won,1.03
2019_01_HOU_NO,2019,1,total_points,under,52.0,105.0,0.5647648484279647,0.07695997037918423,lost,-1.0
2019_02_ARI_BAL,2019,2,moneyline,away,,513.0,0.3608162654968003,0.1976841284658052,lost,-1.0
2019_02_ARI_BAL,2019,2,spread,away,13.0,-110.0,0.721977470122141,0.19816794631261714,won,0.9090909090909091
2019_02_ARI_BAL,2019,2,total_points,under,46.0,100.0,0.569886367379058,0.06988636737905796,won,1.0
2019_02_BUF_NYG,2019,2,moneyline,home,,102.0,0.5354484940602255,0.0403989891097305,lost,-1.0
2019_02_BUF_NYG,2019,2,spread,home,1.0,-103.0,0.5671991421880402,0.05980997962646384,lost,-1.0
2019_02_CHI_DEN,2019,2,moneyline,home,,132.0,0.5936967777766494,0.16266229501802876,lost,-1.0
2019_02_CHI_DEN,2019,2,spread,home,3.0,-114.0,0.6783227902155305,0.14561250984169882,won,0.8771929824561403
2019_02_CHI_DEN,2019,2,total_points,under,41.0,111.0,0.5738853803310985,0.09995173104199895,won,1.11
2019_02_DAL_WAS,2019,2,moneyline,home,,233.0,0.5009343624050692,0.20063406210476886,lost,-1.0
2019_02_DAL_WAS,2019,2,spread,home,6.0,104.0,0.6670842570512697,0.1768881786198972,lost,-1.0
2019_02_DAL_WAS,2019,2,total_points,under,46.5,104.0,0.588824494126841,0.09862841569546849,lost,-1.0
2019_02_IND_TEN,2019,2,moneyline,away,,160.0,0.43494169189576265,0.05032630728037801,won,1.6
2019_02_IND_TEN,2019,2,spread,away,3.0,108.0,0.5202356708896063,0.039466440120375534,won,1.08
2019_02_IND_TEN,2019,2,total_points,over,43.5,-101.0,0.538398468996017,0.035910906806962184,lost,-1.0
2019_02_JAX_HOU,2019,2,moneyline,away,,286.0,0.4182295460780358,0.15916218856508246,lost,-1.0
2019_02_JAX_HOU,2019,2,spread,away,7.5,-122.0,0.6385141176091019,0.08896456805955233,won,0.819672131147541
2019_02_KC_OAK,2019,2,moneyline,home,,252.0,0.3354176353621797,0.051326726271270606,lost,-1.0
2019_02_KC_OAK,2019,2,total_points,under,53.5,107.0,0.6173004712962847,0.13420868385667123,won,1.07
2019_02_LAC_DET,2019,2,moneyline,away,,-107.0,0.5635721228472202,0.04666391028683381,lost,-1.0
2019_02_LAC_DET,2019,2,spread,away,-1.0,102.0,0.5345019060886652,0.03945240113817017,lost,-1.0
2019_02_LAC_DET,2019,2,total_points,under,47.0,-101.0,0.5788275137788265,0.07633995158977169,won,0.9900990099009901
2019_02_MIN_GB,2019,2,moneyline,away,,148.0,0.5208478311107594,0.1176220246591465,lost,-1.0
2019_02_MIN_GB,2019,2,spread,away,3.0,-102.0,0.6091272751747202,0.10417678012521525,lost,-1.0
2019_02_NE_MIA,2019,2,moneyline,home,,880.0,0.23425908677418583,0.13221827044765522,lost,-1.0
2019_02_NE_MIA,2019,2,spread,home,18.0,-109.0,0.7161130589373156,0.19458195845884674,lost,-1.0
2019_02_NE_MIA,2019,2,total_points,under,48.5,101.0,0.5806345399184629,0.08312210210751764,won,1.01
2019_02_PHI_ATL,2019,2,moneyline,home,,-105.0,0.5515842741180833,0.03938915216686378,won,0.9523809523809523
2019_02_PHI_ATL,2019,2,spread,home,1.0,-112.0,0.5823457941327742,0.054043907340321384,won,0.8928571428571429
2019_02_PHI_ATL,2019,2,total_points,under,53.0,-105.0,0.6161931106066209,0.10399798865540133,won,0.9523809523809523
2019_02_SEA_PIT,2019,2,moneyline,away,,175.0,0.4417222186084145,0.07808585497205084,won,1.75
2019_02_SEA_PIT,2019,2,spread,away,4.0,-109.0,0.5616624138960449,0.04013131341757603,won,0.9174311926605505
2019_02_SEA_PIT,2019,2,total_points,under,47.0,-113.0,0.5688907375283794,0.03837430560349675,lost,-1.0
2019_02_SF_CIN,2019,2,moneyline,home,,-107.0,0.7110608403028306,0.19415262774244413,lost,-1.0
2019_02_SF_CIN,2019,2,spread,home,-1.0,100.0,0.6854035703772905,0.1854035703772905,lost,-1.0
2019_02_CLE_NYJ,2019,2,moneyline,home,,241.0,0.6722474846827269,0.3789923527179175,lost,-1.0
2019_02_CLE_NYJ,2019,2,spread,home,6.5,-105.0,0.8158136321338046,0.3036185101825851,lost,-1.0
2019_02_CLE_NYJ,2019,2,total_points,under,45.5,103.0,0.5666965076229379,0.07408567018451423,won,1.03
2019_03_TEN_JAX,2019,3,moneyline,home,,113.0,0.5654549886956861,0.09597142062056874,won,1.13
2019_03_TEN_JAX,2019,3,spread,home,1.5,-101.0,0.6080557647070242,0.10556820251796939,won,0.9900990099009901
2019_03_TEN_JAX,2019,3,total_points,over,38.0,-111.0,0.62029880101058,0.09423245029967953,lost,-1.0
2019_03_ATL_IND,2019,3,moneyline,away,,105.0,0.5285056732078804,0.04070079515909997,lost,-1.0
2019_03_ATL_IND,2019,3,spread,away,1.0,100.0,0.5624261198552916,0.06242611985529156,lost,-1.0
2019_03_BAL_KC,2019,3,total_points,under,52.0,-103.0,0.6532304326483991,0.14584127008682268,lost,-1.0
2019_03_CAR_ARI,2019,3,moneyline,away,,118.0,0.5163030095526185,0.05758741322234329,won,1.18
2019_03_CAR_ARI,2019,3,spread,away,2.5,-114.0,0.5831635919633426,0.05045331158951083,won,0.8771929824561403
2019_03_CIN_BUF,2019,3,moneyline,away,,220.0,0.4698569451012316,0.1573569451012316,lost,-1.0
2019_03_CIN_BUF,2019,3,spread,away,5.5,-104.0,0.6246739405705863,0.11487001900195892,won,0.9615384615384616
2019_03_DEN_GB,2019,3,moneyline,away,,278.0,0.4262354606687618,0.16168519611849724,lost,-1.0
2019_03_DEN_GB,2019,3,spread,away,7.0,-108.0,0.6329088852282008,0.1136781159974315,lost,-1.0
2019_03_HOU_LAC,2019,3,spread,home,-3.0,-115.0,0.5940897600460067,0.059206039115774156,lost,-1.0
2019_03_HOU_LAC,2019,3,total_points,under,49.0,101.0,0.708324594738726,0.21081215692778071,won,1.01
2019_03_LA_CLE,2019,3,spread,away,-4.0,-111.0,0.5806975255342062,0.054631174823305706,won,0.9009009009009009
2019_03_MIA_DAL,2019,3,moneyline,away,,1454.0,0.2805876242955802,0.21623755994551586,lost,-1.0
2019_03_MIA_DAL,2019,3,spread,away,22.0,102.0,0.8498162466857433,0.35476674173524825,lost,-1.0
2019_03_MIA_DAL,2019,3,total_points,under,46.5,-103.0,0.5984575741534471,0.09106841159187073,won,0.970873786407767
2019_03_NO_SEA,2019,3,moneyline,away,,199.0,0.403264052992354,0.06881589245723696,won,1.99
2019_03_NO_SEA,2019,3,total_points,over,44.0,-101.0,0.6807210693895497,0.1782335072004949,won,0.9900990099009901
2019_03_NYG_TB,2019,3,moneyline,away,,202.0,0.44192180040342366,0.1107959725888541,won,2.02
2019_03_NYG_TB,2019,3,spread,away,5.0,-103.0,0.5865216029454182,0.07913244038384182,won,0.970873786407767
2019_03_NYG_TB,2019,3,total_points,under,48.0,101.0,0.5471041309754231,0.04959169316447781,lost,-1.0
2019_03_NYJ_NE,2019,3,moneyline,away,,1203.0,0.16275059358935987,0.08600462275282879,lost,-1.0
2019_03_NYJ_NE,2019,3,spread,away,20.5,-109.0,0.6860709862042114,0.16453988572574252,won,0.9174311926605505
2019_03_NYJ_NE,2019,3,total_points,over,43.0,-107.0,0.5537634158004265,0.0368552032400401,won,0.9345794392523364
2019_03_OAK_MIN,2019,3,moneyline,away,,337.0,0.2754234518146962,0.04659049986961608,lost,-1.0
2019_03_PIT_SF,2019,3,moneyline,away,,239.0,0.6852774789311834,0.3902922281937203,lost,-1.0
2019_03_PIT_SF,2019,3,spread,away,6.0,-104.0,0.8227694204840537,0.31296549891542624,won,0.9615384615384616
2019_03_CHI_WAS,2019,3,moneyline,home,,204.0,0.5554215200775683,0.22647415165651563,lost,-1.0
2019_03_CHI_WAS,2019,3,spread,home,5.0,-107.0,0.6943596157205709,0.17745140316018448,lost,-1.0
2019_04_PHI_GB,2019,4,moneyline,away,,169.0,0.48767544672316027,0.11592823482724951,won,1.69
2019_04_PHI_GB,2019,4,spread,away,3.5,-110.0,0.5877292424299467,0.0639197186204229,won,0.9090909090909091
2019_04_CAR_HOU,2019,4,moneyline,away,,224.0,0.5176192105490756,0.2089772352404336,won,2.24
2019_04_CAR_HOU,2019,4,spread,away,5.5,-100.0,0.6677430890155064,0.16774308901550639,won,1.0
2019_04_CAR_HOU,2019,4,total_points,under,47.5,-106.0,0.5788305043456025,0.06426739754948596,won,0.9433962264150944
2019_04_CLE_BAL,2019,4,spread,home,-7.5,106.0,0.5979420023026479,0.11250510909876443,lost,-1.0
2019_04_CLE_BAL,2019,4,total_points,under,47.0,-104.0,0.627530086165575,0.11772616459694762,lost,-1.0
2019_04_DAL_NO,2019,4,moneyline,home,,127.0,0.5911850403625348,0.15065640600130137,won,1.27
2019_04_DAL_NO,2019,4,spread,home,2.5,-105.0,0.651337073415794,0.13914195146457453,won,0.9523809523809523
2019_04_DAL_NO,2019,4,total_points,over,47.0,-108.0,0.5739057469450497,0.054674977714280426,lost,-1.0
2019_04_JAX_DEN,2019,4,total_points,over,37.0,-102.0,0.5859770549788395,0.0810265599293345,won,0.9803921568627451
2019_04_KC_DET,2019,4,moneyline,home,,307.0,0.3923709873516576,0.1466707416514119,lost,-1.0
2019_04_KC_DET,2019,4,spread,home,7.5,-116.0,0.601677035019094,0.06463999798205688,won,0.8620689655172413
2019_04_KC_DET,2019,4,total_points,under,54.5,101.0,0.6657781294483854,0.16826569163744015,lost,-1.0
2019_04_LAC_MIA,2019,4,moneyline,home,,602.0,0.31802677195762835,0.1755766295074859,lost,-1.0
2019_04_LAC_MIA,2019,4,spread,home,15.0,-107.0,0.7327952068946015,0.2158869943342151,lost,-1.0
2019_04_MIN_CHI,2019,4,moneyline,away,,-108.0,0.5620768262205994,0.04284605698983013,lost,-1.0
2019_04_NE_BUF,2019,4,total_points,over,41.5,-108.0,0.5822713578436023,0.06304058861283302,lost,-1.0
2019_04_OAK_IND,2019,4,moneyline,away,,212.0,0.38343725588423383,0.06292443537141329,won,2.12
2019_04_SEA_ARI,2019,4,moneyline,home,,209.0,0.4314251348611353,0.10780053939187967,lost,-1.0
2019_04_SEA_ARI,2019,4,spread,home,5.5,-103.0,0.5826618012582329,0.07527263869665646,lost,-1.0
2019_04_SEA_ARI,2019,4,total_points,under,49.0,-101.0,0.6341106878434216,0.13162312565436685,won,0.9900990099009901
2019_04_TB_LA,2019,4,moneyline,away,,385.0,0.31678994130826915,0.11060437429795988,won,3.85
2019_04_TB_LA,2019,4,spread,away,9.0,-104.0,0.5609541085053348,0.051150186936707365,won,0.9615384615384616
2019_04_TEN_ATL,2019,4,spread,home,-3.5,102.0,0.5457865389170069,0.05073703396651186,lost,-1.0
2019_04_WAS_NYG,2019,4,moneyline,away,,146.0,0.46771299910209224,0.061208934061441844,lost,-1.0
2019_04_WAS_NYG,2019,4,spread,away,3.0,-101.0,0.5539671857731006,0.051479623584045786,lost,-1.0
2019_04_WAS_NYG,2019,4,total_points,under,48.0,-105.0,0.5808362484782019,0.0686411265269824,won,0.9523809523809523
2019_04_CIN_PIT,2019,4,spread,home,-3.5,101.0,0.5690210368897121,0.07150859907876678,won,1.01
2019_04_CIN_PIT,2019,4,total_points,under,45.5,106.0,0.5265161783137194,0.04107928510983594,won,1.06
2019_05_LA_SEA,2019,5,moneyline,home,,-122.0,0.6110898221483321,0.061540272598782475,won,0.819672131147541
2019_05_LA_SEA,2019,5,spread,home,-1.5,-106.0,0.5663012292650896,0.051738122468973136,lost,-1.0
2019_05_LA_SEA,2019,5,total_points,under,49.0,102.0,0.5556040971258377,0.06055459217534265,lost,-1.0
2019_05_ATL_HOU,2019,5,moneyline,away,,184.0,0.4976064268422858,0.14549375078594778,lost,-1.0
2019_05_ATL_HOU,2019,5,spread,away,4.0,-101.0,0.6173089648362969,0.11482140264724217,lost,-1.0
2019_05_ATL_HOU,2019,5,total_points,under,49.0,-110.0,0.5984889749275275,0.07467945111800367,lost,-1.0
2019_05_BAL_PIT,2019,5,moneyline,home,,160.0,0.6065438105123003,0.2219284258969157,lost,-1.0
2019_05_BAL_PIT,2019,5,spread,home,3.5,-113.0,0.6973342254654058,0.16681779354052317,won,0.8849557522123894
2019_05_BUF_TEN,2019,5,moneyline,away,,162.0,0.4418624574228841,0.06018306810990698,won,1.62
2019_05_BUF_TEN,2019,5,total_points,over,39.5,-111.0,0.5715197496918025,0.04545339898090206,lost,-1.0
2019_05_CHI_OAK,2019,5,moneyline,home,,232.0,0.4892730715484179,0.18806825227130947,won,2.32
2019_05_CHI_OAK,2019,5,spread,home,6.5,-110.0,0.6653236888013597,0.1415141649918359,won,0.9090909090909091
2019_05_CHI_OAK,2019,5,total_points,over,39.5,-105.0,0.5995814935022202,0.08738637155100071,won,0.9523809523809523
2019_05_DEN_LAC,2019,5,total_points,under,46.0,101.0,0.6708991306468671,0.17338669283592184,won,1.01
2019_05_GB_DAL,2019,5,total_points,under,46.5,-107.0,0.5825092319610219,0.06560101940063545,lost,-1.0
2019_05_IND_KC,2019,5,moneyline,away,,407.0,0.27089953643337933,0.073660877656259,won,4.07
2019_05_IND_KC,2019,5,total_points,under,55.5,106.0,0.662076418404808,0.17663952520092452,won,1.06
2019_05_JAX_CAR,2019,5,total_points,over,41.0,-101.0,0.6099972826403841,0.10750972045132934,won,0.9900990099009901
2019_05_MIN_NYG,2019,5,moneyline,home,,213.0,0.4071918801152633,0.08770306222388952,lost,-1.0
2019_05_MIN_NYG,2019,5,spread,home,5.5,105.0,0.5605353892853646,0.07273051123658414,lost,-1.0
2019_05_MIN_NYG,2019,5,total_points,under,44.0,-105.0,0.5866847802977981,0.07448965834657861,won,0.9523809523809523
2019_05_NE_WAS,2019,5,moneyline,home,,695.0,0.2812682680980352,0.1554821045760226,lost,-1.0
2019_05_NE_WAS,2019,5,spread,home,15.5,101.0,0.6968413742066137,0.19932893639566845,lost,-1.0
2019_05_NE_WAS,2019,5,total_points,over,42.0,-102.0,0.6085453360755175,0.10359484102601257,lost,-1.0
2019_05_NYJ_PHI,2019,5,moneyline,away,,587.0,0.29784407677995406,0.15228366921081288,lost,-1.0
2019_05_NYJ_PHI,2019,5,spread,away,14.0,-109.0,0.6876177264989636,0.16608662602049473,lost,-1.0
2019_05_NYJ_PHI,2019,5,total_points,over,43.0,-106.0,0.5635040033149504,0.04894089651883393,lost,-1.0
2019_05_TB_NO,2019,5,moneyline,home,,-148.0,0.6802696054652481,0.08349541191686094,won,0.6756756756756757
2019_05_TB_NO,2019,5,spread,home,-3.0,107.0,0.6076293768947311,0.12453758945511756,won,1.07
2019_05_TB_NO,2019,5,total_points,over,46.0,-109.0,0.7114796015549516,0.18994850107648276,won,0.9174311926605505
2019_05_CLE_SF,2019,5,moneyline,away,,199.0,0.40198026800113534,0.06753210746601829,lost,-1.0
2019_05_CLE_SF,2019,5,spread,away,5.0,101.0,0.5473226370553206,0.0498101992443753,lost,-1.0
2019_05_CLE_SF,2019,5,total_points,under,47.5,-111.0,0.5934947866943273,0.06742843598342685,won,0.9009009009009009
2019_06_NYG_NE,2019,6,moneyline,away,,756.0,0.17606557617552962,0.059243146268987565,lost,-1.0
2019_06_NYG_NE,2019,6,spread,away,16.5,-106.0,0.5947733045120643,0.08021019771594784,lost,-1.0
2019_06_NYG_NE,2019,6,total_points,over,43.0,102.0,0.5648868452010182,0.06983734025052313,won,1.02
2019_06_ATL_ARI,2019,6,moneyline,home,,145.0,0.49733526262461114,0.08917199731848868,won,1.45
2019_06_ATL_ARI,2019,6,spread,home,3.0,-102.0,0.5793654190812887,0.07441492403178374,won,0.9803921568627451
2019_06_ATL_ARI,2019,6,total_points,under,52.5,101.0,0.6221332249390606,0.12462078712811536,lost,-1.0
2019_06_CIN_BAL,2019,6,moneyline,away,,425.0,0.3673064825152097,0.17683029203901923,lost,-1.0
2019_06_CIN_BAL,2019,6,spread,away,10.5,-106.0,0.6655334263534842,0.15097031955736773,won,0.9433962264150944
2019_06_CIN_BAL,2019,6,total_points,under,47.0,-108.0,0.6213587597966174,0.10212799056584809,won,0.9259259259259259
2019_06_DAL_NYJ,2019,6,moneyline,home,,270.0,0.4190922102208747,0.1488219399506044,won,2.7
2019_06_DAL_NYJ,2019,6,spread,home,7.0,-110.0,0.6226327815608991,0.09882325775137524,won,0.9090909090909091
2019_06_DAL_NYJ,2019,6,total_points,under,43.5,102.0,0.551774534929701,0.05672502997920592,lost,-1.0
2019_06_HOU_KC,2019,6,spread,home,-3.5,-103.0,0.6061709453887038,0.09878178282712735,lost,-1.0
2019_06_HOU_KC,2019,6,total_points,under,54.5,-108.0,0.7119324633365028,0.19270169410573357,lost,-1.0
2019_06_NO_JAX,2019,6,moneyline,away,,126.0,0.5421325040374606,0.0996546279312659,won,1.26
2019_06_NO_JAX,2019,6,spread,away,2.5,100.0,0.6073445890011411,0.10734458900114108,won,1.0
2019_06_NO_JAX,2019,6,total_points,over,42.5,-103.0,0.7036344197102491,0.1962452571486727,lost,-1.0
2019_06_PIT_LAC,2019,6,moneyline,away,,220.0,0.45092123966421377,0.13842123966421377,won,2.2
2019_06_PIT_LAC,2019,6,spread,away,6.0,-115.0,0.6220990605247916,0.08721533959455907,won,0.8695652173913043
2019_06_SEA_CLE,2019,6,moneyline,away,,102.0,0.7350180184927589,0.2399685135422639,won,1.02
2019_06_SEA_CLE,2019,6,spread,away,1.0,-104.0,0.7675725875420739,0.2577686659734465,won,0.9615384615384616
2019_06_SEA_CLE,2019,6,total_points,under,45.5,-107.0,0.565625151441718,0.04871693888133155,lost,-1.0
2019_06_SF_LA,2019,6,moneyline,home,,-148.0,0.7257949321624818,0.1290207386140947,lost,-1.0
2019_06_SF_LA,2019,6,spread,home,-3.0,-100.0,0.6565104703797354,0.15651047037973542,lost,-1.0
2019_06_TEN_DEN,2019,6,moneyline,home,,-121.0,0.5852739698932052,0.037762657676010614,won,0.8264462809917356
2019_06_TEN_DEN,2019,6,total_points,under,41.0,-102.0,0.5493268255704865,0.044376330520981555,won,0.9803921568627451
2019_06_WAS_MIA,2019,6,moneyline,home,,210.0,0.46256834580596473,0.13998770064467442,lost,-1.0
2019_06_WAS_MIA,2019,6,spread,home,6.0,-109.0,0.6291678574324752,0.10763675695400632,won,0.9174311926605505
2019_06_WAS_MIA,2019,6,total_points,over,42.0,-106.0,0.5812020238471896,0.06663891705107305,lost,-1.0
2019_06_DET_GB,2019,6,moneyline,away,,176.0,0.41790104321440613,0.05558220263469599,lost,-1.0
2019_07_KC_DEN,2019,7,total_points,under,49.5,-111.0,0.6391318426067392,0.1130654918958387,won,0.9009009009009009
2019_07_ARI_NYG,2019,7,moneyline,away,,168.0,0.4957770667520219,0.1226427383938129,won,1.68
2019_07_ARI_NYG,2019,7,spread,away,3.5,-106.0,0.5966272213294013,0.08206411453328477,won,0.9433962264150944
2019_07_ARI_NYG,2019,7,total_points,under,49.5,-101.0,0.6250650128360193,0.12257745064696457,won,0.9900990099009901
2019_07_BAL_SEA,2019,7,total_points,under,49.0,105.0,0.6536515539923577,0.16584667594357727,won,1.05
2019_07_HOU_IND,2019,7,total_points,under,46.5,100.0,0.5505791400892631,0.05057914008926312,lost,-1.0
2019_07_JAX_CIN,2019,7,moneyline,home,,189.0,0.5674562999343229,0.22143553868864818,lost,-1.0
2019_07_JAX_CIN,2019,7,spread,home,4.0,105.0,0.6833310025799364,0.19552612453115592,lost,-1.0
2019_07_JAX_CIN,2019,7,total_points,under,44.5,100.0,0.5746035045093923,0.07460350450939235,won,1.0
2019_07_LAC_TEN,2019,7,moneyline,away,,141.0,0.5827997096373368,0.16786195030123724,lost,-1.0
2019_07_LAC_TEN,2019,7,spread,away,3.0,-107.0,0.6703871751517597,0.15347896259137328,push,0.0
2019_07_LA_ATL,2019,7,moneyline,home,,139.0,0.5409139130338637,0.12250387119285955,lost,-1.0
2019_07_LA_ATL,2019,7,spread,home,3.0,-105.0,0.6216311960350411,0.10943607408382161,lost,-1.0
2019_07_LA_ATL,2019,7,total_points,under,54.5,-107.0,0.5962792485822944,0.07937103602190798,won,0.9345794392523364
2019_07_MIA_BUF,2019,7,moneyline,away,,793.0,0.3284194600320099,0.21643737716526856,lost,-1.0
2019_07_MIA_BUF,2019,7,spread,away,17.0,-103.0,0.7907668445887185,0.2833776820271421,won,0.970873786407767
2019_07_MIN_DET,2019,7,total_points,under,43.5,102.0,0.5390866807220316,0.04403717577153654,lost,-1.0
2019_07_NO_CHI,2019,7,moneyline,away,,188.0,0.5439611637593085,0.19673894153708626,won,1.88
2019_07_NO_CHI,2019,7,spread,away,4.0,100.0,0.6606451293776555,0.16064512937765552,won,1.0
2019_07_NO_CHI,2019,7,total_points,over,37.0,-111.0,0.7846455503990166,0.25857919968811616,won,0.9009009009009009
2019_07_OAK_GB,2019,7,total_points,under,48.0,101.0,0.5350712603465778,0.03755882253563253,lost,-1.0
2019_07_PHI_DAL,2019,7,moneyline,away,,148.0,0.47119728998277927,0.06797148353116639,lost,-1.0
2019_07_PHI_DAL,2019,7,spread,away,3.0,101.0,0.5580738813174947,0.060561443506549406,lost,-1.0
2019_07_PHI_DAL,2019,7,total_points,under,50.0,-106.0,0.6624685164948731,0.14790540969875665,won,0.9433962264150944
2019_07_SF_WAS,2019,7,moneyline,home,,350.0,0.6219737062604361,0.3997514840382139,lost,-1.0
2019_07_SF_WAS,2019,7,spread,home,10.0,-106.0,0.8518263104035954,0.33726320360747886,won,0.9433962264150944
2019_07_SF_WAS,2019,7,total_points,over,39.0,-111.0,0.6682237962728601,0.14215744556195964,lost,-1.0
2019_08_WAS_MIN,2019,8,moneyline,away,,729.0,0.2937118310726884,0.17308456931153038,lost,-1.0
2019_08_WAS_MIN,2019,8,spread,away,16.5,-104.0,0.7418293275968756,0.23202540602824817,won,0.9615384615384616
2019_08_ARI_NO,2019,8,moneyline,away,,467.0,0.35690611884641815,0.18053927581290846,lost,-1.0
2019_08_ARI_NO,2019,8,spread,away,12.5,-108.0,0.6880710840832278,0.16884031485245854,lost,-1.0
2019_08_ARI_NO,2019,8,total_points,over,47.5,-101.0,0.6013886966329,0.09890113444384518,lost,-1.0
2019_08_CAR_SF,2019,8,moneyline,away,,184.0,0.6371019306455119,0.2849892545891739,lost,-1.0
2019_08_CAR_SF,2019,8,spread,away,4.5,-112.0,0.7535085943790363,0.22520670758658345,lost,-1.0
2019_08_CAR_SF,2019,8,total_points,over,41.0,-114.0,0.6449255945820088,0.1122153142081771,won,0.8771929824561403
2019_08_CIN_LA,2019,8,moneyline,away,,467.0,0.36970020847835106,0.19333336544484137,lost,-1.0
2019_08_CIN_LA,2019,8,spread,away,12.0,-112.0,0.7021538814876195,0.17385199469516666,lost,-1.0
2019_08_CIN_LA,2019,8,total_points,under,48.5,105.0,0.5630991398868402,0.07529426183805976,won,1.05
2019_08_CLE_NE,2019,8,spread,home,-9.5,-103.0,0.7264636881455423,0.2190745255839659,won,0.970873786407767
2019_08_DEN_IND,2019,8,moneyline,away,,209.0,0.4661113775369645,0.14248678206770887,lost,-1.0
2019_08_DEN_IND,2019,8,spread,away,6.0,-117.0,0.63833166155655,0.09916115464410757,won,0.8547008547008547
2019_08_GB_KC,2019,8,moneyline,home,,202.0,0.6792972500755695,0.34817142226099995,lost,-1.0
2019_08_GB_KC,2019,8,spread,home,5.0,-102.0,0.7962090377557068,0.2912585427062019,lost,-1.0
2019_08_LAC_CHI,2019,8,moneyline,away,,163.0,0.5704444545256997,0.19021631764357044,won,1.63
2019_08_LAC_CHI,2019,8,spread,away,3.5,-107.0,0.6701258801611815,0.15321766760079503,won,0.9345794392523364
2019_08_NYG_DET,2019,8,moneyline,away,,232.0,0.3938875264011923,0.09268270712408383,lost,-1.0
2019_08_NYG_DET,2019,8,spread,away,6.5,-113.0,0.5745440020918706,0.044027570166987995,won,0.8849557522123894
2019_08_NYG_DET,2019,8,total_points,under,49.0,100.0,0.6012707364695583,0.10127073646955831,lost,-1.0
2019_08_NYJ_JAX,2019,8,moneyline,away,,254.0,0.35980979560935905,0.07732391990314436,lost,-1.0
2019_08_NYJ_JAX,2019,8,total_points,over,39.5,-109.0,0.578776570968272,0.05724547048980311,won,0.9174311926605505
2019_08_OAK_HOU,2019,8,total_points,under,52.0,-110.0,0.6969203052306308,0.17311078142110692,won,0.9090909090909091
2019_08_PHI_BUF,2019,8,moneyline,away,,111.0,0.5243864402240184,0.050452790934918834,won,1.11
2019_08_PHI_BUF,2019,8,spread,away,1.0,102.0,0.5593455455345029,0.06429604058400784,won,1.02
2019_08_PHI_BUF,2019,8,total_points,over,39.5,-117.0,0.6476925189027927,0.10852201199035028,won,0.8547008547008547
2019_08_SEA_ATL,2019,8,moneyline,home,,275.0,0.4734779880181646,0.20681132135149793,lost,-1.0
2019_08_SEA_ATL,2019,8,spread,home,7.5,-117.0,0.6793805641069555,0.14021005719451307,won,0.8547008547008547
2019_08_MIA_PIT,2019,8,moneyline,away,,491.0,0.21312363258839415,0.043918894855737634,lost,-1.0
2019_08_MIA_PIT,2019,8,spread,away,14.0,-107.0,0.5859626805541527,0.06905446799376624,won,0.9345794392523364
2019_09_SF_ARI,2019,9,moneyline,home,,365.0,0.6332765537014697,0.4182227902606095,lost,-1.0
2019_09_SF_ARI,2019,9,spread,home,10.5,-111.0,0.8616570288684763,0.3355906781575758,won,0.9009009009009009
2019_09_CHI_PHI,2019,9,total_points,over,41.0,-109.0,0.5594838928788906,0.03795279240042171,lost,-1.0
2019_09_CLE_DEN,2019,9,moneyline,home,,173.0,0.7290273922320526,0.3627270259316863,won,1.73
2019_09_CLE_DEN,2019,9,spread,home,4.0,-108.0,0.8248242552544429,0.30559348602367364,won,0.9259259259259259
2019_09_DET_OAK,2019,9,moneyline,away,,129.0,0.5208504846978234,0.08416926199039976,lost,-1.0
2019_09_DET_OAK,2019,9,spread,away,2.5,104.0,0.587396568090683,0.09720048965931044,lost,-1.0
2019_09_DET_OAK,2019,9,total_points,under,51.5,-106.0,0.6217859778900415,0.10722287109392503,lost,-1.0
2019_09_GB_LAC,2019,9,moneyline,home,,184.0,0.6275518510479967,0.2754391749916587,won,1.84
2019_09_GB_LAC,2019,9,spread,home,4.0,100.0,0.7366706934179689,0.23667069341796887,won,1.0
2019_09_GB_LAC,2019,9,total_points,under,50.0,-109.0,0.6628073434511031,0.1412762429726343,won,0.9174311926605505
2019_09_HOU_JAX,2019,9,total_points,under,46.0,-106.0,0.6093822841702208,0.09481917737410428,won,0.9433962264150944
2019_09_IND_PIT,2019,9,moneyline,home,,-117.0,0.6907510235108058,0.15158051659836336,won,0.8547008547008547
2019_09_IND_PIT,2019,9,spread,home,-1.0,-111.0,0.6645320258437656,0.13846567513286512,won,0.9009009009009009
2019_09_IND_PIT,2019,9,total_points,over,39.5,-109.0,0.6935969055299913,0.17206580505152247,won,0.9174311926605505
2019_09_MIN_KC,2019,9,moneyline,home,,198.0,0.6021218538603004,0.26655138406164264,won,1.98
2019_09_MIN_KC,2019,9,spread,home,5.5,-109.0,0.7386802766142104,0.21714917613574158,won,0.9174311926605505
2019_09_NE_BAL,2019,9,spread,away,-3.0,100.0,0.5566106290239313,0.056610629023931325,lost,-1.0
2019_09_NYJ_MIA,2019,9,moneyline,home,,167.0,0.5158387031997739,0.14130686799378134,won,1.67
2019_09_NYJ_MIA,2019,9,spread,home,3.5,-107.0,0.6134015844150752,0.09649337185468876,won,0.9345794392523364
2019_09_TB_SEA,2019,9,spread,home,-4.0,-105.0,0.616347394568497,0.10415227261727744,won,0.9523809523809523
2019_09_TB_SEA,2019,9,total_points,under,51.0,107.0,0.6039890906318377,0.12089730319222419,lost,-1.0
2019_09_TEN_CAR,2019,9,spread,home,-3.5,-101.0,0.5520622562484885,0.04957469405943371,won,0.9900990099009901
2019_09_TEN_CAR,2019,9,total_points,over,43.0,-107.0,0.5532125876878361,0.03630437512744966,won,0.9345794392523364
2019_09_WAS_BUF,2019,9,moneyline,away,,368.0,0.4161236078519832,0.20244839417676955,lost,-1.0
2019_09_WAS_BUF,2019,9,spread,away,10.5,-112.0,0.7103586490398853,0.1820567622474325,lost,-1.0
2019_09_WAS_BUF,2019,9,total_points,over,37.0,-107.0,0.6663077172587857,0.14939950469839924,lost,-1.0
2019_09_DAL_NYG,2019,9,moneyline,home,,255.0,0.4395429430662518,0.15785280222118137,lost,-1.0
2019_09_DAL_NYG,2019,9,spread,home,6.5,-109.0,0.6187007130736135,0.09716961259514467,lost,-1.0
2019_09_DAL_NYG,2019,9,total_points,under,48.5,102.0,0.6619966966067107,0.16694719165621563,lost,-1.0
2019_10_LAC_OAK,2019,10,moneyline,away,,-117.0,0.6317910053143787,0.09262049840193631,lost,-1.0
2019_10_LAC_OAK,2019,10,spread,away,-1.0,-110.0,0.6054719600414249,0.08166243623190106,lost,-1.0
2019_10_LAC_OAK,2019,10,total_points,under,49.0,-103.0,0.6348051479544669,0.12741598539289045,lost,-1.0
2019_10_ARI_TB,2019,10,moneyline,away,,207.0,0.4883243914344654,0.1625914924116641,lost,-1.0
2019_10_ARI_TB,2019,10,spread,away,5.5,100.0,0.6381759719225586,0.1381759719225586,won,1.0
2019_10_ARI_TB,2019,10,total_points,under,51.0,-113.0,0.5764430553735544,0.04592662344867182,lost,-1.0
2019_10_ATL_NO,2019,10,moneyline,away,,503.0,0.3904948940903039,0.22465741481998883,won,5.03
2019_10_ATL_NO,2019,10,spread,away,14.0,-114.0,0.7563883940266234,0.22367811365279167,won,0.8771929824561403
2019_10_ATL_NO,2019,10,total_points,over,51.5,-101.0,0.567182819292913,0.06469525710385826,lost,-1.0
2019_10_BAL_CIN,2019,10,moneyline,home,,358.0,0.4598180986901845,0.24147748733647267,lost,-1.0
2019_10_BAL_CIN,2019,10,spread,home,10.5,-114.0,0.7440791589365898,0.2113688785627581,lost,-1.0
2019_10_BUF_CLE,2019,10,moneyline,away,,136.0,0.6072171028103149,0.18348828925099292,lost,-1.0
2019_10_BUF_CLE,2019,10,spread,away,3.0,-108.0,0.6928983064747664,0.17366753724399708,push,0.0
2019_10_CAR_GB,2019,10,moneyline,away,,200.0,0.49407686779299875,0.16074353445966544,lost,-1.0
2019_10_CAR_GB,2019,10,spread,away,5.0,-100.0,0.6366021369280718,0.13660213692807177,lost,-1.0
2019_10_DET_CHI,2019,10,moneyline,away,,235.0,0.4540718162140459,0.15556435352747877,lost,-1.0
2019_10_DET_CHI,2019,10,spread,away,6.0,101.0,0.6260655478440472,0.12855311003310194,lost,-1.0
2019_10_DET_CHI,2019,10,total_points,over,38.0,103.0,0.6368247535028416,0.14421391606441797,lost,-1.0
2019_10_KC_TEN,2019,10,moneyline,home,,205.0,0.3706271805083029,0.04275832804928653,won,2.05
2019_10_KC_TEN,2019,10,total_points,under,49.0,-104.0,0.5870311493822566,0.07722722781362923,lost,-1.0
2019_10_LA_PIT,2019,10,moneyline,home,,189.0,0.6013973636354004,0.2553766023897257,won,1.89
2019_10_LA_PIT,2019,10,spread,home,4.0,103.0,0.7106980601086463,0.21808722267022268,won,1.03
2019_10_LA_PIT,2019,10,total_points,over,43.0,103.0,0.646903260224049,0.15429242278562533,lost,-1.0
2019_10_MIA_IND,2019,10,moneyline,away,,390.0,0.3310579764553567,0.12697634380229544,won,3.9
2019_10_MIA_IND,2019,10,spread,away,11.0,-109.0,0.6430953507685155,0.1215642502900467,won,0.9174311926605505
2019_10_MIN_DAL,2019,10,moneyline,away,,160.0,0.4970264422189906,0.11241105760360598,won,1.6
2019_10_MIN_DAL,2019,10,spread,away,3.5,-113.0,0.6009388781001875,0.07042244617530491,won,0.8849557522123894
2019_10_MIN_DAL,2019,10,total_points,under,48.5,100.0,0.7343866144062229,0.23438661440622288,lost,-1.0
2019_10_NYG_NYJ,2019,10,moneyline,home,,133.0,0.5207499396656354,0.09156539030941224,won,1.33
2019_10_NYG_NYJ,2019,10,spread,home,3.0,-115.0,0.6047954131280198,0.06991169219778726,won,0.8695652173913043
2019_10_SEA_SF,2019,10,moneyline,away,,233.0,0.6540048958392533,0.35370459553895295,won,2.33
2019_10_SEA_SF,2019,10,spread,away,6.5,-104.0,0.8037990681527538,0.2939951465841264,won,0.9615384615384616
2019_10_SEA_SF,2019,10,total_points,under,47.0,-104.0,0.5690753493760149,0.05927142780738748,lost,-1.0
2019_11_PIT_CLE,2019,11,moneyline,away,,146.0,0.7332933956305318,0.32678933058988135,lost,-1.0
2019_11_PIT_CLE,2019,11,spread,away,3.0,101.0,0.8056772650735649,0.30816482726261957,lost,-1.0
2019_11_PIT_CLE,2019,11,total_points,over,41.5,-103.0,0.5739774964411483,0.06658833387957186,lost,-1.0
2019_11_ARI_SF,2019,11,moneyline,away,,353.0,0.52188793405654,0.3011373821801603,lost,-1.0
2019_11_ARI_SF,2019,11,spread,away,10.0,-113.0,0.7851663206455519,0.2546498887206693,push,0.0
2019_11_ARI_SF,2019,11,total_points,over,44.0,103.0,0.5331789209755603,0.040568083537136645,won,1.03
2019_11_ATL_CAR,2019,11,moneyline,away,,177.0,0.4174830001914931,0.05647216986658332,won,1.77
2019_11_BUF_MIA,2019,11,moneyline,home,,263.0,0.4361041591645741,0.16062206550066227,lost,-1.0
2019_11_BUF_MIA,2019,11,spread,home,7.0,-101.0,0.6384903188426988,0.13600275665364403,lost,-1.0
2019_11_CHI_LA,2019,11,total_points,over,40.0,-102.0,0.6186343249258006,0.11368382987629566,lost,-1.0
2019_11_CIN_OAK,2019,11,moneyline,away,,474.0,0.49953612222292587,0.3253200943483614,lost,-1.0
2019_11_CIN_OAK,2019,11,spread,away,13.0,-108.0,0.8267777309937971,0.30754696176302787,won,0.9259259259259259
2019_11_CIN_OAK,2019,11,total_points,under,48.0,-106.0,0.585178238234088,0.07061513143797149,won,0.9433962264150944
2019_11_DAL_DET,2019,11,moneyline,home,,310.0,0.48843200585647784,0.2445295668320876,lost,-1.0
2019_11_DAL_DET,2019,11,spread,home,7.5,-113.0,0.6969937122308657,0.16647728030598308,lost,-1.0
2019_11_DAL_DET,2019,11,total_points,under,46.5,101.0,0.5663072380666687,0.06879480025572343,lost,-1.0
2019_11_DEN_MIN,2019,11,moneyline,away,,341.0,0.3324015081946221,0.10564413858010963,lost,-1.0
2019_11_DEN_MIN,2019,11,spread,away,10.0,-119.0,0.626981074206028,0.08360207877223802,won,0.8403361344537815
2019_11_DEN_MIN,2019,11,total_points,under,40.5,-100.0,0.5781898002960041,0.07818980029600409,lost,-1.0
2019_11_HOU_BAL,2019,11,total_points,under,51.0,-105.0,0.7234038661051057,0.21120874415388613,won,0.9523809523809523
2019_11_NO_TB,2019,11,moneyline,home,,202.0,0.4120255865844084,0.08089975876983885,lost,-1.0
2019_11_NO_TB,2019,11,spread,home,5.0,-102.0,0.5470052805168938,0.04205478546738883,lost,-1.0
2019_11_NO_TB,2019,11,total_points,over,50.5,102.0,0.5935811620808495,0.0985316571303545,won,1.02
2019_11_NYJ_WAS,2019,11,moneyline,home,,-122.0,0.6014855669917633,0.051936017442213656,lost,-1.0
2019_11_NYJ_WAS,2019,11,spread,home,-1.0,-114.0,0.5698734706719035,0.0371631902980718,lost,-1.0
2019_11_NYJ_WAS,2019,11,total_points,over,37.5,-108.0,0.6520630168414374,0.13283224761066814,won,0.9259259259259259
2019_11_KC_LAC,2019,11,moneyline,home,,213.0,0.504682057972052,0.18519324008067822,lost,-1.0
2019_11_KC_LAC,2019,11,spread,home,5.5,-104.0,0.6515970843560632,0.1417931627874358,lost,-1.0
2019_11_KC_LAC,2019,11,total_points,under,52.5,-106.0,0.6681907991842113,0.15362769238809482,won,0.9433962264150944
2019_12_IND_HOU,2019,12,moneyline,away,,164.0,0.42578202263525183,0.04699414384737305,lost,-1.0
2019_12_CAR_NO,2019,12,moneyline,away,,374.0,0.4186353010793395,0.2076648369443184,lost,-1.0
2019_12_CAR_NO,2019,12,spread,away,10.0,-108.0,0.6886496767346922,0.16941890750392297,won,0.9259259259259259
2019_12_CAR_NO,2019,12,total_points,over,46.0,106.0,0.6777156696499448,0.19227877644606128,won,1.06
2019_12_DAL_NE,2019,12,spread,home,-5.5,-102.0,0.6025730084321884,0.09762251338268346,lost,-1.0
2019_12_DEN_BUF,2019,12,moneyline,away,,170.0,0.4558785313514452,0.08550816098107483,lost,-1.0
2019_12_DEN_BUF,2019,12,spread,away,3.5,-106.0,0.5610165217725526,0.04645341497643607,lost,-1.0
2019_12_DEN_BUF,2019,12,total_points,over,37.0,104.0,0.5701548114804287,0.07995873304905615,lost,-1.0
2019_12_DET_WAS,2019,12,moneyline,home,,169.0,0.508521004570289,0.13677379267437828,won,1.69
2019_12_DET_WAS,2019,12,spread,home,4.0,-109.0,0.6246652208177834,0.10313412033931457,won,0.9174311926605505
2019_12_DET_WAS,2019,12,total_points,over,39.0,-102.0,0.6811676479402954,0.17621715289079043,lost,-1.0
2019_12_GB_SF,2019,12,moneyline,away,,156.0,0.5610362090478069,0.17041120904780693,lost,-1.0
2019_12_GB_SF,2019,12,spread,away,3.0,111.0,0.6469259376328839,0.17299228834378433,lost,-1.0
2019_12_GB_SF,2019,12,total_points,under,48.0,-102.0,0.5606657771612095,0.05571528211170451,won,0.9803921568627451
2019_12_JAX_TEN,2019,12,moneyline,away,,198.0,0.45146491611539585,0.11589444631673812,lost,-1.0
2019_12_JAX_TEN,2019,12,spread,away,4.5,103.0,0.5881974623920638,0.09558662495364018,lost,-1.0
2019_12_MIA_CLE,2019,12,moneyline,away,,365.0,0.47655428154333834,0.2615005181024781,lost,-1.0
2019_12_MIA_CLE,2019,12,spread,away,11.0,-113.0,0.7779785016274513,0.24746206970256868,lost,-1.0
2019_12_MIA_CLE,2019,12,total_points,under,45.5,-106.0,0.5634325774096676,0.04886947061355107,lost,-1.0
2019_12_NYG_CHI,2019,12,moneyline,away,,220.0,0.39434162279121,0.08184162279120999,lost,-1.0
2019_12_NYG_CHI,2019,12,spread,away,6.0,-110.0,0.5665697915984486,0.04276026778892472,won,0.9090909090909091
2019_12_OAK_NYJ,2019,12,moneyline,home,,158.0,0.5349681551278404,0.14737125590303413,won,1.58
2019_12_OAK_NYJ,2019,12,spread,home,3.5,-112.0,0.6306303593191431,0.1023284725266903,won,0.8928571428571429
2019_12_PIT_CIN,2019,12,moneyline,home,,199.0,0.4091614595946044,0.07471329905948737,lost,-1.0
2019_12_PIT_CIN,2019,12,spread,home,5.5,-104.0,0.5606947810430419,0.05089085947441452,lost,-1.0
2019_12_PIT_CIN,2019,12,total_points,over,37.5,-109.0,0.6685344301605357,0.14700332968206686,lost,-1.0
2019_12_TB_ATL,2019,12,spread,home,-3.5,-100.0,0.5617964157065274,0.061796415706527386,lost,-1.0
2019_12_BAL_LA,2019,12,moneyline,home,,145.0,0.527192036628385,0.11902877132226253,lost,-1.0
2019_12_BAL_LA,2019,12,spread,home,3.5,-124.0,0.6225565363177954,0.06898510774636679,lost,-1.0
2019_13_BUF_DAL,2019,13,moneyline,away,,256.0,0.38175846559625054,0.10085958919175614,won,2.56
2019_13_BUF_DAL,2019,13,spread,away,6.5,104.0,0.5661974412372066,0.07600136280583408,won,1.04
2019_13_BUF_DAL,2019,13,total_points,under,46.5,-109.0,0.6438713026743423,0.1223402021958735,won,0.9174311926605505
2019_13_CHI_DET,2019,13,moneyline,home,,203.0,0.5598505214187209,0.2298175181183909,lost,-1.0
2019_13_CHI_DET,2019,13,spread,home,5.5,-106.0,0.7037974776256148,0.18923437082949834,won,0.9433962264150944
2019_13_CHI_DET,2019,13,total_points,over,37.5,-108.0,0.632775327125778,0.11354455789500872,won,0.9259259259259259
2019_13_NO_ATL,2019,13,moneyline,home,,272.0,0.5054121477107545,0.23659494340967924,lost,-1.0
2019_13_NO_ATL,2019,13,spread,home,7.0,-104.0,0.6916273718761896,0.1818234503075622,lost,-1.0
2019_13_NO_ATL,2019,13,total_points,over,48.0,-108.0,0.6580256978285671,0.13879492859779785,lost,-1.0
2019_13_CLE_PIT,2019,13,moneyline,home,,103.0,0.8046965749705516,0.3120857375321279,won,1.03
2019_13_CLE_PIT,2019,13,spread,home,1.0,-103.0,0.8304727616434171,0.3230835990818407,won,0.970873786407767
2019_13_CLE_PIT,2019,13,total_points,over,40.0,-102.0,0.6176808696536245,0.1127303746041195,lost,-1.0
2019_13_GB_NYG,2019,13,moneyline,home,,223.0,0.4661552112898451,0.15655768807003084,lost,-1.0
2019_13_GB_NYG,2019,13,spread,home,6.5,-113.0,0.6412571603316147,0.1107407284067321,lost,-1.0
2019_13_GB_NYG,2019,13,total_points,over,43.5,-104.0,0.5708905102062792,0.06108658863765182,won,0.9615384615384616
2019_13_LAC_DEN,2019,13,moneyline,home,,183.0,0.44570382802436714,0.09234693756500317,won,1.83
2019_13_LAC_DEN,2019,13,spread,home,4.5,-107.0,0.581101122022649,0.06419290946226253,won,0.9345794392523364
2019_13_LA_ARI,2019,13,spread,home,2.5,-100.0,0.5394407021086617,0.039440702108661685,lost,-1.0
2019_13_NE_HOU,2019,13,spread,away,-3.5,106.0,0.5984844814443491,0.11304758824046557,lost,-1.0
2019_13_NE_HOU,2019,13,total_points,under,47.0,-104.0,0.5986063267084778,0.08880240513985038,lost,-1.0
2019_13_NYJ_CIN,2019,13,moneyline,home,,111.0,0.6117330920581645,0.13779944276906497,won,1.11
2019_13_NYJ_CIN,2019,13,spread,home,2.5,-112.0,0.6723548642163634,0.14405297742391054,won,0.8928571428571429
2019_13_PHI_MIA,2019,13,moneyline,home,,382.0,0.3535933572706527,0.14612447760260291,won,3.82
2019_13_PHI_MIA,2019,13,spread,home,10.5,-110.0,0.6440377046650787,0.12022818085555487,won,0.9090909090909091
2019_13_SF_BAL,2019,13,spread,home,-5.5,-110.0,0.5921827458245253,0.06837322201500151,lost,-1.0
2019_13_TB_JAX,2019,13,moneyline,home,,140.0,0.5835011387702529,0.1668344721035862,lost,-1.0
2019_13_TB_JAX,2019,13,spread,home,3.0,-105.0,0.6649265858462746,0.1527314638950551,lost,-1.0
2019_13_TEN_IND,2019,13,moneyline,home,,-101.0,0.560767166821259,0.058279604632204274,lost,-1.0
2019_13_TEN_IND,2019,13,spread,home,1.0,-108.0,0.5927083693561643,0.07347760012539506,lost,-1.0
2019_13_TEN_IND,2019,13,total_points,over,41.5,-105.0,0.565743449148734,0.053548327197514456,won,0.9523809523809523
2019_13_WAS_CAR,2019,13,moneyline,away,,391.0,0.3325904150422722,0.12892442726223147,won,3.91
2019_13_WAS_CAR,2019,13,spread,away,10.5,-110.0,0.6247214924404783,0.10091196863095442,won,0.9090909090909091
2019_13_WAS_CAR,2019,13,total_points,over,38.5,102.0,0.7075956022677312,0.21254609731723617,won,1.02
2019_13_MIN_SEA,2019,13,total_points,under,48.0,-102.0,0.6788876869419124,0.17393719189240742,lost,-1.0
2019_14_DAL_CHI,2019,14,moneyline,home,,150.0,0.4852341086813406,0.08523410868134057,won,1.5
2019_14_DAL_CHI,2019,14,spread,home,3.0,-101.0,0.5707549262730999,0.0682673640840451,won,0.9900990099009901
2019_14_DAL_CHI,2019,14,total_points,under,43.0,-103.0,0.5978312727874823,0.09044211022590587,lost,-1.0
2019_14_BAL_BUF,2019,14,moneyline,home,,230.0,0.4364751477164424,0.13344484468613937,lost,-1.0
2019_14_BAL_BUF,2019,14,spread,home,6.5,-110.0,0.6159791685442408,0.092169644734717,lost,-1.0
2019_14_BAL_BUF,2019,14,total_points,under,44.0,-104.0,0.5466441684346888,0.036840246866061355,won,0.9615384615384616
2019_14_CAR_ATL,2019,14,moneyline,away,,161.0,0.4640887205071465,0.08094695805503921,lost,-1.0
2019_14_CAR_ATL,2019,14,spread,away,3.5,-110.0,0.5626216455390407,0.03881212172951687,lost,-1.0
2019_14_CAR_ATL,2019,14,total_points,over,48.0,-104.0,0.5512112260356608,0.041407304467033335,won,0.9615384615384616
2019_14_CIN_CLE,2019,14,moneyline,away,,234.0,0.5881286881460391,0.28872749054124874,lost,-1.0
2019_14_CIN_CLE,2019,14,spread,away,6.5,-112.0,0.7541940187624022,0.2258921319699494,lost,-1.0
2019_14_DEN_HOU,2019,14,moneyline,away,,325.0,0.43066669623456366,0.19537257858750484,won,3.25
2019_14_DEN_HOU,2019,14,spread,away,8.0,-103.0,0.668834960431031,0.16144579786945457,won,0.970873786407767
2019_14_DEN_HOU,2019,14,total_points,under,42.5,-105.0,0.5827168255317076,0.07052170358048804,lost,-1.0
2019_14_DET_MIN,2019,14,moneyline,away,,463.0,0.32770625964372674,0.1500863662156628,lost,-1.0
2019_14_DET_MIN,2019,14,spread,away,12.0,-117.0,0.6668202286102416,0.1276497216977992,lost,-1.0
2019_14_IND_TB,2019,14,moneyline,away,,149.0,0.4794140845165794,0.07780765881376817,lost,-1.0
2019_14_IND_TB,2019,14,spread,away,3.0,101.0,0.5642754251514208,0.06676298734047553,push,0.0
2019_14_IND_TB,2019,14,total_points,over,46.5,-106.0,0.5703309219916142,0.05576781519549767,won,0.9433962264150944
2019_14_KC_NE,2019,14,moneyline,home,,-150.0,0.6375622482785752,0.03756224827857524,lost,-1.0
2019_14_KC_NE,2019,14,spread,home,-3.0,-103.0,0.5586001946322876,0.051211032070711204,lost,-1.0
2019_14_KC_NE,2019,14,total_points,under,49.5,103.0,0.5291600238023508,0.03654918636392718,won,1.03
2019_14_LAC_JAX,2019,14,moneyline,home,,160.0,0.4212489294895312,0.03663354487414655,lost,-1.0
2019_14_MIA_NYJ,2019,14,moneyline,away,,189.0,0.3947686828392164,0.04874792159354169,lost,-1.0
2019_14_MIA_NYJ,2019,14,total_points,under,47.0,-102.0,0.5952457122079818,0.09029521715847688,won,0.9803921568627451
2019_14_SEA_LA,2019,14,spread,away,1.0,102.0,0.5325808636311605,0.03753135868066548,lost,-1.0
2019_14_SF_NO,2019,14,moneyline,home,,-116.0,0.7107491710453911,0.17371213400835406,lost,-1.0
2019_14_SF_NO,2019,14,spread,home,-1.0,-109.0,0.6866169012539501,0.1650858007754813,lost,-1.0
2019_14_SF_NO,2019,14,total_points,over,45.0,-104.0,0.6567700798541554,0.14696615828552795,won,0.9615384615384616
2019_14_TEN_OAK,2019,14,moneyline,home,,137.0,0.47708867825605,0.0551477499860078,lost,-1.0
2019_14_TEN_OAK,2019,14,total_points,under,47.0,-106.0,0.571204753884051,0.05664164708793451,lost,-1.0
2019_14_WAS_GB,2019,14,moneyline,away,,568.0,0.37119973276706214,0.22149913396466694,lost,-1.0
2019_14_WAS_GB,2019,14,spread,away,13.0,-106.0,0.728074269350576,0.21351116255445945,won,0.9433962264150944
2019_14_WAS_GB,2019,14,total_points,over,42.5,-110.0,0.581782531356132,0.05797300754660817,lost,-1.0
2019_14_NYG_PHI,2019,14,moneyline,away,,341.0,0.3181550208980773,0.09139765128356481,lost,-1.0
2019_14_NYG_PHI,2019,14,spread,away,9.5,-106.0,0.5763329945262278,0.06176988773011127,won,0.9433962264150944
2019_15_NYJ_BAL,2019,15,moneyline,away,,775.0,0.2591369189932445,0.1448512047075302,lost,-1.0
2019_15_NYJ_BAL,2019,15,spread,away,17.0,-105.0,0.7265130290817073,0.21431790713048782,lost,-1.0
2019_15_ATL_SF,2019,15,moneyline,away,,376.0,0.5697020645671446,0.35961803095369915,won,3.76
2019_15_ATL_SF,2019,15,spread,away,10.5,-117.0,0.819896012819814,0.28072550590737155,won,0.8547008547008547
2019_15_BUF_PIT,2019,15,moneyline,home,,-112.0,0.6756687650965321,0.14736687830407924,lost,-1.0
2019_15_BUF_PIT,2019,15,spread,home,-1.0,-105.0,0.6476652109208719,0.1354700889696524,lost,-1.0
2019_15_BUF_PIT,2019,15,total_points,over,37.0,-106.0,0.6669581738273948,0.15239506703127825,lost,-1.0
2019_15_CHI_GB,2019,15,moneyline,away,,192.0,0.40763108262137004,0.06516532919671253,lost,-1.0
2019_15_CHI_GB,2019,15,spread,away,4.0,107.0,0.5277496027442657,0.04465781530465224,lost,-1.0
2019_15_CHI_GB,2019,15,total_points,over,40.0,-102.0,0.5736063624458563,0.06865586739635132,lost,-1.0
2019_15_CLE_ARI,2019,15,moneyline,home,,140.0,0.6782111037882005,0.2615444371215338,won,1.4
2019_15_CLE_ARI,2019,15,spread,home,3.0,-103.0,0.754357386036942,0.24696822347536562,won,0.970873786407767
2019_15_CLE_ARI,2019,15,total_points,under,49.0,102.0,0.6329847625834089,0.1379352576329138,lost,-1.0
2019_15_DEN_KC,2019,15,moneyline,away,,352.0,0.2905194621120542,0.06928052405895685,lost,-1.0
2019_15_HOU_TEN,2019,15,moneyline,away,,148.0,0.460538508178358,0.05731270172674513,won,1.48
2019_15_HOU_TEN,2019,15,spread,away,3.0,103.0,0.5479860149569933,0.05537517751856963,won,1.03
2019_15_HOU_TEN,2019,15,total_points,under,50.0,-107.0,0.7107659563883615,0.19385774382797505,won,0.9345794392523364
2019_15_JAX_OAK,2019,15,moneyline,away,,255.0,0.50250155168001,0.22081141083493955,won,2.55
2019_15_JAX_OAK,2019,15,spread,away,7.0,-114.0,0.7016352587310287,0.168924978357197,won,0.8771929824561403
2019_15_JAX_OAK,2019,15,total_points,under,47.0,-102.0,0.562061134722188,0.05711063967268304,won,0.9803921568627451
2019_15_LA_DAL,2019,15,moneyline,home,,104.0,0.526720887830644,0.03652480939927144,won,1.04
2019_15_LA_DAL,2019,15,spread,home,1.0,-102.0,0.5579558864181736,0.053005391368668664,won,0.9803921568627451
2019_15_LA_DAL,2019,15,total_points,under,48.5,102.0,0.5994539288786364,0.10440442392814131,lost,-1.0
2019_15_MIA_NYG,2019,15,total_points,under,47.0,-102.0,0.5623471466482822,0.05739665159877727,lost,-1.0
2019_15_MIN_LAC,2019,15,moneyline,home,,107.0,0.5578377169195317,0.07474592947991815,lost,-1.0
2019_15_MIN_LAC,2019,15,spread,home,1.0,101.0,0.5907177985225065,0.09320536071156121,lost,-1.0
2019_15_MIN_LAC,2019,15,total_points,under,45.0,-102.0,0.640105954420015,0.1351554593705101,lost,-1.0
2019_15_NE_CIN,2019,15,moneyline,home,,381.0,0.2870468249709443,0.07914661707073639,lost,-1.0
2019_15_NE_CIN,2019,15,spread,home,10.5,-110.0,0.5772049039618171,0.05339538015229328,lost,-1.0
2019_15_NE_CIN,2019,15,total_points,over,42.0,101.0,0.5337815428111378,0.03626910500019248,won,1.01
2019_15_PHI_WAS,2019,15,moneyline,home,,247.0,0.43708368256662355,0.14889924452627773,lost,-1.0
2019_15_PHI_WAS,2019,15,spread,home,7.0,-116.0,0.6365473312587901,0.09951029422175306,lost,-1.0
2019_15_PHI_WAS,2019,15,total_points,over,38.0,-100.0,0.6937255498330457,0.19372554983304568,won,1.0
2019_15_SEA_CAR,2019,15,moneyline,home,,218.0,0.48825406453150966,0.17378865572647823,lost,-1.0
2019_15_SEA_CAR,2019,15,spread,home,6.0,-106.0,0.6521875833834615,0.137624476587345,push,0.0
2019_15_TB_DET,2019,15,moneyline,home,,210.0,0.5817265273045048,0.2591458821432145,lost,-1.0
2019_15_TB_DET,2019,15,spread,home,5.5,101.0,0.718789178090977,0.2212767402800317,lost,-1.0
2019_15_TB_DET,2019,15,total_points,over,46.0,-111.0,0.5905996475266587,0.06453329681575826,won,0.9009009009009009
2019_15_IND_NO,2019,15,moneyline,away,,315.0,0.3436639937267146,0.10270013830502783,lost,-1.0
2019_15_IND_NO,2019,15,spread,away,8.0,-106.0,0.5635659648858364,0.049002858089719936,lost,-1.0
2019_15_IND_NO,2019,15,total_points,over,48.5,101.0,0.5970077289151433,0.09949529110419802,lost,-1.0
2019_16_BUF_NE,2019,16,spread,home,-7.0,101.0,0.6127168787910748,0.11520444098012955,push,0.0
2019_16_BUF_NE,2019,16,total_points,over,39.5,-110.0,0.599163293919733,0.07535377011020916,won,0.9090909090909091
2019_16_HOU_TB,2019,16,moneyline,home,,135.0,0.5038055302963931,0.07827361540277605,lost,-1.0
2019_16_HOU_TB,2019,16,spread,home,3.0,-112.0,0.5862009338072908,0.057899047014837945,push,0.0
2019_16_HOU_TB,2019,16,total_points,under,50.0,-108.0,0.5750342488143667,0.05580347958359744,won,0.9259259259259259
2019_16_LA_SF,2019,16,moneyline,away,,274.0,0.5894436124515816,0.32206393330719657,lost,-1.0
2019_16_LA_SF,2019,16,spread,away,7.0,100.0,0.7725283183838327,0.27252831838383273,won,1.0
2019_16_LA_SF,2019,16,total_points,over,45.5,-101.0,0.5558099337337179,0.05332237154466313,won,0.9900990099009901
2019_16_ARI_SEA,2019,16,moneyline,away,,322.0,0.31422480902436534,0.07725798437981557,won,3.22
2019_16_ARI_SEA,2019,16,total_points,under,51.0,-106.0,0.6541957304438037,0.13963262364768725,won,0.9433962264150944
2019_16_BAL_CLE,2019,16,moneyline,home,,311.0,0.28105761376601,0.037748611332919985,lost,-1.0
2019_16_BAL_CLE,2019,16,total_points,under,48.5,-106.0,0.6403164534339968,0.1257533466378803,won,0.9433962264150944
2019_16_CAR_IND,2019,16,moneyline,away,,264.0,0.5238199449362978,0.24909467021102305,lost,-1.0
2019_16_CAR_IND,2019,16,spread,away,7.5,-122.0,0.7257721886160331,0.1762226390664835,lost,-1.0
2019_16_CAR_IND,2019,16,total_points,over,46.0,-106.0,0.5588034074291308,0.04424030063301432,lost,-1.0
2019_16_CIN_MIA,2019,16,total_points,under,46.0,-101.0,0.5769282371932027,0.07444067500414797,lost,-1.0
2019_16_DAL_PHI,2019,16,moneyline,home,,109.0,0.5605970316800963,0.08212813215856524,won,1.09
2019_16_DAL_PHI,2019,16,spread,home,2.0,-112.0,0.6153168463218543,0.08701495952940153,won,0.8928571428571429
2019_16_DAL_PHI,2019,16,total_points,under,47.0,-104.0,0.5733890234013113,0.06358510183268384,won,0.9615384615384616
2019_16_DET_DEN,2019,16,moneyline,away,,333.0,0.4277678718455357,0.19682098962844566,lost,-1.0
2019_16_DET_DEN,2019,16,spread,away,9.5,102.0,0.6905269514618249,0.1954774465113298,lost,-1.0
2019_16_DET_DEN,2019,16,total_points,over,40.0,-104.0,0.5514654573452519,0.04166153577662446,won,0.9615384615384616
2019_16_JAX_ATL,2019,16,moneyline,away,,268.0,0.3617761191889169,0.0900369887541343,lost,-1.0
2019_16_JAX_ATL,2019,16,spread,away,7.5,-114.0,0.57618242047757,0.04347214010373823,lost,-1.0
2019_16_JAX_ATL,2019,16,total_points,under,48.0,-102.0,0.5459901876275123,0.041039692578007325,won,0.9803921568627451
2019_16_KC_CHI,2019,16,moneyline,home,,254.0,0.3683358740482446,0.08584999834202989,lost,-1.0
2019_16_KC_CHI,2019,16,spread,home,6.5,-101.0,0.5456069639604578,0.043119401771403054,lost,-1.0
2019_16_NO_TEN,2019,16,moneyline,home,,159.0,0.44329134603767234,0.057190959937286234,lost,-1.0
2019_16_NYG_WAS,2019,16,moneyline,home,,102.0,0.5662685341087039,0.07121902915820888,lost,-1.0
2019_16_NYG_WAS,2019,16,spread,home,1.0,-104.0,0.5981707040838644,0.088366782515237,lost,-1.0
2019_16_NYG_WAS,2019,16,total_points,over,42.0,101.0,0.5672016681840325,0.06968923037308722,won,1.01
2019_16_OAK_LAC,2019,16,spread,home,-7.5,103.0,0.5298563685686656,0.03724553113024193,lost,-1.0
2019_16_PIT_NYJ,2019,16,spread,away,-3.0,-116.0,0.5786900328256963,0.04165299578865922,lost,-1.0
2019_16_PIT_NYJ,2019,16,total_points,over,36.5,-101.0,0.6945744440764452,0.19208688188739043,lost,-1.0
2019_16_GB_MIN,2019,16,total_points,under,47.0,-110.0,0.6184754978017736,0.09466597399224974,won,0.9090909090909091
2019_17_ARI_LA,2019,17,moneyline,away,,235.0,0.3693430470690261,0.07083558438245896,lost,-1.0
2019_17_ARI_LA,2019,17,total_points,over,46.0,-107.0,0.5536134122907104,0.036705199730323934,won,0.9345794392523364
2019_17_ATL_TB,2019,17,moneyline,away,,109.0,0.5424150807009925,0.06394618117946144,won,1.09
2019_17_ATL_TB,2019,17,spread,away,1.0,101.0,0.5758874429395576,0.07837500512861234,won,1.01
2019_17_ATL_TB,2019,17,total_points,over,48.0,-104.0,0.5924051792593881,0.08260125769076065,won,0.9615384615384616
2019_17_CHI_MIN,2019,17,moneyline,home,,203.0,0.6885053013858616,0.3584722980855316,lost,-1.0
2019_17_CHI_MIN,2019,17,spread,home,5.5,-100.0,0.8117539475275506,0.3117539475275506,won,1.0
2019_17_CHI_MIN,2019,17,total_points,over,36.5,-110.0,0.5597601227918959,0.03595059898237207,won,0.9090909090909091
2019_17_CLE_CIN,2019,17,moneyline,home,,124.0,0.6817235386124554,0.23529496718388393,won,1.24
2019_17_CLE_CIN,2019,17,spread,home,2.5,-103.0,0.7372833171274742,0.2298941545658978,won,0.970873786407767
2019_17_GB_DET,2019,17,moneyline,home,,508.0,0.4937752597296901,0.3293015755191638,lost,-1.0
2019_17_GB_DET,2019,17,spread,home,13.5,-114.0,0.8224210396400434,0.2897107592662117,won,0.8771929824561403
2019_17_GB_DET,2019,17,total_points,over,44.0,-101.0,0.5643005910057063,0.061813028816651516,lost,-1.0
2019_17_IND_JAX,2019,17,moneyline,home,,204.0,0.5254760282462856,0.19652865982523293,won,2.04
2019_17_IND_JAX,2019,17,spread,home,5.0,-101.0,0.6656556536493206,0.16316809146026579,won,0.9900990099009901
2019_17_IND_JAX,2019,17,total_points,over,41.5,-104.0,0.5720323321775851,0.062228410608957674,won,0.9615384615384616
2019_17_LAC_KC,2019,17,moneyline,away,,325.0,0.37049375005635543,0.1351996324092966,lost,-1.0
2019_17_LAC_KC,2019,17,spread,away,10.0,-110.0,0.6520469537181984,0.1282374299086746,push,0.0
2019_17_NO_CAR,2019,17,moneyline,home,,510.0,0.48878884680244833,0.3248544205729401,lost,-1.0
2019_17_NO_CAR,2019,17,spread,home,13.5,-104.0,0.8095806258098515,0.29977670424122405,lost,-1.0
2019_17_NO_CAR,2019,17,total_points,over,45.0,-103.0,0.7202509420719923,0.21286177951041585,won,0.970873786407767
2019_17_NYJ_BUF,2019,17,moneyline,home,,112.0,0.6361357526983478,0.1644376394908006,lost,-1.0
2019_17_NYJ_BUF,2019,17,spread,home,1.5,-100.0,0.6766018856638105,0.17660188566381052,lost,-1.0
2019_17_NYJ_BUF,2019,17,total_points,over,37.0,-106.0,0.6303795259029024,0.11581641910678586,lost,-1.0
2019_17_PHI_NYG,2019,17,moneyline,home,,176.0,0.41910987628204716,0.05679103570233701,lost,-1.0
2019_17_PHI_NYG,2019,17,total_points,over,44.0,-101.0,0.5589204251625464,0.05643286297349159,won,0.9900990099009901
2019_17_PIT_BAL,2019,17,moneyline,home,,122.0,0.5601156256875219,0.10966517523707148,won,1.22
2019_17_PIT_BAL,2019,17,spread,home,2.0,102.0,0.6149599941844432,0.1199104892339482,won,1.02
2019_17_PIT_BAL,2019,17,total_points,over,35.0,-104.0,0.7443302498098173,0.2345263282411899,won,0.9615384615384616
2019_17_SF_SEA,2019,17,moneyline,home,,159.0,0.7260880509908606,0.3399876648904745,lost,-1.0
2019_17_SF_SEA,2019,17,spread,home,3.5,-112.0,0.8013445420977711,0.27304265530531824,lost,-1.0
2019_17_SF_SEA,2019,17,total_points,under,47.0,-102.0,0.5406509227948113,0.03570042774530635,push,0.0
2019_17_TEN_HOU,2019,17,moneyline,home,,308.0,0.5716141142141987,0.32651607499851243,lost,-1.0
2019_17_TEN_HOU,2019,17,spread,home,10.0,-117.0,0.8215850763979099,0.2824145694854675,lost,-1.0
2019_17_WAS_DAL,2019,17,moneyline,away,,485.0,0.3397125385675447,0.16877236762737374,lost,-1.0
2019_17_WAS_DAL,2019,17,spread,away,13.0,-105.0,0.7033616965081219,0.19116657455690234,lost,-1.0
2019_17_WAS_DAL,2019,17,total_points,under,47.5,-105.0,0.6295452700352578,0.11735014808403832,lost,-1.0
2020_01_HOU_KC,2020,1,moneyline,away,,349.0,0.286602060067154,0.063884910846664,lost,-1.0
2020_01_HOU_KC,2020,1,total_points,under,53.5,-109.0,0.6830113212622079,0.16148022078373903,lost,-1.0
2020_01_ARI_SF,2020,1,moneyline,away,,242.0,0.5019013217121457,0.2095036608934323,won,2.42
2020_01_ARI_SF,2020,1,spread,away,7.0,-123.0,0.6986717604627839,0.14710225373632646,won,0.8130081300813008
2020_01_ARI_SF,2020,1,total_points,under,48.5,106.0,0.5650617535205409,0.07962486031665739,won,1.06
2020_01_CLE_BAL,2020,1,spread,home,-7.0,-103.0,0.647421896464037,0.14003273390246063,won,0.970873786407767
2020_01_CLE_BAL,2020,1,total_points,under,47.0,100.0,0.5969229434806902,0.0969229434806902,won,1.0
2020_01_DAL_LA,2020,1,total_points,under,52.0,-111.0,0.6725473117032633,0.14648096099236285,won,0.9009009009009009
2020_01_GB_MIN,2020,1,moneyline,home,,-114.0,0.6299099360478031,0.09719965567397137,lost,-1.0
2020_01_GB_MIN,2020,1,spread,home,-1.0,-107.0,0.5995263962658985,0.0826181837055121,lost,-1.0
2020_01_GB_MIN,2020,1,total_points,under,45.0,-110.0,0.5730444509957698,0.049234927186246,lost,-1.0
2020_01_IND_JAX,2020,1,moneyline,home,,265.0,0.5354794950774423,0.2615068923377163,won,2.65
2020_01_IND_JAX,2020,1,spread,home,7.0,-102.0,0.7270017389915137,0.2220512439420087,won,0.9803921568627451
2020_01_LV_CAR,2020,1,moneyline,home,,134.0,0.5668929689431734,0.1395425415927461,lost,-1.0
2020_01_LV_CAR,2020,1,spread,home,3.0,-113.0,0.6483021890448244,0.11778575711994177,lost,-1.0
2020_01_MIA_NE,2020,1,spread,home,-7.5,102.0,0.7092309171154152,0.21418141216492015,won,1.02
2020_01_MIA_NE,2020,1,total_points,over,41.5,-101.0,0.6038888169439419,0.10140125475488715,lost,-1.0
2020_01_NYJ_BUF,2020,1,moneyline,away,,242.0,0.3692068797139007,0.07680921889518727,lost,-1.0
2020_01_NYJ_BUF,2020,1,total_points,over,39.5,102.0,0.5459853324184052,0.050935827467910144,won,1.02
2020_01_PHI_WAS,2020,1,moneyline,home,,200.0,0.41597165214858917,0.08263831881525585,won,2.0
2020_01_PHI_WAS,2020,1,spread,home,5.5,-104.0,0.5655246208962852,0.055720699327657774,won,0.9615384615384616
2020_01_PHI_WAS,2020,1,total_points,over,41.5,-100.0,0.6126503191451433,0.11265031914514334,won,1.0
2020_01_TB_NO,2020,1,spread,home,-4.0,-113.0,0.5876443402582117,0.057127908333329036,won,0.8849557522123894
2020_01_TB_NO,2020,1,total_points,over,48.5,101.0,0.6619021278465267,0.1643896900355814,won,1.01
2020_01_PIT_NYG,2020,1,moneyline,home,,221.0,0.3722832264986034,0.06075674674782461,lost,-1.0
2020_01_TEN_DEN,2020,1,moneyline,home,,157.0,0.5564925825968845,0.16738752423112574,lost,-1.0
2020_01_TEN_DEN,2020,1,spread,home,3.0,109.0,0.6412916901745562,0.16282279065302513,won,1.09
2020_01_TEN_DEN,2020,1,total_points,under,41.0,100.0,0.5433621067675516,0.04336210676755159,won,1.0
2020_02_CIN_CLE,2020,2,moneyline,away,,213.0,0.593784784608082,0.27429596671670825,lost,-1.0
2020_02_CIN_CLE,2020,2,spread,away,6.0,-111.0,0.7518501203719635,0.22578376966106306,won,0.9009009009009009
2020_02_CIN_CLE,2020,2,total_points,under,44.5,101.0,0.5581510618120106,0.06063862400106529,lost,-1.0
2020_02_ATL_DAL,2020,2,total_points,under,53.0,-102.0,0.6771234316638274,0.17217293661432242,lost,-1.0
2020_02_BAL_HOU,2020,2,moneyline,home,,292.0,0.412614078915954,0.15751203809962744,lost,-1.0
2020_02_BAL_HOU,2020,2,spread,home,7.5,-108.0,0.6269925246865922,0.1077617554558229,lost,-1.0
2020_02_BAL_HOU,2020,2,total_points,under,49.5,-118.0,0.6645656238284683,0.12328122015874354,won,0.847457627118644
2020_02_BUF_MIA,2020,2,moneyline,home,,214.0,0.4168793243391687,0.09840798675955087,lost,-1.0
2020_02_BUF_MIA,2020,2,spread,home,5.5,-101.0,0.5683448508163714,0.06585728862731666,won,0.9900990099009901
2020_02_CAR_TB,2020,2,moneyline,away,,290.0,0.5235866470206714,0.267176390610415,lost,-1.0
2020_02_CAR_TB,2020,2,spread,away,7.5,-106.0,0.7220824616844619,0.2075193548883454,lost,-1.0
2020_02_CAR_TB,2020,2,total_points,over,47.0,-103.0,0.6092975103422646,0.10190834778068825,won,0.970873786407767
2020_02_DET_GB,2020,2,moneyline,away,,245.0,0.38909606889197007,0.09924099642820194,lost,-1.0
2020_02_DET_GB,2020,2,spread,away,7.0,-113.0,0.5886050004731844,0.0580885685483018,lost,-1.0
2020_02_DET_GB,2020,2,total_points,under,51.0,-101.0,0.6271938615755109,0.12470629938645617,lost,-1.0
2020_02_JAX_TEN,2020,2,moneyline,away,,254.0,0.41806961588165914,0.13558374017544444,lost,-1.0
2020_02_JAX_TEN,2020,2,spread,away,7.0,-116.0,0.6234406758873176,0.08640363885028046,won,0.8620689655172413
2020_02_JAX_TEN,2020,2,total_points,under,44.5,-103.0,0.57031443976119,0.0629252771996136,lost,-1.0
2020_02_KC_LAC,2020,2,moneyline,home,,311.0,0.46203547669772793,0.2187264742646379,lost,-1.0
2020_02_KC_LAC,2020,2,spread,home,8.5,-106.0,0.6925422813575366,0.1779791745614201,won,0.9433962264150944
2020_02_LA_PHI,2020,2,total_points,over,46.0,-106.0,0.5596043764328092,0.04504126963669275,won,0.9433962264150944
2020_02_MIN_IND,2020,2,moneyline,away,,158.0,0.5799657520291644,0.19236885280435823,lost,-1.0
2020_02_MIN_IND,2020,2,spread,away,3.5,-111.0,0.6764238221138356,0.1503574714029351,lost,-1.0
2020_02_MIN_IND,2020,2,total_points,under,49.0,-107.0,0.6580286917185888,0.14112047915820236,won,0.9345794392523364
2020_02_NE_SEA,2020,2,moneyline,away,,177.0,0.5854237477045184,0.22441291737960867,lost,-1.0
2020_02_NE_SEA,2020,2,spread,away,4.0,-102.0,0.700780579279686,0.195830084230181,lost,-1.0
2020_02_NYG_CHI,2020,2,moneyline,away,,196.0,0.3937000627474396,0.0558622249096018,lost,-1.0
2020_02_SF_NYJ,2020,2,moneyline,home,,259.0,0.5382030958895769,0.25965156385615074,lost,-1.0
2020_02_SF_NYJ,2020,2,spread,home,7.0,-111.0,0.729782954133263,0.20371660342236253,lost,-1.0
2020_02_SF_NYJ,2020,2,total_points,over,41.5,-103.0,0.5665948476887056,0.059205685127129204,won,0.970873786407767
2020_02_WAS_ARI,2020,2,moneyline,away,,268.0,0.40651650444134146,0.13477737400655887,lost,-1.0
2020_02_WAS_ARI,2020,2,spread,away,7.5,-120.0,0.6218802731928743,0.0764257277383289,lost,-1.0
2020_02_NO_LV,2020,2,moneyline,home,,180.0,0.45877140336600775,0.1016285462231506,won,1.8
2020_02_NO_LV,2020,2,spread,home,4.0,-107.0,0.5699316489062853,0.0530234363458989,won,0.9345794392523364
2020_02_NO_LV,2020,2,total_points,over,47.5,-102.0,0.629065351192949,0.12411485614344409,won,0.9803921568627451
2020_03_MIA_JAX,2020,3,moneyline,home,,-138.0,0.6500759103142834,0.07024397754117406,lost,-1.0
2020_03_MIA_JAX,2020,3,spread,home,-3.0,114.0,0.5709387378693446,0.10364901824317635,lost,-1.0
2020_03_MIA_JAX,2020,3,total_points,under,49.0,-105.0,0.6399371517662369,0.12774202981501737,won,0.9523809523809523
2020_03_CAR_LAC,2020,3,moneyline,away,,230.0,0.388327682212458,0.08529737918215496,won,2.3
2020_03_CAR_LAC,2020,3,spread,away,6.0,-107.0,0.5560205607244288,0.03911234816404241,won,0.9345794392523364
2020_03_CHI_ATL,2020,3,moneyline,home,,-135.0,0.6173038000716867,0.042835714965303695,lost,-1.0
2020_03_CIN_PHI,2020,3,total_points,under,46.5,100.0,0.5509093211911618,0.05090932119116176,won,1.0
2020_03_DAL_SEA,2020,3,moneyline,away,,208.0,0.3963320886745837,0.07165676399925902,lost,-1.0
2020_03_DAL_SEA,2020,3,spread,away,5.5,-104.0,0.5502872650789065,0.040483343510279046,lost,-1.0
2020_03_DAL_SEA,2020,3,total_points,under,58.0,-116.0,0.8424587206891757,0.3054216836521386,lost,-1.0
2020_03_DET_ARI,2020,3,moneyline,away,,193.0,0.4302298915568779,0.08893296322923283,won,1.93
2020_03_DET_ARI,2020,3,spread,away,4.5,-105.0,0.5624874102705714,0.05029228831935184,won,0.9523809523809523
2020_03_DET_ARI,2020,3,total_points,under,55.5,-113.0,0.7376464790602758,0.20713004713539318,won,0.8849557522123894
2020_03_HOU_PIT,2020,3,spread,home,-4.0,-100.0,0.5552061558949438,0.05520615589494382,won,1.0
2020_03_HOU_PIT,2020,3,total_points,under,46.5,-109.0,0.5898552004204647,0.06832409994199584,lost,-1.0
2020_03_LA_BUF,2020,3,moneyline,away,,114.0,0.5224840673969713,0.055194347770803065,lost,-1.0
2020_03_LA_BUF,2020,3,spread,away,1.5,-100.0,0.5685195939471626,0.06851959394716256,lost,-1.0
2020_03_LV_NE,2020,3,spread,home,-7.0,-105.0,0.5648246544921633,0.052629532540943824,won,0.9523809523809523
2020_03_NYJ_IND,2020,3,moneyline,away,,491.0,0.3771681811694143,0.2079634434367578,lost,-1.0
2020_03_NYJ_IND,2020,3,spread,away,12.5,-109.0,0.7165406626384384,0.19500956215996956,lost,-1.0
2020_03_SF_NYG,2020,3,moneyline,home,,134.0,0.5447243042391321,0.11737387688870476,lost,-1.0
2020_03_SF_NYG,2020,3,spread,home,3.0,-109.0,0.6271781463434467,0.10564704586497786,lost,-1.0
2020_03_SF_NYG,2020,3,total_points,over,44.0,-100.0,0.5475480709989949,0.04754807099899494,won,1.0
2020_03_TB_DEN,2020,3,moneyline,home,,230.0,0.589527968471598,0.286497665441295,lost,-1.0
2020_03_TB_DEN,2020,3,spread,home,6.0,-105.0,0.7441655200230746,0.23197039807185504,lost,-1.0
2020_03_TEN_MIN,2020,3,moneyline,home,,139.0,0.6572032279417725,0.23879318610076838,lost,-1.0
2020_03_TEN_MIN,2020,3,spread,home,3.0,-109.0,0.73602751137306,0.21449641089459115,won,0.9174311926605505
2020_03_TEN_MIN,2020,3,total_points,under,49.5,-116.0,0.7208829207289359,0.1838458836918988,lost,-1.0
2020_03_WAS_CLE,2020,3,moneyline,away,,282.0,0.5513604319503611,0.2895803272383192,lost,-1.0
2020_03_WAS_CLE,2020,3,spread,away,7.5,-115.0,0.751752275411945,0.2168685544817125,lost,-1.0
2020_03_KC_BAL,2020,3,moneyline,away,,156.0,0.4871611590580991,0.09653615905809909,won,1.56
2020_03_KC_BAL,2020,3,spread,away,3.5,-112.0,0.5864494206640757,0.05814753387162286,won,0.8928571428571429
2020_03_KC_BAL,2020,3,total_points,under,55.0,-115.0,0.7134426685805079,0.17855894765027536,won,0.8695652173913043
2020_04_DEN_NYJ,2020,4,moneyline,away,,104.0,0.5402738241062143,0.050077745674841745,won,1.04
2020_04_DEN_NYJ,2020,4,spread,away,1.0,-102.0,0.5771002831350921,0.07214978808558714,won,0.9803921568627451
2020_04_DEN_NYJ,2020,4,total_points,under,41.0,-101.0,0.5634142542938791,0.060926692104824376,lost,-1.0
2020_04_ARI_CAR,2020,4,moneyline,home,,141.0,0.589383172877837,0.17444541354173743,won,1.41
2020_04_ARI_CAR,2020,4,spread,home,3.0,-105.0,0.6698130009514259,0.1576178790002064,won,0.9523809523809523
2020_04_ARI_CAR,2020,4,total_points,under,52.5,-116.0,0.6299276117386627,0.09289057470162565,won,0.8620689655172413
2020_04_BAL_WAS,2020,4,moneyline,home,,692.0,0.3507175876842345,0.22445496142160823,lost,-1.0
2020_04_BAL_WAS,2020,4,spread,home,14.5,-115.0,0.7440931750706002,0.20920945414036773,won,0.8695652173913043
2020_04_BUF_LV,2020,4,moneyline,home,,154.0,0.5615737099377514,0.16787292253617653,lost,-1.0
2020_04_BUF_LV,2020,4,spread,home,3.0,104.0,0.6439398685110295,0.15374379007965694,lost,-1.0
2020_04_BUF_LV,2020,4,total_points,under,53.0,-108.0,0.7127334112333734,0.19350264200260414,push,0.0
2020_04_CLE_DAL,2020,4,spread,home,-3.5,101.0,0.6671060350767092,0.1695935972657639,lost,-1.0
2020_04_CLE_DAL,2020,4,total_points,under,56.5,-112.0,0.819685444752396,0.2913835579599432,lost,-1.0
2020_04_IND_CHI,2020,4,moneyline,home,,156.0,0.5441857635838256,0.15356076358382564,lost,-1.0
2020_04_IND_CHI,2020,4,spread,home,3.5,-112.0,0.6403685820399537,0.1120666952475009,lost,-1.0
2020_04_JAX_CIN,2020,4,total_points,under,50.0,-106.0,0.7100172862316677,0.1954541794355512,lost,-1.0
2020_04_LAC_TB,2020,4,moneyline,away,,282.0,0.5683932846681748,0.30661317995613296,lost,-1.0
2020_04_LAC_TB,2020,4,spread,away,7.5,-114.0,0.7631042010094483,0.2303939206356166,won,0.8771929824561403
2020_04_LAC_TB,2020,4,total_points,over,42.5,-100.0,0.6088916548048011,0.10889165480480112,won,1.0
2020_04_MIN_HOU,2020,4,moneyline,away,,154.0,0.5605737355899306,0.1668729481883558,won,1.54
2020_04_MIN_HOU,2020,4,spread,away,3.5,-114.0,0.659598807116834,0.12688852674300233,won,0.8771929824561403
2020_04_MIN_HOU,2020,4,total_points,under,52.5,100.0,0.7833650461222631,0.2833650461222631,lost,-1.0
2020_04_NYG_LA,2020,4,moneyline,away,,652.0,0.30883227546965253,0.1758535520653972,lost,-1.0
2020_04_NYG_LA,2020,4,spread,away,13.5,-103.0,0.6701902468552114,0.16280108429363505,won,0.970873786407767
2020_04_NYG_LA,2020,4,total_points,under,49.5,101.0,0.5502407766341441,0.05272833882319877,won,1.01
2020_04_PHI_SF,2020,4,moneyline,away,,273.0,0.5679259540921168,0.29982943934680845,won,2.73
2020_04_PHI_SF,2020,4,spread,away,8.5,-116.0,0.7813216900655335,0.24428465302849645,won,0.8620689655172413
2020_04_SEA_MIA,2020,4,spread,away,-4.5,-106.0,0.5619350396661099,0.047371932869993416,won,0.9433962264150944
2020_04_SEA_MIA,2020,4,total_points,under,55.0,-113.0,0.7466272115365836,0.216110779611701,won,0.8849557522123894
2020_04_ATL_GB,2020,4,moneyline,away,,195.0,0.45635063476605064,0.11736758391859303,lost,-1.0
2020_04_ATL_GB,2020,4,spread,away,5.0,-110.0,0.5982117618692009,0.07440223805967705,lost,-1.0
2020_04_ATL_GB,2020,4,total_points,under,56.5,-112.0,0.6794579951702778,0.151156108377825,won,0.8928571428571429
2020_04_NE_KC,2020,4,moneyline,away,,257.0,0.5170727823923696,0.23696073757444247,lost,-1.0
2020_04_NE_KC,2020,4,spread,away,7.0,-114.0,0.7106797955905895,0.17796951521675775,lost,-1.0
2020_04_NE_KC,2020,4,total_points,under,52.5,-106.0,0.6269868741546474,0.11242376735853088,won,0.9433962264150944
2020_05_TB_CHI,2020,5,moneyline,home,,164.0,0.5646359239745614,0.18584804518668263,won,1.64
2020_05_TB_CHI,2020,5,spread,home,3.5,-108.0,0.6581936476358634,0.13896287840509414,won,0.9259259259259259
2020_05_ARI_NYJ,2020,5,moneyline,home,,254.0,0.46755723302875735,0.18507135732254265,lost,-1.0
2020_05_ARI_NYJ,2020,5,spread,home,7.0,-117.0,0.6659675857021125,0.12679707878967006,lost,-1.0
2020_05_ARI_NYJ,2020,5,total_points,under,48.5,-112.0,0.6253823843976348,0.097080497605182,won,0.8928571428571429
2020_05_CAR_ATL,2020,5,total_points,under,53.5,-107.0,0.5775410206135216,0.0606328080531352,won,0.9345794392523364
2020_05_CIN_BAL,2020,5,moneyline,away,,547.0,0.29549686469037,0.14093735928078732,lost,-1.0
2020_05_CIN_BAL,2020,5,spread,away,12.5,-105.0,0.6381847306824691,0.12598960873124954,lost,-1.0
2020_05_CIN_BAL,2020,5,total_points,under,49.0,-103.0,0.6599295800211044,0.15254041745952795,won,0.970873786407767
2020_05_IND_CLE,2020,5,moneyline,away,,-101.0,0.5996648402765801,0.0971772780875253,lost,-1.0
2020_05_IND_CLE,2020,5,spread,away,1.0,-107.0,0.6348265681996947,0.1179183556393083,lost,-1.0
2020_05_IND_CLE,2020,5,total_points,under,48.5,-112.0,0.5904218176794934,0.0621199308870406,lost,-1.0
2020_05_JAX_HOU,2020,5,moneyline,away,,243.0,0.4197188949198017,0.1281737054154285,lost,-1.0
2020_05_JAX_HOU,2020,5,spread,away,6.5,100.0,0.6017096586173731,0.10170965861737313,lost,-1.0
2020_05_JAX_HOU,2020,5,total_points,under,55.0,-108.0,0.8121685009361092,0.2929377317053399,won,0.9259259259259259
2020_05_LA_WAS,2020,5,moneyline,home,,262.0,0.40731631455725587,0.13107322063460392,lost,-1.0
2020_05_LA_WAS,2020,5,spread,home,7.0,-109.0,0.6033812619664884,0.0818501614880196,lost,-1.0
2020_05_LA_WAS,2020,5,total_points,over,45.0,-103.0,0.5568680064715782,0.04947884391000179,lost,-1.0
2020_05_LV_KC,2020,5,moneyline,away,,387.0,0.28555048128699806,0.08021167225209047,won,3.87
2020_05_LV_KC,2020,5,spread,away,11.0,-114.0,0.5832585738932804,0.05054829351944867,won,0.8771929824561403
2020_05_LV_KC,2020,5,total_points,under,54.5,-102.0,0.6216110922718596,0.11666059722235467,lost,-1.0
2020_05_MIA_SF,2020,5,moneyline,away,,301.0,0.3817824032347378,0.1324058446312465,won,3.01
2020_05_MIA_SF,2020,5,spread,away,8.5,-119.0,0.6204033613126517,0.07702436587886174,won,0.8403361344537815
2020_05_MIA_SF,2020,5,total_points,under,50.5,-110.0,0.6255846513094601,0.10177512749993622,lost,-1.0
2020_05_MIN_SEA,2020,5,moneyline,away,,245.0,0.436905548849497,0.14705047638572888,lost,-1.0
2020_05_MIN_SEA,2020,5,spread,away,6.5,-105.0,0.6181842087393523,0.10598908678813279,won,0.9523809523809523
2020_05_MIN_SEA,2020,5,total_points,under,54.0,-112.0,0.7838209880105177,0.25551910121806487,won,0.8928571428571429
2020_05_NYG_DAL,2020,5,moneyline,away,,293.0,0.31952816561907427,0.06507523941042287,lost,-1.0
2020_05_NYG_DAL,2020,5,total_points,under,52.0,-107.0,0.714746190441433,0.1978379778810465,lost,-1.0
2020_05_PHI_PIT,2020,5,moneyline,away,,312.0,0.4005164551973096,0.15779800859536786,lost,-1.0
2020_05_PHI_PIT,2020,5,spread,away,7.5,-103.0,0.6164838551638709,0.10909469260229454,lost,-1.0
2020_05_LAC_NO,2020,5,moneyline,away,,288.0,0.4248063724298272,0.16707441366694065,lost,-1.0
2020_05_LAC_NO,2020,5,spread,away,7.0,-106.0,0.6216331254247771,0.10707001862866061,won,0.9433962264150944
2020_05_BUF_TEN,2020,5,moneyline,home,,150.0,0.5458928210754808,0.14589282107548074,won,1.5
2020_05_BUF_TEN,2020,5,spread,home,3.0,-102.0,0.6298742393283803,0.12492374427887531,won,0.9803921568627451
2020_05_BUF_TEN,2020,5,total_points,under,52.0,-106.0,0.7685097022439827,0.25394659544786624,lost,-1.0
2020_06_ATL_MIN,2020,6,total_points,under,53.0,103.0,0.691726470458567,0.1991156330201434,lost,-1.0
2020_06_BAL_PHI,2020,6,moneyline,home,,348.0,0.465846962049063,0.24263267633477728,lost,-1.0
2020_06_BAL_PHI,2020,6,spread,home,10.5,-119.0,0.7437869348066711,0.20040793937288115,won,0.8403361344537815
2020_06_CHI_CAR,2020,6,moneyline,home,,-124.0,0.5983594395077929,0.04478801093636431,lost,-1.0
2020_06_CHI_CAR,2020,6,spread,home,-2.0,-103.0,0.542782214663863,0.035393052102286604,lost,-1.0
2020_06_CHI_CAR,2020,6,total_points,under,45.0,-100.0,0.5537152609533968,0.05371526095339685,won,1.0
2020_06_CIN_IND,2020,6,moneyline,away,,288.0,0.4287037374503593,0.1709717786874727,lost,-1.0
2020_06_CIN_IND,2020,6,spread,away,7.5,-108.0,0.6446849879843519,0.12545421875358265,won,0.9259259259259259
2020_06_CIN_IND,2020,6,total_points,under,46.0,-105.0,0.5475937332680616,0.03539861131684208,lost,-1.0
2020_06_CLE_PIT,2020,6,moneyline,home,,-159.0,0.7890273167734931,0.17512770287387924,won,0.6289308176100629
2020_06_CLE_PIT,2020,6,spread,home,-3.0,-108.0,0.7287821342472546,0.2095513650164853,won,0.9259259259259259
2020_06_CLE_PIT,2020,6,total_points,under,50.0,-106.0,0.6583812918017856,0.14381818500566912,won,0.9433962264150944
2020_06_DEN_NE,2020,6,spread,home,-7.0,-107.0,0.6032211475614128,0.08631293500102633,lost,-1.0
2020_06_DEN_NE,2020,6,total_points,under,43.5,101.0,0.5757824537215556,0.07827001591061028,won,1.01
2020_06_DET_JAX,2020,6,moneyline,home,,139.0,0.5374338752294592,0.11902383338845501,lost,-1.0
2020_06_DET_JAX,2020,6,spread,home,3.0,-105.0,0.6203611085826791,0.1081659866314596,lost,-1.0
2020_06_DET_JAX,2020,6,total_points,under,52.5,100.0,0.7063185432973835,0.20631854329738353,won,1.0
2020_06_GB_TB,2020,6,moneyline,home,,131.0,0.47111514521623293,0.03821471231580004,won,1.31
2020_06_GB_TB,2020,6,total_points,under,55.0,-114.0,0.6525991365926459,0.11988885621881418,won,0.8771929824561403
2020_06_HOU_TEN,2020,6,moneyline,away,,169.0,0.43930579594179225,0.0675585840458815,lost,-1.0
2020_06_HOU_TEN,2020,6,spread,away,4.0,-110.0,0.5597314168189905,0.03592189300946669,lost,-1.0
2020_06_HOU_TEN,2020,6,total_points,under,52.0,-116.0,0.7420942439110376,0.20505720687400053,lost,-1.0
2020_06_LA_SF,2020,6,moneyline,away,,-124.0,0.5926877370911356,0.039116308519707044,lost,-1.0
2020_06_LA_SF,2020,6,total_points,under,51.0,-102.0,0.5942092474835651,0.08925875243406012,won,0.9803921568627451
2020_06_NYJ_MIA,2020,6,moneyline,away,,340.0,0.4683884606972408,0.24111573342451356,lost,-1.0
2020_06_NYJ_MIA,2020,6,spread,away,9.5,103.0,0.7218856934741292,0.22927485603570558,lost,-1.0
2020_06_NYJ_MIA,2020,6,total_points,under,46.0,104.0,0.5577295307698469,0.06753345233847435,won,1.04
2020_06_WAS_NYG,2020,6,total_points,over,42.5,103.0,0.5711583944452396,0.07854755700681598,lost,-1.0
2020_06_ARI_DAL,2020,6,moneyline,home,,-114.0,0.6138577442811615,0.08114746390732974,lost,-1.0
2020_06_ARI_DAL,2020,6,spread,home,-1.0,-106.0,0.5833937580245008,0.06883065122838428,lost,-1.0
2020_06_ARI_DAL,2020,6,total_points,under,55.5,102.0,0.7681046333512385,0.2730551284007434,won,1.02
2020_06_KC_BUF,2020,6,moneyline,home,,203.0,0.3676107767202914,0.03757777341996138,lost,-1.0
2020_06_KC_BUF,2020,6,total_points,under,55.0,-109.0,0.7447471651145369,0.22321606463606802,won,0.9174311926605505
2020_07_NYG_PHI,2020,7,spread,home,-5.0,-101.0,0.5436992432868668,0.041211681097812036,lost,-1.0
2020_07_BUF_NYJ,2020,7,moneyline,home,,327.0,0.44719708594446606,0.21300504847374005,lost,-1.0
2020_07_BUF_NYJ,2020,7,spread,home,9.5,-111.0,0.7035836072097076,0.17751725649880712,won,0.9009009009009009
2020_07_BUF_NYJ,2020,7,total_points,under,47.0,-115.0,0.6618236732687639,0.1269399523385314,won,0.8695652173913043
2020_07_CAR_NO,2020,7,moneyline,away,,271.0,0.3790350021967634,0.10949322322102217,lost,-1.0
2020_07_CAR_NO,2020,7,spread,away,7.0,-107.0,0.5704007848326782,0.05349257227229176,won,0.9345794392523364
2020_07_CAR_NO,2020,7,total_points,over,49.5,-101.0,0.6123166951306594,0.10982913294160468,won,0.9900990099009901
2020_07_CLE_CIN,2020,7,moneyline,home,,179.0,0.6737717087082601,0.31534876964015973,lost,-1.0
2020_07_CLE_CIN,2020,7,spread,home,4.5,-114.0,0.7823368328851227,0.24962655251129096,won,0.8771929824561403
2020_07_CLE_CIN,2020,7,total_points,under,50.0,-114.0,0.6771422161404451,0.1444319357666134,lost,-1.0
2020_07_DAL_WAS,2020,7,moneyline,away,,-110.0,0.5730656280976645,0.049256104288140645,lost,-1.0
2020_07_DAL_WAS,2020,7,spread,away,-1.0,-103.0,0.5444176804869972,0.037028517925420834,lost,-1.0
2020_07_DET_ATL,2020,7,moneyline,home,,-113.0,0.6178002200216303,0.08728378809674764,lost,-1.0
2020_07_DET_ATL,2020,7,spread,home,-1.0,-104.0,0.5885272399757626,0.0787233184071352,lost,-1.0
2020_07_DET_ATL,2020,7,total_points,under,54.0,-105.0,0.6271362430188944,0.11494112106767485,won,0.9523809523809523
2020_07_GB_HOU,2020,7,moneyline,home,,127.0,0.5037282086849192,0.06319957432368573,lost,-1.0
2020_07_GB_HOU,2020,7,spread,home,2.5,102.0,0.5671566550360864,0.07210715008559132,lost,-1.0
2020_07_GB_HOU,2020,7,total_points,under,55.5,-110.0,0.7608881475557547,0.2370786237462309,won,0.9090909090909091
2020_07_JAX_LAC,2020,7,moneyline,away,,325.0,0.3260147339441285,0.09072061629706968,lost,-1.0
2020_07_JAX_LAC,2020,7,spread,away,8.0,-108.0,0.5563676014501323,0.037136832219363036,lost,-1.0
2020_07_JAX_LAC,2020,7,total_points,under,48.0,-113.0,0.6671828923946241,0.1366664604697415,lost,-1.0
2020_07_KC_DEN,2020,7,moneyline,home,,260.0,0.36663189140430463,0.08885411362652684,lost,-1.0
2020_07_KC_DEN,2020,7,total_points,under,46.0,-111.0,0.571011998359953,0.04494564764905251,lost,-1.0
2020_07_PIT_TEN,2020,7,moneyline,away,,103.0,0.5664886609366158,0.07387782349819211,won,1.03
2020_07_PIT_TEN,2020,7,spread,away,1.0,-102.0,0.6020229008677829,0.09707240581827792,won,0.9803921568627451
2020_07_PIT_TEN,2020,7,total_points,under,51.0,-111.0,0.6999220176260443,0.17385566691514387,push,0.0
2020_07_SEA_ARI,2020,7,moneyline,home,,166.0,0.43236546736314124,0.05642561773908111,won,1.66
2020_07_SEA_ARI,2020,7,total_points,under,55.5,-108.0,0.745153281701205,0.2259225124704357,lost,-1.0
2020_07_SF_NE,2020,7,spread,home,-3.0,-113.0,0.7550824283334997,0.22456599640861707,lost,-1.0
2020_07_SF_NE,2020,7,total_points,over,44.0,101.0,0.5379275013635453,0.040415063552599995,lost,-1.0
2020_07_TB_LV,2020,7,moneyline,home,,171.0,0.5829930759222159,0.21398938588531558,lost,-1.0
2020_07_TB_LV,2020,7,spread,home,3.5,-102.0,0.6718640357120619,0.16691354066255693,lost,-1.0
2020_07_CHI_LA,2020,7,moneyline,away,,251.0,0.36102987850624235,0.07612959360595745,lost,-1.0
2020_07_CHI_LA,2020,7,spread,away,6.5,101.0,0.5414630291585295,0.04395059134758422,lost,-1.0
2020_08_DAL_PHI,2020,8,moneyline,away,,335.0,0.43567251747011715,0.20578745999885278,lost,-1.0
2020_08_DAL_PHI,2020,8,spread,away,10.0,-100.0,0.7130497003660051,0.21304970036600512,lost,-1.0
2020_08_DAL_PHI,2020,8,total_points,over,43.0,-106.0,0.573613250401859,0.059050143605742456,lost,-1.0
2020_08_IND_DET,2020,8,moneyline,home,,165.0,0.528376147406962,0.15101765684092427,lost,-1.0
2020_08_IND_DET,2020,8,spread,home,3.5,-107.0,0.6230362185328449,0.10612800597245842,lost,-1.0
2020_08_IND_DET,2020,8,total_points,under,49.0,-102.0,0.5641504261251916,0.05919993107568666,lost,-1.0
2020_08_LAC_DEN,2020,8,total_points,under,44.5,-106.0,0.6415575480182452,0.12699444122212866,lost,-1.0
2020_08_LA_MIA,2020,8,spread,away,-3.5,101.0,0.5466717243555113,0.04915928654456597,lost,-1.0
2020_08_LV_CLE,2020,8,moneyline,away,,117.0,0.588835950238301,0.12800645715074344,won,1.17
2020_08_LV_CLE,2020,8,spread,away,1.0,111.0,0.6230520785538629,0.14911842926476337,won,1.11
2020_08_LV_CLE,2020,8,total_points,over,48.0,105.0,0.5355396170335607,0.0477347389847802,lost,-1.0
2020_08_MIN_GB,2020,8,moneyline,away,,218.0,0.5064607680403367,0.19199535923530525,won,2.18
2020_08_MIN_GB,2020,8,spread,away,5.5,-101.0,0.6573311988748466,0.15484363668579182,won,0.9900990099009901
2020_08_MIN_GB,2020,8,total_points,under,47.0,-102.0,0.5857965262690635,0.08084603121955858,lost,-1.0
2020_08_NE_BUF,2020,8,moneyline,away,,175.0,0.682149106632891,0.3185127429965273,lost,-1.0
2020_08_NE_BUF,2020,8,spread,away,4.0,-105.0,0.7871049099646458,0.27490978801342625,won,0.9523809523809523
2020_08_NO_CHI,2020,8,moneyline,home,,202.0,0.42249181306006833,0.09136598524549877,lost,-1.0
2020_08_NO_CHI,2020,8,spread,home,5.5,-110.0,0.5708459810105115,0.0470364572009877,won,0.9090909090909091
2020_08_NO_CHI,2020,8,total_points,over,41.0,-102.0,0.682089691081149,0.17713919603164408,won,0.9803921568627451
2020_08_NYJ_KC,2020,8,moneyline,away,,1204.0,0.19403915252236115,0.11735203595794397,lost,-1.0
2020_08_NYJ_KC,2020,8,spread,away,20.0,-102.0,0.7139433290685128,0.2089928340190078,lost,-1.0
2020_08_NYJ_KC,2020,8,total_points,under,49.0,-105.0,0.5895969291376504,0.07740180718643086,won,0.9523809523809523
2020_08_PIT_BAL,2020,8,moneyline,away,,178.0,0.4319219648762708,0.0722097346604435,won,1.78
2020_08_SF_SEA,2020,8,moneyline,home,,-110.0,0.7041430168983451,0.1803334930888213,won,0.9090909090909091
2020_08_SF_SEA,2020,8,spread,home,-1.0,-102.0,0.6787014128459112,0.17375091779640628,won,0.9803921568627451
2020_08_SF_SEA,2020,8,total_points,under,54.5,-103.0,0.7172473011965558,0.20985813863497937,lost,-1.0
2020_08_TEN_CIN,2020,8,moneyline,home,,274.0,0.5103211913188523,0.2429415121744673,won,2.74
2020_08_TEN_CIN,2020,8,spread,home,7.5,-118.0,0.715678154244524,0.17439375057479922,won,0.847457627118644
2020_08_TEN_CIN,2020,8,total_points,under,49.5,-115.0,0.6630466284142255,0.12816290748399295,lost,-1.0
2020_08_TB_NYG,2020,8,moneyline,home,,470.0,0.4861793528742377,0.31074075638300963,lost,-1.0
2020_08_TB_NYG,2020,8,spread,home,13.0,-115.0,0.8097184632804407,0.2748347423502082,won,0.8695652173913043
2020_08_TB_NYG,2020,8,total_points,over,47.0,103.0,0.544783298000917,0.052172460562493306,won,1.03
2020_09_GB_SF,2020,9,moneyline,home,,215.0,0.45188275894545105,0.1344224414851336,lost,-1.0
2020_09_GB_SF,2020,9,spread,home,6.0,-110.0,0.6162004135278912,0.0923908897183674,lost,-1.0
2020_09_BAL_IND,2020,9,moneyline,away,,-106.0,0.5929313656090816,0.07836825881296505,won,0.9433962264150944
2020_09_BAL_IND,2020,9,spread,away,1.0,-113.0,0.6280928218252196,0.09757638990033701,won,0.8849557522123894
2020_09_BAL_IND,2020,9,total_points,under,48.0,-114.0,0.5762907304443297,0.043580450070497934,won,0.8771929824561403
2020_09_CAR_KC,2020,9,moneyline,away,,365.0,0.30068152055802105,0.08562775711716084,lost,-1.0
2020_09_CAR_KC,2020,9,spread,away,10.0,-106.0,0.5693817751341401,0.054818668338023624,won,0.9433962264150944
2020_09_CAR_KC,2020,9,total_points,under,51.5,-102.0,0.554070181597636,0.049119686548131036,lost,-1.0
2020_09_CHI_TEN,2020,9,moneyline,away,,243.0,0.428669524189504,0.1371243346851308,lost,-1.0
2020_09_CHI_TEN,2020,9,spread,away,6.5,-107.0,0.6125128992665259,0.09560468670613942,lost,-1.0
2020_09_CHI_TEN,2020,9,total_points,under,46.5,-106.0,0.6596064863104385,0.145043379514322,won,0.9433962264150944
2020_09_DEN_ATL,2020,9,moneyline,away,,193.0,0.395766510131614,0.054469581803968936,lost,-1.0
2020_09_DEN_ATL,2020,9,total_points,under,50.0,-101.0,0.6564861605519688,0.15399859836291407,lost,-1.0
2020_09_DET_MIN,2020,9,spread,home,-3.0,-117.0,0.5947471094370951,0.055576602524652685,won,0.8547008547008547
2020_09_DET_MIN,2020,9,total_points,under,51.5,-108.0,0.7044803951102386,0.18524962587946936,lost,-1.0
2020_09_HOU_JAX,2020,9,moneyline,home,,249.0,0.5080543683088357,0.2215214170194374,lost,-1.0
2020_09_HOU_JAX,2020,9,spread,home,7.0,-117.0,0.7040063429726348,0.16483583606019236,won,0.8547008547008547
2020_09_HOU_JAX,2020,9,total_points,under,49.0,-107.0,0.6576150312553782,0.1407068186949918,lost,-1.0
2020_09_LV_LAC,2020,9,moneyline,home,,102.0,0.6286755284494313,0.13362602349893626,lost,-1.0
2020_09_LV_LAC,2020,9,spread,home,1.0,-105.0,0.6599107214066612,0.14771559945544166,lost,-1.0
2020_09_LV_LAC,2020,9,total_points,under,52.5,-102.0,0.6460534019054308,0.14110290685592586,lost,-1.0
2020_09_MIA_ARI,2020,9,total_points,under,49.0,-108.0,0.5859075706324236,0.06667680140165433,lost,-1.0
2020_09_NO_TB,2020,9,moneyline,away,,160.0,0.5731963693896304,0.18858098477424573,won,1.6
2020_09_NO_TB,2020,9,spread,away,3.0,107.0,0.6544492483679789,0.1713574609283654,won,1.07
2020_09_NO_TB,2020,9,total_points,over,51.0,-105.0,0.6102990066917374,0.0981038847405179,lost,-1.0
2020_09_PIT_DAL,2020,9,moneyline,home,,591.0,0.4624034860920173,0.3176856858025817,lost,-1.0
2020_09_PIT_DAL,2020,9,spread,home,14.0,-110.0,0.8239817108308266,0.30017218702130277,won,0.9090909090909091
2020_09_SEA_BUF,2020,9,total_points,under,55.0,-101.0,0.7895267023433724,0.28703914015431764,lost,-1.0
2020_09_NE_NYJ,2020,9,spread,away,-9.5,102.0,0.5336012028512652,0.03855169790077018,lost,-1.0
2020_10_IND_TEN,2020,10,moneyline,home,,105.0,0.5562425579846465,0.06843767993586602,lost,-1.0
2020_10_IND_TEN,2020,10,spread,home,1.0,-103.0,0.5877666620898144,0.08037749952823803,lost,-1.0
2020_10_IND_TEN,2020,10,total_points,under,49.0,-100.0,0.6079288139513014,0.10792881395130138,lost,-1.0
2020_10_BAL_NE,2020,10,moneyline,home,,272.0,0.6266424482338189,0.3578252439327436,won,2.72
2020_10_BAL_NE,2020,10,spread,home,7.0,-110.0,0.8010738038170154,0.2772642800074916,won,0.9090909090909091
2020_10_BUF_ARI,2020,10,total_points,under,55.5,-106.0,0.7886652937830336,0.27410218698691713,lost,-1.0
2020_10_CIN_PIT,2020,10,total_points,under,45.5,101.0,0.5572325649121759,0.05972012710123059,lost,-1.0
2020_10_DEN_LV,2020,10,moneyline,away,,168.0,0.44071656923013697,0.06758224087192799,lost,-1.0
2020_10_DEN_LV,2020,10,total_points,under,50.5,-110.0,0.656006692348317,0.13219716853879315,won,0.9090909090909091
2020_10_HOU_CLE,2020,10,moneyline,away,,192.0,0.6009959354616278,0.25853018203697026,lost,-1.0
2020_10_HOU_CLE,2020,10,spread,away,4.5,-106.0,0.723487766565194,0.20892465976907748,won,0.9433962264150944
2020_10_HOU_CLE,2020,10,total_points,under,46.0,-104.0,0.5488407606976604,0.039036839129032996,won,0.9615384615384616
2020_10_JAX_GB,2020,10,moneyline,away,,653.0,0.36139437811651876,0.22859225328252142,lost,-1.0
2020_10_JAX_GB,2020,10,spread,away,13.5,-105.0,0.7244973007452231,0.2123021787940036,won,0.9523809523809523
2020_10_JAX_GB,2020,10,total_points,under,47.0,-104.0,0.5494084049218262,0.03960448335319877,won,0.9615384615384616
2020_10_LAC_MIA,2020,10,moneyline,away,,104.0,0.6356157245793006,0.14541964614792807,lost,-1.0
2020_10_LAC_MIA,2020,10,spread,away,1.0,-100.0,0.670698358378527,0.17069835837852698,lost,-1.0
2020_10_LAC_MIA,2020,10,total_points,under,48.5,-107.0,0.6144583874413586,0.09755017488097217,lost,-1.0
2020_10_PHI_NYG,2020,10,moneyline,home,,194.0,0.4088450724004011,0.06870901797863238,won,1.94
2020_10_SEA_LA,2020,10,moneyline,away,,132.0,0.4898410191187971,0.058806536360176465,lost,-1.0
2020_10_SEA_LA,2020,10,spread,away,3.0,-115.0,0.5748836091770756,0.039999888246843085,lost,-1.0
2020_10_SEA_LA,2020,10,total_points,under,55.0,-100.0,0.6917191876612484,0.1917191876612484,won,1.0
2020_10_SF_NO,2020,10,moneyline,away,,323.0,0.2944008404909207,0.05799422110557789,lost,-1.0
2020_10_SF_NO,2020,10,total_points,over,49.5,-105.0,0.5734477543810718,0.06125263242985224,lost,-1.0
2020_10_TB_CAR,2020,10,moneyline,home,,226.0,0.5937789852508304,0.2870305189931617,lost,-1.0
2020_10_TB_CAR,2020,10,spread,home,6.0,-102.0,0.7437326077589279,0.23878211270942296,lost,-1.0
2020_10_MIN_CHI,2020,10,total_points,under,44.0,100.0,0.6464762966730558,0.14647629667305584,won,1.0
2020_11_ARI_SEA,2020,11,spread,home,-3.0,-105.0,0.5738330106630402,0.06163788871182063,won,0.9523809523809523
2020_11_ARI_SEA,2020,11,total_points,under,56.5,-101.0,0.7362028684721479,0.23371530628309312,won,0.9900990099009901
2020_11_ATL_NO,2020,11,total_points,over,49.5,-108.0,0.6395361899046741,0.12030542067390482,lost,-1.0
2020_11_CIN_WAS,2020,11,total_points,under,48.0,-106.0,0.6274070985292274,0.11284399173311088,won,0.9433962264150944
2020_11_DAL_MIN,2020,11,moneyline,away,,261.0,0.3869325780939577,0.1099242678446502,won,2.61
2020_11_DAL_MIN,2020,11,spread,away,7.0,-110.0,0.5916141687529854,0.06780464494346161,won,0.9090909090909091
2020_11_DAL_MIN,2020,11,total_points,under,50.0,-111.0,0.7163758423319257,0.19030949162102528,lost,-1.0
2020_11_DET_CAR,2020,11,moneyline,home,,152.0,0.5969177552952966,0.20009235846989976,won,1.52
2020_11_DET_CAR,2020,11,spread,home,3.0,108.0,0.6767132098562662,0.19594397908703537,won,1.08
2020_11_GB_IND,2020,11,total_points,under,52.0,102.0,0.6411139903990262,0.14606448544853112,lost,-1.0
2020_11_KC_LV,2020,11,moneyline,home,,296.0,0.3906893492259763,0.13816409670072377,lost,-1.0
2020_11_KC_LV,2020,11,spread,home,7.5,-102.0,0.5959240071386733,0.09097351208916837,won,0.9803921568627451
2020_11_KC_LV,2020,11,total_points,under,56.5,-104.0,0.6339491122264015,0.12414519065777407,lost,-1.0
2020_11_MIA_DEN,2020,11,moneyline,home,,174.0,0.6330762904450266,0.2681127867953915,won,1.74
2020_11_MIA_DEN,2020,11,spread,home,4.0,-105.0,0.742515896379675,0.23032077442845544,won,0.9523809523809523
2020_11_MIA_DEN,2020,11,total_points,under,46.0,-108.0,0.6203274956363634,0.10109672640559408,won,0.9259259259259259
2020_11_NE_HOU,2020,11,moneyline,away,,-147.0,0.682724996831402,0.08758329642654372,lost,-1.0
2020_11_NE_HOU,2020,11,spread,away,-2.5,-117.0,0.6234318051967304,0.08426129828428797,lost,-1.0
2020_11_NE_HOU,2020,11,total_points,under,49.5,-103.0,0.6504738660727984,0.14308470351122204,won,0.970873786407767
2020_11_NYJ_LAC,2020,11,moneyline,away,,351.0,0.2737041969890799,0.051974706966906925,lost,-1.0
2020_11_NYJ_LAC,2020,11,total_points,under,47.0,-104.0,0.6330096892355196,0.12320576766689217,lost,-1.0
2020_11_PHI_CLE,2020,11,moneyline,away,,122.0,0.662268068528736,0.21181761807828553,lost,-1.0
2020_11_PHI_CLE,2020,11,spread,away,2.5,-104.0,0.7215414199913378,0.2117374984227104,lost,-1.0
2020_11_PIT_JAX,2020,11,moneyline,home,,386.0,0.36868130263463195,0.16291998576220396,lost,-1.0
2020_11_PIT_JAX,2020,11,spread,home,11.0,-107.0,0.6800578231665031,0.16314961060611666,lost,-1.0
2020_11_PIT_JAX,2020,11,total_points,under,47.0,101.0,0.5987724621811917,0.10126002437024645,won,1.01
2020_11_TEN_BAL,2020,11,total_points,under,50.5,-102.0,0.6792060042180484,0.1742555091685435,lost,-1.0
2020_11_LA_TB,2020,11,moneyline,away,,173.0,0.5476340628296094,0.18133369652924308,won,1.73
2020_11_LA_TB,2020,11,spread,away,4.0,-109.0,0.6621050048638623,0.1405739043853934,won,0.9174311926605505
2020_11_LA_TB,2020,11,total_points,over,47.5,-102.0,0.5749234275703311,0.06997293252082615,won,0.9803921568627451
2020_12_HOU_DET,2020,12,moneyline,home,,139.0,0.5180528783455797,0.0996428365045755,lost,-1.0
2020_12_HOU_DET,2020,12,spread,home,3.0,-106.0,0.6009018437632008,0.08633873696708427,lost,-1.0
2020_12_HOU_DET,2020,12,total_points,under,52.5,-110.0,0.6950010012908461,0.17119147748132224,lost,-1.0
2020_12_WAS_DAL,2020,12,moneyline,home,,-135.0,0.6459582508383322,0.07149016573194922,lost,-1.0
2020_12_WAS_DAL,2020,12,spread,home,-2.5,-106.0,0.5810203564872815,0.06645724969116495,lost,-1.0
2020_12_WAS_DAL,2020,12,total_points,under,46.0,-105.0,0.5611470503896203,0.048951928438400794,lost,-1.0
2020_12_ARI_NE,2020,12,moneyline,home,,104.0,0.7513977750607608,0.26120169662938825,won,1.04
2020_12_ARI_NE,2020,12,spread,home,1.0,-103.0,0.7797442816456688,0.2723551190840924,won,0.970873786407767
2020_12_ARI_NE,2020,12,total_points,under,51.0,-106.0,0.646203800620002,0.13164069382388555,won,0.9433962264150944
2020_12_CAR_MIN,2020,12,spread,home,-3.0,104.0,0.5389434649472874,0.04874738651591487,lost,-1.0
2020_12_CAR_MIN,2020,12,total_points,under,50.0,-104.0,0.638872445590569,0.12906852402194158,lost,-1.0
2020_12_CHI_GB,2020,12,moneyline,away,,293.0,0.3860987119928373,0.1316457857841859,lost,-1.0
2020_12_CHI_GB,2020,12,spread,away,7.5,-116.0,0.6056842545383172,0.06864721750128011,lost,-1.0
2020_12_CHI_GB,2020,12,total_points,under,44.0,-105.0,0.5500448495558582,0.03784972760463867,lost,-1.0
2020_12_CLE_JAX,2020,12,moneyline,home,,284.0,0.6418245795983253,0.3814079129316586,lost,-1.0
2020_12_CLE_JAX,2020,12,spread,home,7.5,-112.0,0.8180304576973609,0.2897285709049081,won,0.8928571428571429
2020_12_CLE_JAX,2020,12,total_points,under,48.5,-112.0,0.6445774462377774,0.11627555944532453,lost,-1.0
2020_12_KC_TB,2020,12,spread,away,-3.5,112.0,0.5625148413765321,0.0908167281689849,lost,-1.0
2020_12_KC_TB,2020,12,total_points,under,56.0,-103.0,0.6173253469601433,0.1099361843985669,won,0.970873786407767
2020_12_LAC_BUF,2020,12,moneyline,away,,189.0,0.5292188246650776,0.18319806341940292,lost,-1.0
2020_12_LAC_BUF,2020,12,spread,away,4.5,-107.0,0.6603388045973067,0.1434305920369202,lost,-1.0
2020_12_LAC_BUF,2020,12,total_points,under,51.0,103.0,0.7257847558408518,0.23317391840242813,won,1.03
2020_12_LV_ATL,2020,12,moneyline,home,,164.0,0.5647918718413418,0.18600399305346305,won,1.64
2020_12_LV_ATL,2020,12,spread,home,3.5,-105.0,0.6547873132259886,0.14259219127476908,won,0.9523809523809523
2020_12_MIA_NYJ,2020,12,moneyline,home,,296.0,0.5368440797112457,0.28431882718599316,lost,-1.0
2020_12_MIA_NYJ,2020,12,spread,home,7.5,-104.0,0.7375723022427899,0.2277683806741625,lost,-1.0
2020_12_MIA_NYJ,2020,12,total_points,under,46.0,100.0,0.5655718444630943,0.06557184446309428,won,1.0
2020_12_NO_DEN,2020,12,moneyline,home,,906.0,0.41112164119229117,0.31171806266346413,lost,-1.0
2020_12_NO_DEN,2020,12,spread,home,17.0,-107.0,0.8370134720057117,0.3201052594453253,lost,-1.0
2020_12_NO_DEN,2020,12,total_points,over,36.5,-102.0,0.7823433911440612,0.2773928960945562,lost,-1.0
2020_12_NYG_CIN,2020,12,moneyline,home,,227.0,0.5839050925964487,0.27809469504293194,lost,-1.0
2020_12_NYG_CIN,2020,12,spread,home,6.5,-107.0,0.7455223632801765,0.22861415071979008,won,0.9345794392523364
2020_12_SF_LA,2020,12,spread,home,-5.0,101.0,0.543603737980597,0.04609130016965174,lost,-1.0
2020_12_SF_LA,2020,12,total_points,over,44.5,-110.0,0.5738688100761097,0.050059286266585845,lost,-1.0
2020_12_TEN_IND,2020,12,total_points,under,51.5,-107.0,0.6652729269286286,0.14836471436824217,lost,-1.0
2020_12_SEA_PHI,2020,12,moneyline,home,,237.0,0.4946094570271259,0.19787355198261553,lost,-1.0
2020_12_SEA_PHI,2020,12,spread,home,6.5,-104.0,0.665823792936303,0.1560198713676756,won,0.9615384615384616
2020_12_SEA_PHI,2020,12,total_points,under,50.0,-108.0,0.5839850350604169,0.0647542658296476,won,0.9259259259259259
2020_12_BAL_PIT,2020,12,moneyline,away,,416.0,0.45578124855293617,0.26198279894053306,lost,-1.0
2020_12_BAL_PIT,2020,12,spread,away,10.5,-109.0,0.7407575056336727,0.21922640515520386,won,0.9174311926605505
2020_12_BAL_PIT,2020,12,total_points,over,41.5,-107.0,0.561044593951971,0.0441363813915846,lost,-1.0
2020_13_CIN_MIA,2020,13,moneyline,away,,397.0,0.5156506208576705,0.314443377396906,lost,-1.0
2020_13_CIN_MIA,2020,13,spread,away,10.5,-115.0,0.7868439802016731,0.2519602592714406,lost,-1.0
2020_13_CLE_TEN,2020,13,spread,home,-4.0,101.0,0.5892223606558603,0.09170992284491503,lost,-1.0
2020_13_CLE_TEN,2020,13,total_points,under,54.0,-107.0,0.7554576265221663,0.23854941396177987,lost,-1.0
2020_13_DEN_KC,2020,13,moneyline,away,,510.0,0.25697493961263584,0.09304051338312766,lost,-1.0
2020_13_DEN_KC,2020,13,spread,away,13.0,-120.0,0.6096039923701871,0.06414944691564173,won,0.8333333333333334
2020_13_DEN_KC,2020,13,total_points,under,51.0,-101.0,0.690029486788022,0.18754192459896724,won,0.9900990099009901
2020_13_IND_HOU,2020,13,moneyline,home,,157.0,0.5457037938166849,0.15659873545092612,lost,-1.0
2020_13_IND_HOU,2020,13,spread,home,3.5,-112.0,0.6400556199081437,0.11175373311569092,lost,-1.0
2020_13_IND_HOU,2020,13,total_points,under,50.0,-105.0,0.6230866949487692,0.1108915729975497,won,0.9523809523809523
2020_13_JAX_MIN,2020,13,moneyline,away,,365.0,0.3029033243489931,0.08784956090813287,lost,-1.0
2020_13_JAX_MIN,2020,13,spread,away,10.5,-118.0,0.599182507383637,0.05789810371391224,won,0.847457627118644
2020_13_JAX_MIN,2020,13,total_points,under,51.0,103.0,0.7445025254761888,0.2518916880377651,push,0.0
2020_13_LA_ARI,2020,13,spread,home,2.5,103.0,0.5301791354414553,0.037568298003031686,lost,-1.0
2020_13_LV_NYJ,2020,13,moneyline,home,,295.0,0.44168599177590595,0.18852143481388062,lost,-1.0
2020_13_LV_NYJ,2020,13,spread,home,7.5,-113.0,0.6501351083689546,0.11961867644407198,won,0.8849557522123894
2020_13_LV_NYJ,2020,13,total_points,under,48.0,104.0,0.5256131055862577,0.035417027154885206,lost,-1.0
2020_13_NE_LAC,2020,13,moneyline,away,,117.0,0.602314345664788,0.14148485257723042,won,1.17
2020_13_NE_LAC,2020,13,spread,away,2.5,-109.0,0.6659854221480224,0.14445432166955352,won,0.9174311926605505
2020_13_NE_LAC,2020,13,total_points,under,47.0,-112.0,0.5826729193722138,0.05437103257976095,won,0.8928571428571429
2020_13_NO_ATL,2020,13,spread,home,2.5,102.0,0.5343130029581126,0.039263498007617526,lost,-1.0
2020_13_NO_ATL,2020,13,total_points,over,46.0,-110.0,0.7169661593173016,0.19315663550777773,lost,-1.0
2020_13_NYG_SEA,2020,13,moneyline,away,,413.0,0.2839286341091636,0.08899686023002129,won,4.13
2020_13_NYG_SEA,2020,13,spread,away,11.0,-114.0,0.5886060003579311,0.05589571998409937,won,0.8771929824561403
2020_13_NYG_SEA,2020,13,total_points,under,48.5,-102.0,0.5753639297338143,0.07041343468430938,won,0.9803921568627451
2020_13_PHI_GB,2020,13,moneyline,away,,328.0,0.46116757947768056,0.22752271966459645,lost,-1.0
2020_13_PHI_GB,2020,13,spread,away,8.0,-102.0,0.6864298895134588,0.1814793944639539,lost,-1.0
2020_13_PHI_GB,2020,13,total_points,under,50.0,-107.0,0.5759519064421205,0.05904369388173403,won,0.9345794392523364
2020_13_BUF_SF,2020,13,moneyline,away,,110.0,0.5169611815383995,0.040770705347923375,won,1.1
2020_13_BUF_SF,2020,13,spread,away,1.5,-103.0,0.5633551868005489,0.055966024238972456,won,0.970873786407767
2020_13_BUF_SF,2020,13,total_points,under,48.0,-103.0,0.6187297819126595,0.11134061935108308,lost,-1.0
2020_13_WAS_PIT,2020,13,spread,home,-5.5,-110.0,0.5834321438987683,0.05962262008924446,lost,-1.0
2020_13_DAL_BAL,2020,13,moneyline,away,,326.0,0.351090331944466,0.1163485479069073,lost,-1.0
2020_13_DAL_BAL,2020,13,spread,away,8.5,-103.0,0.5916686702495921,0.08427950768801573,lost,-1.0
2020_13_DAL_BAL,2020,13,total_points,under,46.0,-108.0,0.5617655050333663,0.042534735802597035,lost,-1.0
2020_14_NE_LA,2020,14,moneyline,away,,201.0,0.6042481648840202,0.27202225126275775,lost,-1.0
2020_14_NE_LA,2020,14,spread,away,5.0,-103.0,0.7373739706437199,0.2299848080821435,lost,-1.0
2020_14_NE_LA,2020,14,total_points,over,43.5,-110.0,0.5871019922622608,0.06329246845273695,lost,-1.0
2020_14_ARI_NYG,2020,14,moneyline,home,,139.0,0.48087287214150837,0.0624628303005042,lost,-1.0
2020_14_ARI_NYG,2020,14,spread,home,3.0,-104.0,0.5630800485126419,0.05327612694401451,lost,-1.0
2020_14_ATL_LAC,2020,14,total_points,under,49.0,-101.0,0.5434876388818491,0.041000076692794374,won,0.9900990099009901
2020_14_DAL_CIN,2020,14,moneyline,home,,148.0,0.479795430678394,0.0765696242267811,lost,-1.0
2020_14_DAL_CIN,2020,14,spread,home,3.0,103.0,0.5630548340867708,0.07044399664834716,lost,-1.0
2020_14_DEN_CAR,2020,14,moneyline,away,,177.0,0.4069021749087334,0.04589134458382366,won,1.77
2020_14_DEN_CAR,2020,14,total_points,under,46.0,-101.0,0.5795800027571038,0.07709244056804898,lost,-1.0
2020_14_GB_DET,2020,14,moneyline,home,,292.0,0.4535956679549122,0.19849362713858565,lost,-1.0
2020_14_GB_DET,2020,14,spread,home,9.5,-117.0,0.7019371498747048,0.1627666429622624,won,0.8547008547008547
2020_14_GB_DET,2020,14,total_points,under,55.5,-105.0,0.7036701560965147,0.1914750341452952,won,0.9523809523809523
2020_14_HOU_CHI,2020,14,spread,home,1.0,-103.0,0.5569602139054038,0.049571051343827444,won,0.970873786407767
2020_14_HOU_CHI,2020,14,total_points,under,46.0,101.0,0.6470512134783878,0.1495387756674425,won,1.01
2020_14_IND_LV,2020,14,moneyline,home,,118.0,0.536840902648473,0.0781253063181977,lost,-1.0
2020_14_IND_LV,2020,14,spread,home,2.5,-106.0,0.5985024201228355,0.083939313326719,lost,-1.0
2020_14_KC_MIA,2020,14,spread,away,-7.5,109.0,0.5240665889523077,0.04559768943077663,lost,-1.0
2020_14_KC_MIA,2020,14,total_points,under,51.5,-102.0,0.6039318689766181,0.09898137392711315,lost,-1.0
2020_14_MIN_TB,2020,14,moneyline,away,,271.0,0.573067463656193,0.30352568468045177,lost,-1.0
2020_14_MIN_TB,2020,14,spread,away,7.0,-106.0,0.759309156495864,0.24474604969974745,lost,-1.0
2020_14_MIN_TB,2020,14,total_points,under,52.5,-116.0,0.6538797076188138,0.11684267058177666,won,0.8620689655172413
2020_14_NO_PHI,2020,14,moneyline,home,,284.0,0.46736036447581636,0.20694369780914967,won,2.84
2020_14_NO_PHI,2020,14,spread,home,7.5,-106.0,0.6691777073467162,0.15461460055059972,won,0.9433962264150944
2020_14_NO_PHI,2020,14,total_points,over,43.0,-105.0,0.7303431027891016,0.21814798083788212,won,0.9523809523809523
2020_14_NYJ_SEA,2020,14,moneyline,away,,734.0,0.24675587377701508,0.12685179703840596,lost,-1.0
2020_14_NYJ_SEA,2020,14,spread,away,16.5,-110.0,0.6858342873649587,0.16202476355543483,lost,-1.0
2020_14_NYJ_SEA,2020,14,total_points,under,49.5,105.0,0.6430045599218943,0.15519968187311384,won,1.05
2020_14_PIT_BUF,2020,14,moneyline,away,,112.0,0.5831133857112815,0.11141527250373429,lost,-1.0
2020_14_PIT_BUF,2020,14,spread,away,2.0,-109.0,0.6410636852472035,0.11953258476873463,lost,-1.0
2020_14_PIT_BUF,2020,14,total_points,under,48.5,-106.0,0.6634102406812503,0.14884713388513382,won,0.9433962264150944
2020_14_TEN_JAX,2020,14,moneyline,home,,307.0,0.4817321253041467,0.236031879603901,lost,-1.0
2020_14_TEN_JAX,2020,14,spread,home,7.5,-104.0,0.6901302490281163,0.18032632745948884,lost,-1.0
2020_14_TEN_JAX,2020,14,total_points,under,53.0,-112.0,0.7366569237722903,0.20835503697983748,won,0.8928571428571429
2020_14_WAS_SF,2020,14,moneyline,away,,134.0,0.4638017222259428,0.03645129487551546,won,1.34
2020_14_BAL_CLE,2020,14,spread,away,-3.0,-116.0,0.6624730908824759,0.12543605384543877,won,0.8620689655172413
2020_14_BAL_CLE,2020,14,total_points,under,45.5,-100.0,0.5377932750910464,0.03779327509104635,lost,-1.0
2020_15_LAC_LV,2020,15,moneyline,away,,156.0,0.5331217386490243,0.14249673864902435,won,1.56
2020_15_LAC_LV,2020,15,spread,away,3.5,-123.0,0.6295192521340838,0.07794974540762634,won,0.8130081300813008
2020_15_LAC_LV,2020,15,total_points,under,52.0,-101.0,0.5752293309186397,0.07274176872958493,lost,-1.0
2020_15_BUF_DEN,2020,15,moneyline,home,,212.0,0.5155105325724468,0.1949977120596263,lost,-1.0
2020_15_BUF_DEN,2020,15,spread,home,5.5,-105.0,0.6650348627853618,0.1528397408341423,lost,-1.0
2020_15_BUF_DEN,2020,15,total_points,under,49.0,-103.0,0.7509828783556218,0.24359371579404543,lost,-1.0
2020_15_CAR_GB,2020,15,moneyline,away,,346.0,0.42763457526140775,0.20341932862463644,lost,-1.0
2020_15_CAR_GB,2020,15,spread,away,9.5,-103.0,0.6809107385753876,0.17352157601381124,won,0.970873786407767
2020_15_CAR_GB,2020,15,total_points,under,53.0,-104.0,0.6170020817656181,0.10719816019699069,won,0.9615384615384616
2020_15_CHI_MIN,2020,15,moneyline,home,,-152.0,0.6593344063827151,0.05615980320811198,lost,-1.0
2020_15_CHI_MIN,2020,15,spread,home,-2.5,-123.0,0.5940283020819977,0.04245879535554031,lost,-1.0
2020_15_CHI_MIN,2020,15,total_points,under,47.5,-111.0,0.7187626950177187,0.19269634430681826,lost,-1.0
2020_15_CLE_NYG,2020,15,moneyline,home,,235.0,0.6160403495204642,0.317532886833897,lost,-1.0
2020_15_CLE_NYG,2020,15,spread,home,6.0,-102.0,0.7659254053412687,0.2609749102917638,lost,-1.0
2020_15_DET_TEN,2020,15,moneyline,away,,325.0,0.40452981968823765,0.16923570204117883,lost,-1.0
2020_15_DET_TEN,2020,15,spread,away,9.5,-113.0,0.6621208711133589,0.1316044391884763,lost,-1.0
2020_15_DET_TEN,2020,15,total_points,under,54.5,-109.0,0.71344996725486,0.19191886677639114,lost,-1.0
2020_15_HOU_IND,2020,15,moneyline,away,,311.0,0.44133742002633164,0.1980284175932416,lost,-1.0
2020_15_HOU_IND,2020,15,spread,away,7.5,-108.0,0.6547846637513536,0.1355538945205843,won,0.9259259259259259
2020_15_HOU_IND,2020,15,total_points,under,52.5,-106.0,0.6812027180767607,0.1666396112806442,won,0.9433962264150944
2020_15_JAX_BAL,2020,15,moneyline,away,,564.0,0.26807049769013225,0.11746808805157802,lost,-1.0
2020_15_JAX_BAL,2020,15,spread,away,13.0,-118.0,0.6238365689098675,0.08255216524014275,lost,-1.0
2020_15_JAX_BAL,2020,15,total_points,under,49.5,-110.0,0.6549923118464056,0.13118278803688177,lost,-1.0
2020_15_KC_NO,2020,15,moneyline,home,,124.0,0.48296518237360886,0.03653661094503741,lost,-1.0
2020_15_KC_NO,2020,15,spread,home,2.5,102.0,0.5447719257949554,0.049722420844460324,lost,-1.0
2020_15_NE_MIA,2020,15,moneyline,away,,-120.0,0.7543652777972839,0.2089107323427385,lost,-1.0
2020_15_NE_MIA,2020,15,spread,away,-1.5,-106.0,0.7191872315659562,0.2046241247698397,lost,-1.0
2020_15_NE_MIA,2020,15,total_points,over,40.0,-112.0,0.6324724223949809,0.10417053560252809,lost,-1.0
2020_15_NYJ_LA,2020,15,moneyline,away,,957.0,0.2611571814156291,0.1665498020400378,won,9.57
2020_15_NYJ_LA,2020,15,spread,away,17.5,-115.0,0.7302034846437485,0.195319763713516,won,0.8695652173913043
2020_15_PHI_ARI,2020,15,moneyline,away,,226.0,0.5081440784227257,0.20139561216505697,lost,-1.0
2020_15_PHI_ARI,2020,15,spread,away,6.5,-114.0,0.6814257282430912,0.1487154478692595,lost,-1.0
2020_15_PHI_ARI,2020,15,total_points,under,49.5,-103.0,0.5740509872118267,0.06666182465025028,lost,-1.0
2020_15_SEA_WAS,2020,15,moneyline,home,,219.0,0.3772332804726352,0.06375365664818378,lost,-1.0
2020_15_SF_DAL,2020,15,moneyline,home,,180.0,0.6369211841332523,0.2797783269903951,won,1.8
2020_15_SF_DAL,2020,15,spread,home,4.0,-104.0,0.7439625720594192,0.23415865049079176,won,0.9615384615384616
2020_15_TB_ATL,2020,15,moneyline,home,,225.0,0.6072916845670631,0.29959937687475535,lost,-1.0
2020_15_TB_ATL,2020,15,spread,home,6.0,-106.0,0.7544591727590021,0.2398960659628856,won,0.9433962264150944
2020_15_TB_ATL,2020,15,total_points,over,49.5,-108.0,0.5579879872659318,0.03875721803516252,won,0.9259259259259259
2020_15_PIT_CIN,2020,15,moneyline,home,,682.0,0.3720492955423561,0.2441720576906937,won,6.82
2020_15_PIT_CIN,2020,15,spread,home,14.5,-109.0,0.7655066574542897,0.24397555697582085,won,0.9174311926605505
2020_15_PIT_CIN,2020,15,total_points,over,40.5,-104.0,0.5605550010610413,0.050751079492413864,won,0.9615384615384616
2020_16_MIN_NO,2020,16,moneyline,away,,260.0,0.4249664807666466,0.14718870298886882,lost,-1.0
2020_16_MIN_NO,2020,16,spread,away,6.5,-109.0,0.6014683102514076,0.07993720977293872,lost,-1.0
2020_16_MIA_LV,2020,16,moneyline,home,,113.0,0.6056508189461297,0.13616725087101234,lost,-1.0
2020_16_MIA_LV,2020,16,spread,home,2.0,-106.0,0.6579611769197794,0.1433980701236629,won,0.9433962264150944
2020_16_SF_ARI,2020,16,moneyline,away,,242.0,0.3914713321468909,0.09907367132817746,won,2.42
2020_16_SF_ARI,2020,16,spread,away,6.0,-108.0,0.5580150617097279,0.03878429247895865,won,0.9259259259259259
2020_16_SF_ARI,2020,16,total_points,under,49.0,-104.0,0.5591867524004078,0.04938283083178041,won,0.9615384615384616
2020_16_TB_DET,2020,16,moneyline,home,,455.0,0.5128497845762149,0.3326696043960347,lost,-1.0
2020_16_TB_DET,2020,16,spread,home,12.0,-111.0,0.8085146970356281,0.2824483463247276,lost,-1.0
2020_16_TB_DET,2020,16,total_points,under,55.0,-107.0,0.6343843524157143,0.1174761398553279,won,0.9345794392523364
2020_16_ATL_KC,2020,16,moneyline,away,,409.0,0.3285153634328433,0.13205170920887477,lost,-1.0
2020_16_ATL_KC,2020,16,spread,away,11.0,-110.0,0.6295931958464037,0.10578367203687988,won,0.9090909090909091
2020_16_ATL_KC,2020,16,total_points,under,54.0,-106.0,0.5780907616886403,0.06352765489252377,won,0.9433962264150944
2020_16_CAR_WAS,2020,16,total_points,over,41.0,-114.0,0.6494727391051492,0.11676245873131752,lost,-1.0
2020_16_CHI_JAX,2020,16,moneyline,home,,370.0,0.49325199046331,0.28048603301650143,lost,-1.0
2020_16_CHI_JAX,2020,16,spread,home,9.5,-103.0,0.7430710363723775,0.23568187381080108,lost,-1.0
2020_16_CHI_JAX,2020,16,total_points,under,47.0,-105.0,0.6808774474962117,0.16868232554499218,lost,-1.0
2020_16_CIN_HOU,2020,16,moneyline,away,,276.0,0.42754741345478275,0.16158996664627212,won,2.76
2020_16_CIN_HOU,2020,16,spread,away,7.5,-113.0,0.6453993019757892,0.11488287005090658,won,0.8849557522123894
2020_16_CIN_HOU,2020,16,total_points,under,46.0,-105.0,0.5885977490167928,0.07640262706557333,lost,-1.0
2020_16_CLE_NYJ,2020,16,moneyline,home,,260.0,0.5631208753391719,0.2853430975613941,won,2.6
2020_16_CLE_NYJ,2020,16,spread,home,6.5,103.0,0.7286231857838645,0.23601234834544088,won,1.03
2020_16_CLE_NYJ,2020,16,total_points,under,45.0,-105.0,0.5533597437700232,0.04116462181880365,won,0.9523809523809523
2020_16_DEN_LAC,2020,16,moneyline,home,,-125.0,0.6292752814371231,0.0737197258815675,won,0.8
2020_16_DEN_LAC,2020,16,spread,home,-2.5,100.0,0.5628543607589103,0.06285436075891027,won,1.0
2020_16_DEN_LAC,2020,16,total_points,under,47.5,-104.0,0.6834668972424744,0.17366297567384703,won,0.9615384615384616
2020_16_IND_PIT,2020,16,moneyline,home,,-104.0,0.6595631691018974,0.14975924753326997,won,0.9615384615384616
2020_16_IND_PIT,2020,16,spread,home,1.0,-111.0,0.6907636808652392,0.16469733015433874,won,0.9009009009009009
2020_16_IND_PIT,2020,16,total_points,over,43.0,-106.0,0.57504139511776,0.06047828832164348,won,0.9433962264150944
2020_16_PHI_DAL,2020,16,moneyline,home,,149.0,0.5276785813462136,0.12607215564340235,won,1.49
2020_16_PHI_DAL,2020,16,spread,home,3.0,104.0,0.6104003068837265,0.12020422845235396,won,1.04
2020_16_PHI_DAL,2020,16,total_points,under,50.0,-103.0,0.6262982296857131,0.11890906712413674,lost,-1.0
2020_16_TEN_GB,2020,16,total_points,under,52.5,-104.0,0.6560666530578482,0.14626273148922075,lost,-1.0
2020_16_BUF_NE,2020,16,moneyline,home,,268.0,0.7355708300479602,0.4638316996131776,lost,-1.0
2020_16_BUF_NE,2020,16,spread,home,7.0,-108.0,0.8778497685770883,0.358618999346319,lost,-1.0
2020_16_BUF_NE,2020,16,total_points,under,47.0,100.0,0.6141982467517875,0.11419824675178747,push,0.0
2020_17_ARI_LA,2020,17,moneyline,home,,-125.0,0.6196301265908637,0.06407457103530811,won,0.8
2020_17_ARI_LA,2020,17,spread,home,-1.0,-116.0,0.5899799360940448,0.052942899057007664,won,0.8620689655172413
2020_17_ARI_LA,2020,17,total_points,over,42.0,-104.0,0.6491996701999506,0.1393957486313232,lost,-1.0
2020_17_ATL_TB,2020,17,moneyline,away,,276.0,0.5099916940102799,0.24403424720176925,lost,-1.0
2020_17_ATL_TB,2020,17,spread,away,7.5,-123.0,0.7098661765433795,0.15829666981692203,lost,-1.0
2020_17_BAL_CIN,2020,17,moneyline,home,,597.0,0.35924961548097073,0.21577759252544707,lost,-1.0
2020_17_BAL_CIN,2020,17,spread,home,13.5,-117.0,0.7228196766776149,0.18364916976517254,lost,-1.0
2020_17_BAL_CIN,2020,17,total_points,under,46.0,-109.0,0.5702941235619856,0.048763023083516766,won,0.9174311926605505
2020_17_GB_CHI,2020,17,moneyline,home,,184.0,0.47229169851691205,0.12017902246057405,lost,-1.0
2020_17_GB_CHI,2020,17,spread,home,4.5,-107.0,0.6027771809531394,0.08586896839275293,lost,-1.0
2020_17_GB_CHI,2020,17,total_points,under,48.5,-112.0,0.6485996392613584,0.12029775246890562,lost,-1.0
2020_17_JAX_IND,2020,17,moneyline,away,,906.0,0.3825925647989093,0.28318898627008227,lost,-1.0
2020_17_JAX_IND,2020,17,spread,away,15.5,104.0,0.7884044137867561,0.29820833535538355,won,1.04
2020_17_JAX_IND,2020,17,total_points,under,48.0,-112.0,0.5727796725159652,0.04447778572351235,won,0.8928571428571429
2020_17_LAC_KC,2020,17,moneyline,home,,244.0,0.6691240987559185,0.3784264243373138,lost,-1.0
2020_17_LAC_KC,2020,17,spread,home,7.0,-117.0,0.8299713265890631,0.29080081967662075,lost,-1.0
2020_17_LAC_KC,2020,17,total_points,over,43.0,-108.0,0.624132268941964,0.10490149971119478,won,0.9259259259259259
2020_17_LV_DEN,2020,17,moneyline,home,,130.0,0.5391069068119707,0.10432429811631855,lost,-1.0
2020_17_LV_DEN,2020,17,spread,home,2.5,104.0,0.6015181767068318,0.1113220982754593,won,1.04
2020_17_LV_DEN,2020,17,total_points,under,50.5,-103.0,0.6028922949979053,0.09550313243632891,lost,-1.0
2020_17_MIA_BUF,2020,17,moneyline,home,,138.0,0.6534345515094967,0.23326648428260593,won,1.38
2020_17_MIA_BUF,2020,17,spread,home,3.5,-125.0,0.7392645126004682,0.18370895704491264,won,0.8
2020_17_MIN_DET,2020,17,total_points,under,54.0,-112.0,0.7339972398333698,0.20569535304091702,lost,-1.0
2020_17_NO_CAR,2020,17,moneyline,home,,219.0,0.4395970401292077,0.12611741630475626,lost,-1.0
2020_17_NO_CAR,2020,17,spread,home,6.0,-110.0,0.5993229625338787,0.0755134387243549,lost,-1.0
2020_17_NO_CAR,2020,17,total_points,over,47.0,-104.0,0.6657599681915194,0.15595604662289198,lost,-1.0
2020_17_NYJ_NE,2020,17,spread,home,-3.0,-110.0,0.7788087271305476,0.25499920332102377,won,0.9090909090909091
2020_17_PIT_CLE,2020,17,moneyline,away,,376.0,0.713407770368571,0.5033237367551255,lost,-1.0
2020_17_PIT_CLE,2020,17,spread,away,10.5,-111.0,0.9065761829349299,0.38050983222402945,won,0.9009009009009009
2020_17_SEA_SF,2020,17,moneyline,home,,266.0,0.36503258145661277,0.09180853774076575,lost,-1.0
2020_17_SEA_SF,2020,17,total_points,over,45.0,102.0,0.5340764466965972,0.039026941746102106,won,1.02
2020_17_TEN_HOU,2020,17,moneyline,home,,259.0,0.5177510794597882,0.23919954742636196,lost,-1.0
2020_17_TEN_HOU,2020,17,spread,home,7.0,-111.0,0.7111361642618564,0.18506981355095597,won,0.9009009009009009
2020_17_TEN_HOU,2020,17,total_points,under,55.5,-113.0,0.7734226093306956,0.242906177405813,lost,-1.0
2020_17_WAS_PHI,2020,17,moneyline,home,,245.0,0.6388760464347553,0.34902097397098714,lost,-1.0
2020_17_WAS_PHI,2020,17,spread,home,6.5,-101.0,0.7885808229766186,0.2860932607875638,won,0.9900990099009901
2021_01_DAL_TB,2021,1,moneyline,away,,351.0,0.49397226617529366,0.2722427761531207,lost,-1.0
2021_01_DAL_TB,2021,1,spread,away,10.0,-121.0,0.7589516788543471,0.2114403666371525,won,0.8264462809917356
2021_01_DAL_TB,2021,1,total_points,under,52.5,-108.0,0.6070249290858108,0.08779415985504158,lost,-1.0
2021_01_ARI_TEN,2021,1,total_points,under,54.0,-103.0,0.7070961113253498,0.19970694876377337,won,0.970873786407767
2021_01_CHI_LA,2021,1,moneyline,away,,324.0,0.36211700809400993,0.12626795149023634,lost,-1.0
2021_01_CHI_LA,2021,1,spread,away,9.5,-108.0,0.6246126859141778,0.10538191668340857,lost,-1.0
2021_01_CHI_LA,2021,1,total_points,under,46.0,-107.0,0.5859748728395779,0.0690666602791915,lost,-1.0
2021_01_CLE_KC,2021,1,spread,home,-5.5,-110.0,0.7022829281332956,0.1784734043237718,lost,-1.0
2021_01_CLE_KC,2021,1,total_points,under,54.5,-107.0,0.6747222913585298,0.15781407879814335,lost,-1.0
2021_01_DEN_NYG,2021,1,moneyline,home,,125.0,0.4945214088654596,0.05007696442101517,lost,-1.0
2021_01_GB_NO,2021,1,moneyline,home,,162.0,0.6080480168436636,0.22636862753068648,won,1.62
2021_01_GB_NO,2021,1,spread,home,4.0,-114.0,0.71456880231446,0.18185852194062824,won,0.8771929824561403
2021_01_GB_NO,2021,1,total_points,over,49.0,-102.0,0.6000189465986095,0.0950684515491046,lost,-1.0
2021_01_JAX_HOU,2021,1,moneyline,home,,154.0,0.6021400515319618,0.208439264130387,won,1.54
2021_01_JAX_HOU,2021,1,spread,home,3.5,-113.0,0.6929722739428462,0.1624558420179636,won,0.8849557522123894
2021_01_LAC_WAS,2021,1,moneyline,away,,117.0,0.5699265140454414,0.10909702095788376,won,1.17
2021_01_LAC_WAS,2021,1,spread,away,2.5,-109.0,0.635228227465746,0.11369712698727719,won,0.9174311926605505
2021_01_MIA_NE,2021,1,spread,home,-3.5,102.0,0.7371026640522328,0.24205315910173775,lost,-1.0
2021_01_MIA_NE,2021,1,total_points,over,43.5,103.0,0.5333409069786849,0.040730069540261205,lost,-1.0
2021_01_MIN_CIN,2021,1,total_points,under,47.0,102.0,0.6271266640453358,0.13207715909484075,lost,-1.0
2021_01_NYJ_CAR,2021,1,spread,home,-3.5,-102.0,0.581542116954045,0.07659162190454005,won,0.9803921568627451
2021_01_PHI_ATL,2021,1,moneyline,away,,161.0,0.4553160207557008,0.07217425830359353,won,1.61
2021_01_PIT_BUF,2021,1,moneyline,away,,232.0,0.5507142351411196,0.24950941586401115,won,2.32
2021_01_PIT_BUF,2021,1,spread,away,6.5,-110.0,0.7208902245982106,0.19708070078868678,won,0.9090909090909091
2021_01_PIT_BUF,2021,1,total_points,under,48.0,-114.0,0.6393933859576976,0.10668310558386584,won,0.8771929824561403
2021_01_SEA_IND,2021,1,total_points,under,49.0,-105.0,0.5560663693208279,0.043871247369608346,won,0.9523809523809523
2021_01_SF_DET,2021,1,moneyline,home,,344.0,0.5498580740282015,0.32463284880297627,lost,-1.0
2021_01_SF_DET,2021,1,spread,home,9.5,-105.0,0.7805621448190387,0.2683670228678192,won,0.9523809523809523
2021_02_NYG_WAS,2021,2,moneyline,away,,176.0,0.4289783825673014,0.06665954198759128,lost,-1.0
2021_02_NYG_WAS,2021,2,spread,away,4.0,-103.0,0.5484859701121719,0.04109680755059553,won,0.970873786407767
2021_02_NYG_WAS,2021,2,total_points,over,42.0,100.0,0.5365766584272667,0.03657665842726665,won,1.0
2021_02_ATL_TB,2021,2,moneyline,away,,582.0,0.4954886617129558,0.34886109573055113,lost,-1.0
2021_02_ATL_TB,2021,2,spread,away,13.5,-108.0,0.8194606118417709,0.3002298426110016,lost,-1.0
2021_02_BUF_MIA,2021,2,total_points,under,48.0,-103.0,0.6146319042123929,0.10724274165081649,won,0.970873786407767
2021_02_CIN_CHI,2021,2,total_points,under,44.5,-107.0,0.6161034629877422,0.09919525042735577,won,0.9345794392523364
2021_02_DAL_LAC,2021,2,total_points,under,55.0,-101.0,0.7828246915099298,0.28033712932087507,won,0.9900990099009901
2021_02_DEN_JAX,2021,2,moneyline,home,,211.0,0.4890521712050776,0.16750876284494898,lost,-1.0
2021_02_DEN_JAX,2021,2,spread,home,6.0,-115.0,0.6561141509207845,0.121230429990552,lost,-1.0
2021_02_DEN_JAX,2021,2,total_points,under,45.0,-107.0,0.6231424611157095,0.10623424855532304,won,0.9345794392523364
2021_02_HOU_CLE,2021,2,moneyline,away,,521.0,0.5858035994066784,0.42477300359347386,lost,-1.0
2021_02_HOU_CLE,2021,2,spread,away,13.5,-103.0,0.8786541209473924,0.37126495838581597,won,0.970873786407767
2021_02_HOU_CLE,2021,2,total_points,under,48.5,103.0,0.5995263041759449,0.10691546673752123,lost,-1.0
2021_02_KC_BAL,2021,2,moneyline,home,,153.0,0.5117263752483838,0.1164694582523364,won,1.53
2021_02_KC_BAL,2021,2,spread,home,3.5,-118.0,0.6066200960731416,0.06533569240341686,won,0.847457627118644
2021_02_KC_BAL,2021,2,total_points,under,53.5,-110.0,0.6437020832705495,0.11989255946102562,lost,-1.0
2021_02_LA_IND,2021,2,moneyline,home,,182.0,0.46052292950928664,0.10591300043127244,lost,-1.0
2021_02_LA_IND,2021,2,spread,home,4.0,-100.0,0.5749393306324394,0.0749393306324394,won,1.0
2021_02_LV_PIT,2021,2,total_points,over,46.5,-116.0,0.6034688025271074,0.06643176549007035,lost,-1.0
2021_02_MIN_ARI,2021,2,moneyline,away,,170.0,0.5408631711461069,0.17049280077573659,lost,-1.0
2021_02_MIN_ARI,2021,2,spread,away,4.0,-111.0,0.6590695320122274,0.13300318130132693,won,0.9009009009009009
2021_02_MIN_ARI,2021,2,total_points,under,51.0,-111.0,0.6768918754945604,0.15082552478365996,lost,-1.0
2021_02_NE_NYJ,2021,2,spread,away,-5.5,-105.0,0.6407814897154669,0.12858636776424737,won,0.9523809523809523
2021_02_NO_CAR,2021,2,total_points,over,45.0,-105.0,0.7035933790651749,0.19139825711395542,lost,-1.0
2021_02_SF_PHI,2021,2,moneyline,home,,130.0,0.6473776446306544,0.21259503593500223,lost,-1.0
2021_02_SF_PHI,2021,2,spread,home,3.0,-115.0,0.7249111901841596,0.1900274692539271,lost,-1.0
2021_02_SF_PHI,2021,2,total_points,under,49.0,-109.0,0.5680727406707855,0.04654164019231666,won,0.9174311926605505
2021_02_TEN_SEA,2021,2,moneyline,away,,247.0,0.3456841257386077,0.05749968769826186,won,2.47
2021_02_TEN_SEA,2021,2,total_points,under,53.5,-102.0,0.6903279078549502,0.18537741280544529,lost,-1.0
2021_02_DET_GB,2021,2,moneyline,away,,400.0,0.34980795363602624,0.14980795363602623,lost,-1.0
2021_02_DET_GB,2021,2,spread,away,11.5,-112.0,0.6670173392474006,0.13871545245494776,lost,-1.0
2021_03_CAR_HOU,2021,3,moneyline,home,,348.0,0.5055753917285265,0.2823611060142408,lost,-1.0
2021_03_CAR_HOU,2021,3,spread,home,8.0,104.0,0.7234827184857258,0.23328664005435323,lost,-1.0
2021_03_CAR_HOU,2021,3,total_points,over,43.0,-110.0,0.6058646987674868,0.082055174957963,lost,-1.0
2021_03_ARI_JAX,2021,3,moneyline,home,,304.0,0.45833280315702796,0.21080805068178043,lost,-1.0
2021_03_ARI_JAX,2021,3,spread,home,8.0,-110.0,0.6828533368124265,0.1590438130029027,lost,-1.0
2021_03_ARI_JAX,2021,3,total_points,under,51.5,-104.0,0.6756624704273729,0.1658585488587455,won,0.9615384615384616
2021_03_ATL_NYG,2021,3,moneyline,away,,129.0,0.5692479645541897,0.1325667418467661,won,1.29
2021_03_ATL_NYG,2021,3,spread,away,3.0,-115.0,0.6539064109304131,0.11902269000018062,won,0.8695652173913043
2021_03_BAL_DET,2021,3,moneyline,home,,292.0,0.3364575565366954,0.08135551572036887,lost,-1.0
2021_03_BAL_DET,2021,3,total_points,under,51.0,-105.0,0.6087904792227812,0.09659535727156165,won,0.9523809523809523
2021_03_CHI_CLE,2021,3,moneyline,away,,315.0,0.5776579145088483,0.33669405908716155,lost,-1.0
2021_03_CHI_CLE,2021,3,spread,away,7.5,-102.0,0.7740147961541203,0.2690643011046153,lost,-1.0
2021_03_CHI_CLE,2021,3,total_points,under,45.0,-106.0,0.5918245856505554,0.0772614788544389,won,0.9433962264150944
2021_03_CIN_PIT,2021,3,moneyline,home,,-140.0,0.703384885298036,0.12005155196470263,lost,-1.0
2021_03_CIN_PIT,2021,3,spread,home,-2.5,-114.0,0.6420006485564067,0.10929036818257498,lost,-1.0
2021_03_GB_SF,2021,3,moneyline,away,,160.0,0.5760347067815608,0.19141932216617613,won,1.6
2021_03_GB_SF,2021,3,spread,away,3.5,-113.0,0.6708502496684012,0.1403338177435186,won,0.8849557522123894
2021_03_GB_SF,2021,3,total_points,under,50.5,-103.0,0.5860137526683739,0.07862459010679745,lost,-1.0
2021_03_IND_TEN,2021,3,moneyline,away,,175.0,0.4559251908074812,0.09228882717111753,lost,-1.0
2021_03_IND_TEN,2021,3,spread,away,4.5,-113.0,0.5875137264327741,0.05699729450789148,lost,-1.0
2021_03_LAC_KC,2021,3,moneyline,away,,237.0,0.3434728278124753,0.04673692276796493,won,2.37
2021_03_LAC_KC,2021,3,total_points,under,55.0,-108.0,0.7022823738543924,0.18305160462362313,won,0.9259259259259259
2021_03_MIA_LV,2021,3,total_points,over,45.0,-111.0,0.6570281834722923,0.13096183276139184,won,0.9009009009009009
2021_03_NO_NE,2021,3,spread,home,-3.0,106.0,0.5321747276955598,0.046737834491676344,lost,-1.0
2021_03_NO_NE,2021,3,total_points,over,44.0,102.0,0.6631063862972602,0.1680568813467651,lost,-1.0
2021_03_NYJ_DEN,2021,3,moneyline,away,,470.0,0.3519663541097006,0.17652775761847256,lost,-1.0
2021_03_NYJ_DEN,2021,3,spread,away,10.5,-109.0,0.6542180696731512,0.13268696919468237,lost,-1.0
2021_03_NYJ_DEN,2021,3,total_points,under,42.0,-107.0,0.5762746065447155,0.05936639398432908,won,0.9345794392523364
2021_03_SEA_MIN,2021,3,spread,home,2.0,-109.0,0.5617257835548545,0.04019468307638563,won,0.9174311926605505
2021_03_SEA_MIN,2021,3,total_points,under,53.5,-104.0,0.7244398568551652,0.2146359352865378,won,0.9615384615384616
2021_03_TB_LA,2021,3,moneyline,home,,-104.0,0.6177035200536892,0.10789959848506181,won,0.9615384615384616
2021_03_TB_LA,2021,3,spread,home,1.0,-110.0,0.648488507372843,0.12467898356331919,won,0.9090909090909091
2021_03_TB_LA,2021,3,total_points,under,55.0,-102.0,0.6312839980991793,0.1263335030496744,lost,-1.0
2021_03_WAS_BUF,2021,3,moneyline,away,,281.0,0.3709316152969217,0.10846442369587184,lost,-1.0
2021_03_WAS_BUF,2021,3,spread,away,7.5,-114.0,0.5887724268224153,0.05606214644858354,lost,-1.0
2021_03_WAS_BUF,2021,3,total_points,under,45.5,-105.0,0.5706838855822596,0.05848876363104005,lost,-1.0
2021_03_PHI_DAL,2021,3,moneyline,away,,168.0,0.46851641273184047,0.09538208437363149,lost,-1.0
2021_03_PHI_DAL,2021,3,spread,away,3.5,-103.0,0.5691022551718872,0.06171309261031077,lost,-1.0
2021_03_PHI_DAL,2021,3,total_points,under,51.5,-110.0,0.6731772674288651,0.14936774361934124,lost,-1.0
2021_04_JAX_CIN,2021,4,moneyline,away,,313.0,0.4176554027908523,0.1755246521855254,lost,-1.0
2021_04_JAX_CIN,2021,4,spread,away,7.5,105.0,0.6353646410323565,0.14755976298357598,won,1.05
2021_04_JAX_CIN,2021,4,total_points,under,46.0,101.0,0.5899322131483627,0.09241977533741746,won,1.01
2021_04_ARI_LA,2021,4,total_points,under,53.5,-101.0,0.6621279754784257,0.15964041328937095,lost,-1.0
2021_04_BAL_DEN,2021,4,moneyline,away,,107.0,0.6243023763838343,0.14121058894422084,won,1.07
2021_04_BAL_DEN,2021,4,spread,away,1.0,101.0,0.6602188070950411,0.16270636928409582,won,1.01
2021_04_BAL_DEN,2021,4,total_points,under,44.0,-106.0,0.5796974270316976,0.06513432023558108,won,0.9433962264150944
2021_04_CAR_DAL,2021,4,moneyline,away,,186.0,0.44268419005201237,0.09303384040166274,lost,-1.0
2021_04_CAR_DAL,2021,4,spread,away,4.5,-106.0,0.574915108126634,0.060352001330517546,lost,-1.0
2021_04_CAR_DAL,2021,4,total_points,under,51.5,-114.0,0.6438176168442025,0.11110733647037074,lost,-1.0
2021_04_CLE_MIN,2021,4,moneyline,home,,-106.0,0.7458031559150632,0.2312400491189467,lost,-1.0
2021_04_CLE_MIN,2021,4,spread,home,1.0,-113.0,0.7746646767181318,0.24414824479324915,lost,-1.0
2021_04_CLE_MIN,2021,4,total_points,under,52.0,102.0,0.7167215023130667,0.2216719973625717,won,1.02
2021_04_DET_CHI,2021,4,total_points,over,42.0,-101.0,0.5494464673897714,0.04695890520071666,lost,-1.0
2021_04_HOU_BUF,2021,4,moneyline,away,,988.0,0.3989616233191763,0.3070498586132939,lost,-1.0
2021_04_HOU_BUF,2021,4,spread,away,19.0,-108.0,0.8692710699263114,0.35004030069554215,lost,-1.0
2021_04_HOU_BUF,2021,4,total_points,under,47.5,-106.0,0.6022719588377374,0.08770885204162093,won,0.9433962264150944
2021_04_IND_MIA,2021,4,moneyline,away,,130.0,0.5611146635746171,0.12633205487896498,won,1.3
2021_04_IND_MIA,2021,4,spread,away,2.5,102.0,0.6262828808155873,0.1312333758650922,won,1.02
2021_04_IND_MIA,2021,4,total_points,over,41.5,-107.0,0.6337153032533784,0.116807090692992,won,0.9345794392523364
2021_04_KC_PHI,2021,4,moneyline,home,,296.0,0.40886743894656097,0.15634218642130843,lost,-1.0
2021_04_KC_PHI,2021,4,spread,home,7.5,-112.0,0.6172393175600356,0.08893743076758276,lost,-1.0
2021_04_KC_PHI,2021,4,total_points,under,53.5,-105.0,0.6173220524273269,0.10512693047610733,lost,-1.0
2021_04_NYG_NO,2021,4,spread,home,-7.5,107.0,0.5436927659620948,0.06060097852248131,lost,-1.0
2021_04_NYG_NO,2021,4,total_points,over,43.0,-115.0,0.6930570730106215,0.15817335208038896,won,0.8695652173913043
2021_04_PIT_GB,2021,4,moneyline,away,,239.0,0.5130312243949716,0.2180459736575085,lost,-1.0
2021_04_PIT_GB,2021,4,spread,away,6.5,-104.0,0.6865990732580467,0.17679515168941928,lost,-1.0
2021_04_SEA_SF,2021,4,moneyline,away,,120.0,0.6285725025377085,0.17402704799225394,won,1.2
2021_04_SEA_SF,2021,4,spread,away,2.5,-103.0,0.6901352769810685,0.18274611441949207,won,0.970873786407767
2021_04_SEA_SF,2021,4,total_points,under,52.0,-108.0,0.6508299763103981,0.1315992070796288,won,0.9259259259259259
2021_04_TB_NE,2021,4,moneyline,home,,223.0,0.7283202021139643,0.41872267889415005,lost,-1.0
2021_04_TB_NE,2021,4,spread,home,6.0,-105.0,0.8504305856894732,0.33823546373825364,won,0.9523809523809523
2021_04_TEN_NYJ,2021,4,moneyline,home,,206.0,0.40216621551584236,0.07536882989492732,won,2.06
2021_04_TEN_NYJ,2021,4,spread,home,5.5,-106.0,0.5526161547537628,0.0380530479576463,won,0.9433962264150944
2021_04_WAS_ATL,2021,4,moneyline,home,,106.0,0.6281674295265474,0.14273053632266386,lost,-1.0
2021_04_WAS_ATL,2021,4,spread,home,1.0,100.0,0.6593896152004266,0.1593896152004266,lost,-1.0
2021_05_LA_SEA,2021,5,moneyline,home,,122.0,0.5745373407651148,0.1240868903146643,lost,-1.0
2021_05_LA_SEA,2021,5,spread,home,2.5,105.0,0.635739446937332,0.1479345688885515,lost,-1.0
2021_05_LA_SEA,2021,5,total_points,under,53.5,-106.0,0.6657311475522488,0.15116804075613233,won,0.9433962264150944
2021_05_BUF_KC,2021,5,moneyline,home,,-134.0,0.6638352623143027,0.09118568966473006,lost,-1.0
2021_05_BUF_KC,2021,5,spread,home,-2.5,-109.0,0.6006132166981688,0.07908211621969996,lost,-1.0
2021_05_BUF_KC,2021,5,total_points,under,57.0,103.0,0.7458319744482159,0.25322113700979226,lost,-1.0
2021_05_CHI_LV,2021,5,moneyline,away,,215.0,0.4544156133400418,0.13695529587972438,won,2.15
2021_05_CHI_LV,2021,5,spread,away,5.5,-102.0,0.6061715534608034,0.10122105841129847,won,0.9803921568627451
2021_05_CHI_LV,2021,5,total_points,over,46.0,-101.0,0.5399192829256532,0.037431720736598395,lost,-1.0
2021_05_CLE_LAC,2021,5,moneyline,home,,-129.0,0.7244359956973203,0.1611172184047439,won,0.7751937984496124
2021_05_CLE_LAC,2021,5,spread,home,-2.5,-104.0,0.6650616853194784,0.15525776375085099,won,0.9615384615384616
2021_05_CLE_LAC,2021,5,total_points,under,46.5,102.0,0.5626739813017143,0.06762447635121926,lost,-1.0
2021_05_DEN_PIT,2021,5,moneyline,home,,113.0,0.674386586936812,0.2049030188616946,won,1.13
2021_05_DEN_PIT,2021,5,spread,home,2.0,-104.0,0.7256000545171553,0.21579613294852784,won,0.9615384615384616
2021_05_DET_MIN,2021,5,moneyline,away,,346.0,0.3168568025540765,0.09264155591730519,lost,-1.0
2021_05_DET_MIN,2021,5,spread,away,10.0,-110.0,0.59390901461921,0.07009949080968614,won,0.9090909090909091
2021_05_DET_MIN,2021,5,total_points,under,49.5,102.0,0.5975970342002049,0.10254752924970989,won,1.02
2021_05_GB_CIN,2021,5,total_points,under,50.0,-108.0,0.6327191493649942,0.11348838013422491,won,0.9259259259259259
2021_05_MIA_TB,2021,5,moneyline,away,,448.0,0.35495089207393904,0.17246914024912152,lost,-1.0
2021_05_MIA_TB,2021,5,spread,away,11.0,-100.0,0.6615371025487083,0.16153710254870834,lost,-1.0
2021_05_NE_HOU,2021,5,moneyline,home,,288.0,0.31609431987346837,0.058362361110581795,lost,-1.0
2021_05_NE_HOU,2021,5,total_points,over,39.5,101.0,0.6272356119090358,0.12972317409809048,won,1.01
2021_05_NO_WAS,2021,5,moneyline,away,,-130.0,0.6437869099679657,0.07856951866361794,won,0.7692307692307693
2021_05_NO_WAS,2021,5,spread,away,-2.5,-106.0,0.5832730937714546,0.06870998697533814,won,0.9433962264150944
2021_05_NO_WAS,2021,5,total_points,over,43.5,-110.0,0.6796052882406812,0.1557957644311574,won,0.9090909090909091
2021_05_NYG_DAL,2021,5,moneyline,away,,285.0,0.3407737481651428,0.08103348842488306,lost,-1.0
2021_05_NYG_DAL,2021,5,total_points,under,53.0,104.0,0.7319647529968152,0.24176867456544265,lost,-1.0
2021_05_NYJ_ATL,2021,5,moneyline,home,,-153.0,0.6952984727004842,0.09055538969653165,won,0.6535947712418301
2021_05_NYJ_ATL,2021,5,spread,home,-3.0,-103.0,0.6217406802055675,0.1143515176439911,won,0.970873786407767
2021_05_PHI_CAR,2021,5,spread,away,2.5,104.0,0.539841071304336,0.04964499287296348,won,1.04
2021_05_SF_ARI,2021,5,moneyline,away,,231.0,0.3903503894456631,0.08823558582028546,lost,-1.0
2021_05_TEN_JAX,2021,5,moneyline,home,,170.0,0.45227586288669985,0.0819054925163295,lost,-1.0
2021_05_TEN_JAX,2021,5,spread,home,4.0,-110.0,0.5678624279864146,0.044052904176890784,lost,-1.0
2021_05_TEN_JAX,2021,5,total_points,under,49.0,-102.0,0.6136963422308298,0.10874584718132485,lost,-1.0
2021_05_IND_BAL,2021,5,moneyline,away,,301.0,0.31623889317615317,0.06686233457266189,lost,-1.0
2021_06_TB_PHI,2021,6,moneyline,home,,238.0,0.5680055371385727,0.27214754897289223,lost,-1.0
2021_06_TB_PHI,2021,6,spread,home,7.0,-114.0,0.7501463614011319,0.21743608102730017,won,0.8771929824561403
2021_06_TB_PHI,2021,6,total_points,under,53.0,-107.0,0.5833742342500603,0.06646602168967386,won,0.9345794392523364
2021_06_ARI_CLE,2021,6,moneyline,away,,129.0,0.5966095933119393,0.1599283706045157,won,1.29
2021_06_ARI_CLE,2021,6,spread,away,3.0,-117.0,0.6806303503641884,0.141459843451746,won,0.8547008547008547
2021_06_ARI_CLE,2021,6,total_points,under,48.0,102.0,0.5575395478920473,0.06249004294155225,lost,-1.0
2021_06_CIN_DET,2021,6,moneyline,home,,171.0,0.5217229874684443,0.1527192974315439,lost,-1.0
2021_06_CIN_DET,2021,6,spread,home,3.5,-100.0,0.6172699044823279,0.11726990448232788,lost,-1.0
2021_06_DAL_NE,2021,6,moneyline,home,,169.0,0.690652195522105,0.31890498362619424,lost,-1.0
2021_06_DAL_NE,2021,6,spread,home,3.5,-102.0,0.7712326149953523,0.2662821199458474,lost,-1.0
2021_06_DAL_NE,2021,6,total_points,under,50.5,-106.0,0.6697307719465142,0.1551676651503977,lost,-1.0
2021_06_GB_CHI,2021,6,moneyline,home,,201.0,0.4613201040074604,0.1290941903861979,lost,-1.0
2021_06_GB_CHI,2021,6,spread,home,5.5,-104.0,0.6115225980593961,0.10171867649076871,lost,-1.0
2021_06_HOU_IND,2021,6,moneyline,away,,363.0,0.4291946264545223,0.21321190507223287,lost,-1.0
2021_06_HOU_IND,2021,6,spread,away,10.5,-117.0,0.715192486538123,0.17602197962568056,lost,-1.0
2021_06_HOU_IND,2021,6,total_points,over,43.5,-100.0,0.5772695341482404,0.07726953414824045,lost,-1.0
2021_06_KC_WAS,2021,6,total_points,under,54.0,-106.0,0.6592799097941687,0.14471680299805223,won,0.9433962264150944
2021_06_LAC_BAL,2021,6,total_points,under,50.5,105.0,0.655274411161574,0.16746953311279356,won,1.05
2021_06_LA_NYG,2021,6,moneyline,home,,280.0,0.376746812027942,0.11358891729109993,lost,-1.0
2021_06_LA_NYG,2021,6,spread,home,7.5,-118.0,0.5882162656557935,0.0469318619860688,lost,-1.0
2021_06_LA_NYG,2021,6,total_points,under,49.5,-113.0,0.5996090297354887,0.06909259781060606,won,0.8849557522123894
2021_06_LV_DEN,2021,6,moneyline,away,,182.0,0.4561404899228805,0.10153056084486628,won,1.82
2021_06_LV_DEN,2021,6,spread,away,5.0,-111.0,0.6002737706259412,0.07420741991504076,won,0.9009009009009009
2021_06_MIA_JAX,2021,6,moneyline,home,,110.0,0.5661697249929523,0.0899792488024761,won,1.1
2021_06_MIA_JAX,2021,6,spread,home,2.5,-115.0,0.6280728438658152,0.09318912293558268,won,0.8695652173913043
2021_06_MIA_JAX,2021,6,total_points,under,47.5,-107.0,0.5843046312490874,0.06739641868870094,won,0.9345794392523364
2021_06_MIN_CAR,2021,6,spread,home,2.5,-100.0,0.5431781695269378,0.04317816952693776,lost,-1.0
2021_06_SEA_PIT,2021,6,moneyline,away,,189.0,0.457539543422337,0.11151878217666228,lost,-1.0
2021_06_SEA_PIT,2021,6,spread,away,5.5,-104.0,0.6104914267389043,0.10068750517027691,won,0.9615384615384616
2021_06_SEA_PIT,2021,6,total_points,over,43.0,-107.0,0.5540622500994721,0.03715403753908564,push,0.0
2021_06_BUF_TEN,2021,6,moneyline,home,,210.0,0.4989295662719623,0.17634892111067196,won,2.1
2021_06_BUF_TEN,2021,6,spread,home,6.0,-108.0,0.6628275195672758,0.14359675033650654,won,0.9259259259259259
2021_06_BUF_TEN,2021,6,total_points,under,53.5,-113.0,0.722770643354317,0.19225421142943433,lost,-1.0
2021_07_DEN_CLE,2021,7,moneyline,away,,110.0,0.5691980769938912,0.09300760080341508,lost,-1.0
2021_07_DEN_CLE,2021,7,spread,away,2.0,-107.0,0.6275306589561803,0.11062244639579388,lost,-1.0
2021_07_ATL_MIA,2021,7,moneyline,away,,-129.0,0.6001800592865089,0.03686128199393246,won,0.7751937984496124
2021_07_CAR_NYG,2021,7,total_points,over,42.5,-106.0,0.6037826949402461,0.08921958814412956,lost,-1.0
2021_07_CHI_TB,2021,7,moneyline,away,,501.0,0.4280994976432165,0.2617101465616857,lost,-1.0
2021_07_CHI_TB,2021,7,spread,away,12.5,-114.0,0.7574111530883962,0.22470087271456451,lost,-1.0
2021_07_CIN_BAL,2021,7,spread,home,-6.5,-101.0,0.5550528879768052,0.05256532578775042,lost,-1.0
2021_07_CIN_BAL,2021,7,total_points,under,45.5,-102.0,0.5583589280815718,0.05340843303206688,lost,-1.0
2021_07_DET_LA,2021,7,moneyline,away,,860.0,0.3107157883071236,0.2065491216404569,lost,-1.0
2021_07_DET_LA,2021,7,spread,away,17.0,-116.0,0.7634616062128843,0.2264245691758472,won,0.8620689655172413
2021_07_DET_LA,2021,7,total_points,under,51.0,-110.0,0.5813668774228727,0.057557353613348905,won,0.9090909090909091
2021_07_HOU_ARI,2021,7,moneyline,away,,1119.0,0.4092339587853892,0.32719950431451145,lost,-1.0
2021_07_HOU_ARI,2021,7,spread,away,20.5,-111.0,0.8883098165829059,0.3622434658720054,lost,-1.0
2021_07_HOU_ARI,2021,7,total_points,under,47.0,101.0,0.5371039856010136,0.03959154779006829,won,1.01
2021_07_IND_SF,2021,7,moneyline,away,,152.0,0.5287628480022375,0.1319374511768407,won,1.52
2021_07_IND_SF,2021,7,spread,away,3.5,-117.0,0.6267098886156235,0.0875393817031811,won,0.8547008547008547
2021_07_IND_SF,2021,7,total_points,over,41.5,-110.0,0.6458652452649126,0.12205572145538879,won,0.9090909090909091
2021_07_KC_TEN,2021,7,total_points,under,57.5,-111.0,0.7050750949712659,0.1790087442603654,won,0.9009009009009009
2021_07_NYJ_NE,2021,7,spread,home,-7.0,-102.0,0.6785475472995317,0.17359705225002675,won,0.9803921568627451
2021_07_PHI_LV,2021,7,total_points,over,48.0,-105.0,0.5833471401288072,0.07115201817758765,won,0.9523809523809523
2021_07_WAS_GB,2021,7,moneyline,away,,331.0,0.3389513498309571,0.10693278834603831,lost,-1.0
2021_07_WAS_GB,2021,7,spread,away,8.5,-105.0,0.5762018288823393,0.06400670693111976,lost,-1.0
2021_07_NO_SEA,2021,7,moneyline,home,,208.0,0.5130647043367436,0.1883893796614189,lost,-1.0
2021_07_NO_SEA,2021,7,spread,home,6.0,-106.0,0.6724762046350725,0.15791309783895602,won,0.9433962264150944
2021_07_NO_SEA,2021,7,total_points,over,42.0,-109.0,0.7462794116034469,0.22474831112497806,lost,-1.0
2021_08_GB_ARI,2021,8,moneyline,away,,242.0,0.501527217143028,0.20912955632431451,won,2.42
2021_08_GB_ARI,2021,8,spread,away,6.5,-104.0,0.6753139364112212,0.16551001484259376,won,0.9615384615384616
2021_08_GB_ARI,2021,8,total_points,under,51.0,-105.0,0.6067665437568079,0.09457142180558842,won,0.9523809523809523
2021_08_CAR_ATL,2021,8,total_points,over,47.0,100.0,0.5780786666218488,0.07807866662184881,lost,-1.0
2021_08_CIN_NYJ,2021,8,moneyline,home,,411.0,0.43268940794958655,0.2369946917069251,won,4.11
2021_08_CIN_NYJ,2021,8,spread,home,11.5,-105.0,0.7469417966596712,0.23474667470845167,won,0.9523809523809523
2021_08_DAL_MIN,2021,8,moneyline,away,,193.0,0.42074389486944613,0.07944696654180106,won,1.93
2021_08_DAL_MIN,2021,8,total_points,under,49.5,-110.0,0.6389982093617405,0.11518868555221662,won,0.9090909090909091
2021_08_JAX_SEA,2021,8,spread,home,-4.0,-105.0,0.6230281469904111,0.11083302503919157,won,0.9523809523809523
2021_08_LA_HOU,2021,8,moneyline,home,,724.0,0.4110403812983397,0.2896811579973688,lost,-1.0
2021_08_LA_HOU,2021,8,spread,home,17.0,-118.0,0.8401723935917198,0.29888798992199506,won,0.847457627118644
2021_08_MIA_BUF,2021,8,moneyline,away,,709.0,0.30181559400664687,0.178206199692679,lost,-1.0
2021_08_MIA_BUF,2021,8,spread,away,15.0,-108.0,0.7161979039044739,0.19696713467370464,push,0.0
2021_08_MIA_BUF,2021,8,total_points,under,48.5,-103.0,0.6125458660182277,0.10515670345665129,won,0.970873786407767
2021_08_NE_LAC,2021,8,moneyline,away,,163.0,0.6083124405170988,0.2280843036349695,won,1.63
2021_08_NE_LAC,2021,8,spread,away,3.5,-101.0,0.7016499109937533,0.19916234880469852,won,0.9900990099009901
2021_08_NE_LAC,2021,8,total_points,under,50.5,-106.0,0.6714099800577045,0.15684687326158797,lost,-1.0
2021_08_PHI_DET,2021,8,moneyline,home,,151.0,0.44029146896855414,0.041885094466562134,lost,-1.0
2021_08_PIT_CLE,2021,8,moneyline,away,,196.0,0.6947006038063183,0.35686276596848043,won,1.96
2021_08_PIT_CLE,2021,8,spread,away,5.5,-108.0,0.8153381547609307,0.29610738553016147,won,0.9259259259259259
2021_08_SF_CHI,2021,8,moneyline,home,,186.0,0.5789011713449632,0.22925082169461358,lost,-1.0
2021_08_SF_CHI,2021,8,spread,home,4.5,-107.0,0.7018726238606663,0.18496441130027985,lost,-1.0
2021_08_TB_NO,2021,8,moneyline,home,,168.0,0.6510241502063184,0.27788982184810945,won,1.68
2021_08_TB_NO,2021,8,spread,home,4.0,-109.0,0.7521259503264666,0.23059484984799772,won,0.9174311926605505
2021_08_TB_NO,2021,8,total_points,over,48.5,-102.0,0.6571338902817982,0.1521833952322933,won,0.9803921568627451
2021_08_TEN_IND,2021,8,moneyline,away,,144.0,0.46410289310200353,0.05426682752823303,won,1.44
2021_08_TEN_IND,2021,8,spread,away,3.0,-102.0,0.5490884953264844,0.04413800027697945,won,0.9803921568627451
2021_08_TEN_IND,2021,8,total_points,under,51.0,-112.0,0.6119161908750929,0.08361430408264003,lost,-1.0
2021_08_WAS_DEN,2021,8,moneyline,away,,170.0,0.41629258998528784,0.04592221961491749,lost,-1.0
2021_08_WAS_DEN,2021,8,total_points,under,45.0,-116.0,0.6245810523746289,0.08754401533759182,won,0.8620689655172413
2021_08_NYG_KC,2021,8,moneyline,away,,425.0,0.2319611688722873,0.04148497839609683,lost,-1.0
2021_08_NYG_KC,2021,8,total_points,under,53.0,-101.0,0.6437468265534813,0.14125926436442648,won,0.9900990099009901
2021_09_NYJ_IND,2021,9,moneyline,away,,410.0,0.31577482807149904,0.11969639669895002,lost,-1.0
2021_09_NYJ_IND,2021,9,spread,away,10.5,-108.0,0.6081807181317733,0.08894994890100405,lost,-1.0
2021_09_ARI_SF,2021,9,moneyline,away,,207.0,0.5402515135463539,0.21451861452355264,won,2.07
2021_09_ARI_SF,2021,9,spread,away,5.5,-105.0,0.6864154003693904,0.1742202784181709,won,0.9523809523809523
2021_09_ARI_SF,2021,9,total_points,over,44.5,-102.0,0.5558737486137663,0.050923253564261306,won,0.9803921568627451
2021_09_ATL_NO,2021,9,moneyline,away,,240.0,0.3583974946178704,0.06427984755904687,won,2.4
2021_09_ATL_NO,2021,9,total_points,over,43.0,-110.0,0.7765334483311213,0.2527239245215974,won,0.9090909090909091
2021_09_BUF_JAX,2021,9,moneyline,home,,776.0,0.39566548670361545,0.28151023556206295,won,7.76
2021_09_BUF_JAX,2021,9,spread,home,14.5,109.0,0.7821977668528598,0.3037288673313287,won,1.09
2021_09_BUF_JAX,2021,9,total_points,under,48.0,-103.0,0.6340477796353858,0.12665861707380943,won,0.970873786407767
2021_09_CLE_CIN,2021,9,moneyline,home,,-129.0,0.6397127272723493,0.07639394997977289,lost,-1.0
2021_09_CLE_CIN,2021,9,spread,home,-2.5,-105.0,0.5745622833600457,0.062367161408826144,lost,-1.0
2021_09_CLE_CIN,2021,9,total_points,under,47.5,-106.0,0.6049328724925326,0.09036976569641608,lost,-1.0
2021_09_DEN_DAL,2021,9,moneyline,away,,378.0,0.38522603168545283,0.17602101076495075,won,3.78
2021_09_DEN_DAL,2021,9,spread,away,10.5,-107.0,0.6824442029418157,0.1655359903814293,won,0.9345794392523364
2021_09_DEN_DAL,2021,9,total_points,under,50.0,-103.0,0.7317163455130561,0.2243271829514797,won,0.970873786407767
2021_09_GB_KC,2021,9,moneyline,away,,275.0,0.3632000799161675,0.09653341324950082,lost,-1.0
2021_09_GB_KC,2021,9,spread,away,7.0,-107.0,0.5582613698405511,0.04135315728016464,won,0.9345794392523364
2021_09_HOU_MIA,2021,9,moneyline,away,,166.0,0.5273233774789892,0.15138352785492903,lost,-1.0
2021_09_HOU_MIA,2021,9,spread,away,4.0,-112.0,0.6459186331195877,0.11761674632713492,lost,-1.0
2021_09_LAC_PHI,2021,9,spread,home,1.0,-110.0,0.5606356455482501,0.036826121738726236,lost,-1.0
2021_09_LAC_PHI,2021,9,total_points,under,49.5,-105.0,0.6004822823681576,0.08828716041693807,lost,-1.0
2021_09_LV_NYG,2021,9,moneyline,home,,137.0,0.4671842022633776,0.04524327399333539,won,1.37
2021_09_LV_NYG,2021,9,total_points,over,47.0,-103.0,0.575416957050025,0.06802779448844865,lost,-1.0
2021_09_MIN_BAL,2021,9,moneyline,away,,262.0,0.39179266538749163,0.11554957146483968,lost,-1.0
2021_09_MIN_BAL,2021,9,spread,away,7.5,-117.0,0.6088521063844715,0.06968159947202912,won,0.8547008547008547
2021_09_MIN_BAL,2021,9,total_points,under,51.0,-109.0,0.6987555722822436,0.17722447180377476,lost,-1.0
2021_09_NE_CAR,2021,9,spread,away,-3.5,-101.0,0.5505796504183309,0.04809208822927613,won,0.9900990099009901
2021_09_NE_CAR,2021,9,total_points,over,41.5,-111.0,0.6152429022003121,0.08917655148941162,lost,-1.0
2021_09_TEN_LA,2021,9,moneyline,away,,296.0,0.38320103608561745,0.1306757835603649,won,2.96
2021_09_TEN_LA,2021,9,spread,away,7.0,103.0,0.5816601330183637,0.08904929557994007,won,1.03
2021_09_TEN_LA,2021,9,total_points,under,53.5,-111.0,0.6577574661070256,0.1316911153961251,won,0.9009009009009009
2021_09_CHI_PIT,2021,9,moneyline,away,,263.0,0.31563592282423125,0.0401538291603194,lost,-1.0
2021_10_BAL_MIA,2021,10,moneyline,home,,326.0,0.2906208415626777,0.055879057525119014,won,3.26
2021_10_ATL_DAL,2021,10,moneyline,away,,328.0,0.4459529442701633,0.2123080844570792,lost,-1.0
2021_10_ATL_DAL,2021,10,spread,away,8.0,-105.0,0.6717496971099989,0.15955457515877935,lost,-1.0
2021_10_ATL_DAL,2021,10,total_points,under,55.0,-108.0,0.6835729238136741,0.1643421545829048,won,0.9259259259259259
2021_10_BUF_NYJ,2021,10,moneyline,home,,527.0,0.3466277902716023,0.18713815709775858,lost,-1.0
2021_10_BUF_NYJ,2021,10,spread,home,13.0,-111.0,0.7054976933362976,0.17943134262539717,lost,-1.0
2021_10_BUF_NYJ,2021,10,total_points,under,47.0,104.0,0.6302085340860972,0.1400124556547247,lost,-1.0
2021_10_CAR_ARI,2021,10,moneyline,away,,280.0,0.4471254461643601,0.18396755142751803,won,2.8
2021_10_CAR_ARI,2021,10,spread,away,7.0,-103.0,0.6467854041638823,0.1393962416023059,won,0.970873786407767
2021_10_CAR_ARI,2021,10,total_points,over,42.0,101.0,0.6432768198097549,0.14576438199880964,won,1.01
2021_10_CLE_NE,2021,10,moneyline,home,,-132.0,0.8295927570459886,0.2606272398046092,won,0.7575757575757576
2021_10_CLE_NE,2021,10,spread,home,-2.5,-106.0,0.783029592167519,0.2684664853714025,won,0.9433962264150944
2021_10_DET_PIT,2021,10,total_points,over,43.0,102.0,0.5829285610528607,0.08787905610236568,lost,-1.0
2021_10_JAX_IND,2021,10,moneyline,away,,358.0,0.35993956486617135,0.14159895351245955,lost,-1.0
2021_10_JAX_IND,2021,10,spread,away,10.5,-115.0,0.6521741287115095,0.11729040778127697,won,0.8695652173913043
2021_10_JAX_IND,2021,10,total_points,under,47.5,-108.0,0.5549473915738886,0.03571662234311934,won,0.9259259259259259
2021_10_KC_LV,2021,10,moneyline,away,,-147.0,0.6323990098110265,0.037257309406168226,won,0.6802721088435374
2021_10_MIN_LAC,2021,10,moneyline,away,,160.0,0.4866471829760009,0.10203179836061627,won,1.6
2021_10_MIN_LAC,2021,10,spread,away,3.0,111.0,0.5732311437584381,0.09929749446933855,won,1.11
2021_10_MIN_LAC,2021,10,total_points,under,53.5,-104.0,0.745029622073441,0.23522570050481362,won,0.9615384615384616
2021_10_NO_TEN,2021,10,moneyline,away,,133.0,0.573434791367042,0.14425024201081882,lost,-1.0
2021_10_NO_TEN,2021,10,spread,away,3.0,-114.0,0.6566551663634205,0.12394488598958875,won,0.8771929824561403
2021_10_NO_TEN,2021,10,total_points,over,44.0,-102.0,0.7037876072516084,0.19883711220210343,push,0.0
2021_10_PHI_DEN,2021,10,spread,away,1.0,-108.0,0.5555532871052674,0.03632251787449814,won,0.9259259259259259
2021_10_PHI_DEN,2021,10,total_points,under,44.5,-103.0,0.5707333407513789,0.06334417818980254,won,0.970873786407767
2021_10_SEA_GB,2021,10,moneyline,away,,151.0,0.5081611390920421,0.10975476459005007,lost,-1.0
2021_10_SEA_GB,2021,10,spread,away,3.0,104.0,0.5940119018501622,0.10381582341878964,lost,-1.0
2021_10_SEA_GB,2021,10,total_points,under,49.5,-117.0,0.5758628153951567,0.03669230848271432,won,0.8547008547008547
2021_10_TB_WAS,2021,10,moneyline,home,,359.0,0.45845830371291635,0.24059337996563965,won,3.59
2021_10_TB_WAS,2021,10,spread,home,10.0,-117.0,0.7266390208890683,0.1874685139766259,won,0.8547008547008547
2021_10_TB_WAS,2021,10,total_points,under,51.0,-109.0,0.5719839659843314,0.05045286550586259,won,0.9174311926605505
2021_10_LA_SF,2021,10,total_points,under,50.0,-110.0,0.5741393552341758,0.05032983142465197,won,0.9090909090909091
2021_11_NE_ATL,2021,11,moneyline,home,,280.0,0.3515934195781877,0.08843552484134559,lost,-1.0
2021_11_NE_ATL,2021,11,spread,home,7.0,101.0,0.543999419822642,0.04648698201169671,lost,-1.0
2021_11_CIN_LV,2021,11,moneyline,home,,112.0,0.547355819098899,0.07565770589135179,lost,-1.0
2021_11_CIN_LV,2021,11,spread,home,1.0,105.0,0.5780220325478601,0.09021715449907963,lost,-1.0
2021_11_DAL_KC,2021,11,moneyline,home,,-134.0,0.6531491997301194,0.08049962708054681,won,0.746268656716418
2021_11_DAL_KC,2021,11,spread,home,-2.5,-110.0,0.5894900250829462,0.0656805012734224,won,0.9090909090909091
2021_11_DAL_KC,2021,11,total_points,under,56.0,-115.0,0.7018156738489936,0.16693195291876106,won,0.8695652173913043
2021_11_DET_CLE,2021,11,moneyline,away,,465.0,0.513368232778216,0.3363770823357381,lost,-1.0
2021_11_DET_CLE,2021,11,spread,away,13.0,-106.0,0.8329106427348602,0.31834753593874365,won,0.9433962264150944
2021_11_DET_CLE,2021,11,total_points,over,42.5,-108.0,0.6233801098752622,0.10414934064449288,lost,-1.0
2021_11_GB_MIN,2021,11,moneyline,home,,101.0,0.5556536174991481,0.058141179688202815,won,1.01
2021_11_GB_MIN,2021,11,spread,home,1.0,-105.0,0.5871563673715913,0.07496124542037175,won,0.9523809523809523
2021_11_GB_MIN,2021,11,total_points,under,48.0,-113.0,0.5875936814343282,0.05707724950944559,lost,-1.0
2021_11_HOU_TEN,2021,11,moneyline,away,,377.0,0.3940788577791948,0.18443525190917387,won,3.77
2021_11_HOU_TEN,2021,11,spread,away,10.5,-110.0,0.6846588604790373,0.1608493366695135,won,0.9090909090909091
2021_11_IND_BUF,2021,11,moneyline,away,,274.0,0.4136728814406377,0.14629320229625264,won,2.74
2021_11_IND_BUF,2021,11,spread,away,7.5,-116.0,0.6284407870748727,0.09140375003783563,won,0.8620689655172413
2021_11_IND_BUF,2021,11,total_points,under,49.5,-111.0,0.6018838322772517,0.07581748156635126,lost,-1.0
2021_11_MIA_NYJ,2021,11,moneyline,home,,162.0,0.5015979594882584,0.11991857017528124,lost,-1.0
2021_11_MIA_NYJ,2021,11,spread,home,3.5,-107.0,0.5986593236170298,0.08175111105664334,lost,-1.0
2021_11_NO_PHI,2021,11,moneyline,away,,130.0,0.5481785896070659,0.11339598091141373,lost,-1.0
2021_11_NO_PHI,2021,11,spread,away,2.5,106.0,0.6129746814033561,0.1275377881994726,lost,-1.0
2021_11_NO_PHI,2021,11,total_points,over,42.5,-100.0,0.7356001321011478,0.23560013210114783,won,1.0
2021_11_PIT_LAC,2021,11,moneyline,away,,220.0,0.5187874131617887,0.20628741316178867,lost,-1.0
2021_11_PIT_LAC,2021,11,spread,away,5.5,103.0,0.6684511402278693,0.17584030278944568,won,1.03
2021_11_PIT_LAC,2021,11,total_points,under,47.5,-105.0,0.6061210705222699,0.09392594857105041,lost,-1.0
2021_11_SF_JAX,2021,11,moneyline,home,,243.0,0.5095524645813354,0.21800727507696221,lost,-1.0
2021_11_SF_JAX,2021,11,spread,home,6.5,-104.0,0.6809127844921508,0.17110886292352334,lost,-1.0
2021_11_WAS_CAR,2021,11,total_points,over,43.0,-103.0,0.5767812265349562,0.06939206397337983,won,0.970873786407767
2021_11_NYG_TB,2021,11,moneyline,away,,423.0,0.36731245403010787,0.17610786511997403,lost,-1.0
2021_11_NYG_TB,2021,11,spread,away,11.5,-113.0,0.6840931732515877,0.15357674132670507,lost,-1.0
2021_12_BUF_NO,2021,12,moneyline,home,,235.0,0.6131172453017228,0.3146097826151557,lost,-1.0
2021_12_BUF_NO,2021,12,spread,home,7.0,-112.0,0.7865887300635293,0.2582868432710764,lost,-1.0
2021_12_BUF_NO,2021,12,total_points,over,45.0,-101.0,0.6322403249998533,0.1297527628107985,lost,-1.0
2021_12_CHI_DET,2021,12,spread,home,2.0,-104.0,0.5478978299164987,0.0380939083478713,push,0.0
2021_12_LV_DAL,2021,12,moneyline,away,,269.0,0.37228401021068325,0.101281300183583,won,2.69
2021_12_LV_DAL,2021,12,spread,away,7.0,-106.0,0.5677185277534328,0.05315542095731629,won,0.9433962264150944
2021_12_CAR_MIA,2021,12,moneyline,away,,-119.0,0.5796294741189969,0.03625047868520692,lost,-1.0
2021_12_CAR_MIA,2021,12,total_points,over,41.0,-113.0,0.645064727214392,0.11454829528950938,won,0.8849557522123894
2021_12_CLE_BAL,2021,12,moneyline,home,,-156.0,0.7875218167333223,0.17814681673332233,won,0.6410256410256411
2021_12_CLE_BAL,2021,12,spread,home,-3.0,-102.0,0.7272264347969377,0.22227593974743276,won,0.9803921568627451
2021_12_CLE_BAL,2021,12,total_points,under,47.0,-101.0,0.5630494067582561,0.06056184456920133,won,0.9900990099009901
2021_12_LAC_DEN,2021,12,total_points,under,47.5,-111.0,0.6661884121123396,0.14012206140143912,won,0.9009009009009009
2021_12_LA_GB,2021,12,moneyline,home,,108.0,0.5213999401522238,0.04063070938299301,won,1.08
2021_12_LA_GB,2021,12,spread,home,2.0,-110.0,0.5753892539215338,0.05157973011201,won,0.9090909090909091
2021_12_MIN_SF,2021,12,moneyline,away,,164.0,0.5957059185561395,0.21691803976826074,lost,-1.0
2021_12_MIN_SF,2021,12,spread,away,3.5,-108.0,0.6898502312460542,0.17061946201528488,lost,-1.0
2021_12_MIN_SF,2021,12,total_points,under,49.0,-101.0,0.6127294355814508,0.110241873392396,lost,-1.0
2021_12_NYJ_HOU,2021,12,moneyline,home,,-138.0,0.6417531930834142,0.06192126031030487,lost,-1.0
2021_12_NYJ_HOU,2021,12,spread,home,-3.0,111.0,0.5617006009147555,0.08776695162565595,lost,-1.0
2021_12_PHI_NYG,2021,12,moneyline,home,,171.0,0.4085038182975833,0.03950012826068294,won,1.71
2021_12_PIT_CIN,2021,12,moneyline,away,,154.0,0.602975108765837,0.20927432136426222,lost,-1.0
2021_12_PIT_CIN,2021,12,spread,away,3.5,-111.0,0.6972687885509264,0.17120243784002598,lost,-1.0
2021_12_TB_IND,2021,12,moneyline,home,,135.0,0.5395561868356465,0.11402427194202952,lost,-1.0
2021_12_TB_IND,2021,12,spread,home,3.0,-112.0,0.6205176482422986,0.09221576144984578,lost,-1.0
2021_12_TB_IND,2021,12,total_points,under,53.0,-109.0,0.5593445377342727,0.03781343725580388,lost,-1.0
2021_12_TEN_NE,2021,12,spread,home,-7.5,106.0,0.5231993515386828,0.0377624583347993,won,1.06
2021_12_TEN_NE,2021,12,total_points,over,43.0,-108.0,0.5634997897349484,0.044269020504179135,won,0.9259259259259259
2021_12_SEA_WAS,2021,12,moneyline,away,,-128.0,0.625603495784913,0.06419998701298324,lost,-1.0
2021_12_SEA_WAS,2021,12,spread,away,-1.0,-121.0,0.5992076487523074,0.05169633653511274,lost,-1.0
2021_13_DAL_NO,2021,13,moneyline,home,,222.0,0.6107293057298168,0.30017029951863666,lost,-1.0
2021_13_DAL_NO,2021,13,spread,home,6.0,100.0,0.7585034754736246,0.2585034754736246,lost,-1.0
2021_13_DAL_NO,2021,13,total_points,over,46.0,-105.0,0.6371481124740513,0.12495299052283182,lost,-1.0
2021_13_ARI_CHI,2021,13,moneyline,home,,314.0,0.4883313887778434,0.24678549505803662,lost,-1.0
2021_13_ARI_CHI,2021,13,spread,home,7.5,104.0,0.6973144965648028,0.2071184181334303,lost,-1.0
2021_13_BAL_PIT,2021,13,moneyline,home,,174.0,0.4967082957756031,0.13174479212596807,won,1.74
2021_13_BAL_PIT,2021,13,spread,home,4.0,-107.0,0.6131473565671863,0.09623914400679989,won,0.9345794392523364
2021_13_DEN_KC,2021,13,moneyline,away,,323.0,0.27748552215915134,0.041078902773808545,lost,-1.0
2021_13_DEN_KC,2021,13,total_points,under,46.5,-108.0,0.5584349267966526,0.03920415756588336,won,0.9259259259259259
2021_13_IND_HOU,2021,13,moneyline,home,,339.0,0.47745027437411786,0.24965984157229554,lost,-1.0
2021_13_IND_HOU,2021,13,spread,home,10.0,-106.0,0.7449346063967255,0.230371499600609,lost,-1.0
2021_13_JAX_LA,2021,13,moneyline,away,,597.0,0.29286021733411804,0.14938819437859438,lost,-1.0
2021_13_JAX_LA,2021,13,spread,away,14.0,-103.0,0.6805705080930777,0.17318134553150133,lost,-1.0
2021_13_JAX_LA,2021,13,total_points,under,48.0,-109.0,0.5767599811882931,0.055228880709824235,won,0.9174311926605505
2021_13_LAC_CIN,2021,13,moneyline,away,,127.0,0.5324275897720048,0.09189895541077131,won,1.27
2021_13_LAC_CIN,2021,13,spread,away,2.5,104.0,0.5989368463526948,0.10874076792132231,won,1.04
2021_13_LAC_CIN,2021,13,total_points,under,49.5,-101.0,0.6388919999705059,0.13640443778145117,lost,-1.0
2021_13_MIN_DET,2021,13,moneyline,home,,255.0,0.3842594768586199,0.10256933601354945,won,2.55
2021_13_MIN_DET,2021,13,spread,home,7.0,-107.0,0.5807582613941533,0.06385004883376688,won,0.9345794392523364
2021_13_NYG_MIA,2021,13,moneyline,away,,253.0,0.4745459636638334,0.19125984468366342,lost,-1.0
2021_13_NYG_MIA,2021,13,spread,away,6.5,108.0,0.6528274311120931,0.1720582003428623,lost,-1.0
2021_13_NYG_MIA,2021,13,total_points,over,40.0,-111.0,0.6159947074354438,0.08992835672454336,lost,-1.0
2021_13_SF_SEA,2021,13,moneyline,home,,125.0,0.6879741379711761,0.2435296935267317,won,1.25
2021_13_SF_SEA,2021,13,spread,home,3.0,-120.0,0.7621090112431971,0.21665446578865166,won,0.8333333333333334
2021_13_TB_ATL,2021,13,moneyline,home,,387.0,0.5353655198434392,0.3300267108085316,lost,-1.0
2021_13_TB_ATL,2021,13,spread,home,11.0,-108.0,0.8078728477488415,0.2886420785180722,lost,-1.0
2021_13_WAS_LV,2021,13,total_points,over,47.5,103.0,0.5595455149065963,0.06693467746817267,lost,-1.0
2021_13_NE_BUF,2021,13,moneyline,away,,132.0,0.6228100152274652,0.1917755324688445,won,1.32
2021_13_NE_BUF,2021,13,spread,away,3.0,-116.0,0.7062737848984167,0.16923674786137965,won,0.8620689655172413
2021_13_NE_BUF,2021,13,total_points,over,40.0,-109.0,0.6009469470870465,0.0794158466085777,lost,-1.0
2021_14_PIT_MIN,2021,14,moneyline,away,,157.0,0.4822061383366085,0.09310107997084976,lost,-1.0
2021_14_PIT_MIN,2021,14,spread,away,3.5,-117.0,0.583324546485273,0.044154039572830595,lost,-1.0
2021_14_ATL_CAR,2021,14,total_points,over,41.0,-116.0,0.7159708976207725,0.1789338605837354,won,0.8620689655172413
2021_14_BAL_CLE,2021,14,moneyline,away,,135.0,0.7241336263146396,0.2986017114210226,lost,-1.0
2021_14_BAL_CLE,2021,14,spread,away,3.0,-104.0,0.7971685468014764,0.287364625232849,won,0.9615384615384616
2021_14_BUF_TB,2021,14,moneyline,away,,161.0,0.4951649201813893,0.11202315772928201,lost,-1.0
2021_14_BUF_TB,2021,14,spread,away,3.5,-106.0,0.5938525616474641,0.07928945485134764,lost,-1.0
2021_14_BUF_TB,2021,14,total_points,under,52.5,-101.0,0.6150436608197124,0.11255609863065763,lost,-1.0
2021_14_CHI_GB,2021,14,moneyline,away,,498.0,0.3601318040783063,0.19290772381074778,lost,-1.0
2021_14_CHI_GB,2021,14,spread,away,11.5,-102.0,0.6850055306612994,0.18005503561179448,lost,-1.0
2021_14_DAL_WAS,2021,14,moneyline,home,,246.0,0.4283495406958076,0.13933219965534516,lost,-1.0
2021_14_DAL_WAS,2021,14,spread,home,6.5,103.0,0.6050282769301601,0.11241743949173649,lost,-1.0
2021_14_DAL_WAS,2021,14,total_points,under,48.0,-108.0,0.6029287754599473,0.083698006229178,won,0.9259259259259259
2021_14_DET_DEN,2021,14,moneyline,away,,495.0,0.40630652935254974,0.23823930246179342,lost,-1.0
2021_14_DET_DEN,2021,14,spread,away,13.0,-109.0,0.760758686254105,0.2392275857756362,lost,-1.0
2021_14_JAX_TEN,2021,14,moneyline,away,,321.0,0.3502340869513172,0.11270439573991578,lost,-1.0
2021_14_JAX_TEN,2021,14,spread,away,8.5,-108.0,0.5894089039618585,0.07017813473108925,lost,-1.0
2021_14_LV_KC,2021,14,moneyline,away,,365.0,0.26873792285175996,0.05368415941089974,lost,-1.0
2021_14_LV_KC,2021,14,total_points,over,48.0,-108.0,0.6351440283561994,0.11591325912543016,won,0.9259259259259259
2021_14_NO_NYJ,2021,14,spread,away,-4.5,103.0,0.5960339618374388,0.10342312439901519,won,1.03
2021_14_NO_NYJ,2021,14,total_points,over,42.0,100.0,0.6942371019143759,0.19423710191437593,lost,-1.0
2021_14_NYG_LAC,2021,14,moneyline,away,,329.0,0.3275558898302103,0.09445565672997719,lost,-1.0
2021_14_NYG_LAC,2021,14,spread,away,9.5,-118.0,0.5872057962256404,0.04592139255591565,lost,-1.0
2021_14_SEA_HOU,2021,14,moneyline,home,,334.0,0.38421379144755724,0.15379904490377844,lost,-1.0
2021_14_SEA_HOU,2021,14,spread,home,10.0,-116.0,0.6629163686581288,0.12587933162109166,lost,-1.0
2021_14_SEA_HOU,2021,14,total_points,over,40.5,-117.0,0.609743746944642,0.07057324003219956,won,0.8547008547008547
2021_14_SF_CIN,2021,14,moneyline,home,,117.0,0.5616655784026802,0.10083608531512256,lost,-1.0
2021_14_SF_CIN,2021,14,spread,home,2.5,-108.0,0.6236568008497403,0.10442603161897102,lost,-1.0
2021_14_SF_CIN,2021,14,total_points,under,49.0,-103.0,0.6085142837892021,0.10112512122762574,push,0.0
2021_14_LA_ARI,2021,14,moneyline,away,,154.0,0.5261334881273362,0.13243270072576135,won,1.54
2021_14_LA_ARI,2021,14,spread,away,3.0,104.0,0.6116693770652692,0.12147329863389672,won,1.04
2021_14_LA_ARI,2021,14,total_points,under,51.0,-106.0,0.6020195715483155,0.08745646475219904,lost,-1.0
2021_15_KC_LAC,2021,15,total_points,under,54.0,-113.0,0.6518447475016134,0.12132831557673074,lost,-1.0
2021_15_NE_IND,2021,15,moneyline,away,,-102.0,0.6526118901030666,0.14766139505356168,lost,-1.0
2021_15_NE_IND,2021,15,spread,away,-1.0,-101.0,0.6277128354615656,0.12522527327251087,lost,-1.0
2021_15_ARI_DET,2021,15,moneyline,home,,495.0,0.43734066508074226,0.26927343818998595,won,4.95
2021_15_ARI_DET,2021,15,spread,home,13.0,-109.0,0.7763566088001975,0.2548255083217287,won,0.9174311926605505
2021_15_ATL_SF,2021,15,moneyline,away,,319.0,0.5257694018073826,0.28710591732050916,lost,-1.0
2021_15_ATL_SF,2021,15,spread,away,9.5,-114.0,0.7640852099877279,0.23137492961389616,lost,-1.0
2021_15_CAR_BUF,2021,15,moneyline,away,,562.0,0.41276936319376634,0.26171196138107755,lost,-1.0
2021_15_CAR_BUF,2021,15,spread,away,14.0,102.0,0.7887505650004496,0.29370106004995455,lost,-1.0
2021_15_CAR_BUF,2021,15,total_points,over,43.0,-104.0,0.5701541484423439,0.060350226873716495,won,0.9615384615384616
2021_15_CIN_DEN,2021,15,total_points,under,45.0,-123.0,0.6328383386738717,0.0812688319474143,won,0.8130081300813008
2021_15_DAL_NYG,2021,15,moneyline,home,,428.0,0.39961286328640677,0.21021892389246738,lost,-1.0
2021_15_DAL_NYG,2021,15,spread,home,11.5,108.0,0.7157121166675429,0.23494288589831208,lost,-1.0
2021_15_GB_BAL,2021,15,moneyline,home,,299.0,0.6096965957384535,0.3590700293224134,lost,-1.0
2021_15_GB_BAL,2021,15,spread,home,9.5,-116.0,0.8240048609943716,0.28696782395733456,won,0.8620689655172413
2021_15_HOU_JAX,2021,15,moneyline,away,,224.0,0.5089295631282387,0.2002875878195967,won,2.24
2021_15_HOU_JAX,2021,15,spread,away,6.0,-111.0,0.6766516737419288,0.15058532303102834,won,0.9009009009009009
2021_15_HOU_JAX,2021,15,total_points,over,40.0,-106.0,0.5897843301624195,0.07522122336630299,won,0.9433962264150944
2021_15_NO_TB,2021,15,moneyline,away,,417.0,0.5580539355066897,0.3646303378277729,won,4.17
2021_15_NO_TB,2021,15,spread,away,11.5,-101.0,0.827092168284041,0.3246046060949862,won,0.9900990099009901
2021_15_NO_TB,2021,15,total_points,over,45.5,-110.0,0.737170337735336,0.2133608139258122,lost,-1.0
2021_15_NYJ_MIA,2021,15,moneyline,away,,366.0,0.4050044968350876,0.190412222156976,lost,-1.0
2021_15_NYJ_MIA,2021,15,spread,away,10.5,-114.0,0.6975555530953251,0.1648452727214934,won,0.8771929824561403
2021_15_TEN_PIT,2021,15,moneyline,home,,-121.0,0.6198869648578256,0.07237565264063095,won,0.8264462809917356
2021_15_TEN_PIT,2021,15,spread,home,-1.0,-114.0,0.5897649208213073,0.057054640447475546,won,0.8771929824561403
2021_15_LV_CLE,2021,15,moneyline,home,,131.0,0.47334472478476647,0.04044429188433357,lost,-1.0
2021_15_LV_CLE,2021,15,total_points,over,41.0,-111.0,0.7374288322470064,0.21136248153610593,lost,-1.0
2021_15_MIN_CHI,2021,15,moneyline,home,,274.0,0.42229883314093114,0.1549191539965461,lost,-1.0
2021_15_MIN_CHI,2021,15,spread,home,7.0,102.0,0.6240975331097193,0.12904802815922423,lost,-1.0
2021_15_MIN_CHI,2021,15,total_points,under,48.0,-114.0,0.6859965117637724,0.15328623138994069,won,0.8771929824561403
2021_15_SEA_LA,2021,15,moneyline,away,,298.0,0.4786901804500704,0.22743389904303524,lost,-1.0
2021_15_SEA_LA,2021,15,spread,away,7.5,-120.0,0.6877268472260076,0.14227230177146222,lost,-1.0
2021_15_WAS_PHI,2021,15,moneyline,away,,380.0,0.3547984871621407,0.14646515382880734,lost,-1.0
2021_15_WAS_PHI,2021,15,spread,away,10.0,-101.0,0.6358145173097743,0.13332695512071957,push,0.0
2021_15_WAS_PHI,2021,15,total_points,over,39.5,-101.0,0.6600932645851042,0.15760570239604943,won,0.9900990099009901
2021_16_SF_TEN,2021,16,moneyline,home,,154.0,0.6010443891964786,0.2073436017949038,won,1.54
2021_16_SF_TEN,2021,16,spread,home,3.5,-120.0,0.690986003088152,0.14553145763360653,won,0.8333333333333334
2021_16_SF_TEN,2021,16,total_points,over,45.5,104.0,0.5290258305854194,0.03882975215404688,lost,-1.0
2021_16_CLE_GB,2021,16,moneyline,away,,343.0,0.2739114898953943,0.04817785558388191,lost,-1.0
2021_16_IND_ARI,2021,16,moneyline,away,,143.0,0.46999001179228245,0.058467378047426466,won,1.43
2021_16_IND_ARI,2021,16,spread,away,3.0,102.0,0.5549661381846391,0.05991663323414409,won,1.02
2021_16_BAL_CIN,2021,16,moneyline,away,,306.0,0.627972481873782,0.3816670631545701,lost,-1.0
2021_16_BAL_CIN,2021,16,spread,away,7.5,-102.0,0.8096805899768333,0.3047300949273284,lost,-1.0
2021_16_BUF_NE,2021,16,moneyline,home,,-114.0,0.6936903090815799,0.1609800287077482,lost,-1.0
2021_16_BUF_NE,2021,16,spread,home,-1.0,-105.0,0.6670479495429524,0.1548528275917329,lost,-1.0
2021_16_CHI_SEA,2021,16,moneyline,away,,268.0,0.318567272819047,0.046828142384264415,won,2.68
2021_16_DEN_LV,2021,16,total_points,over,42.0,101.0,0.6091352974040126,0.11162285959306734,lost,-1.0
2021_16_DET_ATL,2021,16,moneyline,away,,309.0,0.3750553581982382,0.13055658069212575,lost,-1.0
2021_16_DET_ATL,2021,16,spread,away,7.5,-106.0,0.5864951273748296,0.07193202057871306,won,0.9433962264150944
2021_16_DET_ATL,2021,16,total_points,over,42.5,-113.0,0.6851133561117072,0.15459692418682458,lost,-1.0
2021_16_JAX_NYJ,2021,16,moneyline,away,,114.0,0.5031126612930678,0.03582294166689953,lost,-1.0
2021_16_JAX_NYJ,2021,16,spread,away,2.5,-111.0,0.5706270311714027,0.04456068046050221,lost,-1.0
2021_16_LAC_HOU,2021,16,moneyline,home,,500.0,0.4345183104752533,0.2678516438085866,won,5.0
2021_16_LAC_HOU,2021,16,spread,home,13.5,-114.0,0.7816818195012051,0.24897153912737335,won,0.8771929824561403
2021_16_LA_MIN,2021,16,moneyline,home,,158.0,0.5300667705099371,0.1424698712851309,lost,-1.0
2021_16_LA_MIN,2021,16,spread,home,3.5,-108.0,0.6250137999497232,0.1057830307189539,lost,-1.0
2021_16_LA_MIN,2021,16,total_points,under,48.5,-100.0,0.5731224502138415,0.07312245021384145,lost,-1.0
2021_16_NYG_PHI,2021,16,moneyline,away,,416.0,0.3245443550385919,0.1307459054261888,lost,-1.0
2021_16_NYG_PHI,2021,16,spread,away,11.0,-108.0,0.6362641585335135,0.1170333893027442,lost,-1.0
2021_16_NYG_PHI,2021,16,total_points,over,41.0,-106.0,0.6053853083232095,0.09082220152709297,won,0.9433962264150944
2021_16_PIT_KC,2021,16,moneyline,away,,328.0,0.3797140468412852,0.14606918702820107,lost,-1.0
2021_16_PIT_KC,2021,16,spread,away,10.5,-114.0,0.6690687217072396,0.1363584413334079,lost,-1.0
2021_16_PIT_KC,2021,16,total_points,over,44.0,-109.0,0.5931738831438909,0.07164278266542201,won,0.9174311926605505
2021_16_TB_CAR,2021,16,moneyline,home,,399.0,0.5220299849996937,0.3216291833964873,lost,-1.0
2021_16_TB_CAR,2021,16,spread,home,11.5,-117.0,0.8044908247494585,0.26532031783701615,lost,-1.0
2021_16_TB_CAR,2021,16,total_points,over,44.5,101.0,0.6523343808647762,0.15482194305383096,lost,-1.0
2021_16_WAS_DAL,2021,16,moneyline,away,,367.0,0.34459959576240135,0.1304668334497675,lost,-1.0
2021_16_WAS_DAL,2021,16,spread,away,10.5,-113.0,0.6386106429444095,0.10809421101952688,lost,-1.0
2021_16_MIA_NO,2021,16,moneyline,home,,143.0,0.7386723379036096,0.32714970415875366,lost,-1.0
2021_16_MIA_NO,2021,16,spread,home,3.0,-101.0,0.8057343318295866,0.3032467696405319,lost,-1.0
2021_16_MIA_NO,2021,16,total_points,over,37.5,-106.0,0.8070839186360913,0.2925208118399748,lost,-1.0
2021_17_ARI_DAL,2021,17,moneyline,away,,225.0,0.41071092945621424,0.10301862176390653,won,2.25
2021_17_ARI_DAL,2021,17,spread,away,6.5,-103.0,0.5898782159541965,0.08248905339262014,won,0.970873786407767
2021_17_ARI_DAL,2021,17,total_points,under,53.0,-104.0,0.684059005314422,0.17425508374579457,won,0.9615384615384616
2021_17_ATL_BUF,2021,17,moneyline,away,,625.0,0.4105563339273713,0.27262529944461267,lost,-1.0
2021_17_ATL_BUF,2021,17,spread,away,14.0,-101.0,0.7847683680083873,0.28228080581933257,push,0.0
2021_17_CAR_NO,2021,17,moneyline,away,,238.0,0.34407261037885534,0.04821462221317485,lost,-1.0
2021_17_CAR_NO,2021,17,total_points,over,37.0,-112.0,0.8444560182979222,0.31615413150546934,lost,-1.0
2021_17_DEN_LAC,2021,17,moneyline,away,,285.0,0.38961127843338905,0.12987101869312934,lost,-1.0
2021_17_DEN_LAC,2021,17,spread,away,8.0,-117.0,0.6234122450317545,0.08424173811931213,lost,-1.0
2021_17_DEN_LAC,2021,17,total_points,under,45.5,-108.0,0.5991254650671708,0.07989469583640152,lost,-1.0
2021_17_DET_SEA,2021,17,moneyline,away,,327.0,0.2878523496007173,0.05366031212999131,lost,-1.0
2021_17_DET_SEA,2021,17,total_points,over,41.5,-101.0,0.6307415189628837,0.1282539567738289,won,0.9900990099009901
2021_17_HOU_SF,2021,17,moneyline,away,,463.0,0.45708846504882666,0.2794685716207627,lost,-1.0
2021_17_HOU_SF,2021,17,spread,away,14.0,-113.0,0.8203034805857629,0.28978704866088023,lost,-1.0
2021_17_JAX_NE,2021,17,moneyline,away,,727.0,0.17626510198184495,0.0553461177013129,lost,-1.0
2021_17_JAX_NE,2021,17,spread,away,17.5,-109.0,0.6361718329400169,0.11464073246154804,lost,-1.0
2021_17_KC_CIN,2021,17,spread,away,-3.5,-103.0,0.5705207202774164,0.06313155771584,lost,-1.0
2021_17_KC_CIN,2021,17,total_points,under,51.0,-102.0,0.6059681968098084,0.10101770176030345,lost,-1.0
2021_17_LA_BAL,2021,17,moneyline,home,,264.0,0.5828137097968699,0.3080884350715951,lost,-1.0
2021_17_LA_BAL,2021,17,spread,home,7.0,-101.0,0.7647140761435025,0.26222651395444774,won,0.9900990099009901
2021_17_LV_IND,2021,17,moneyline,away,,325.0,0.3795446450898617,0.14425052744280287,won,3.25
2021_17_LV_IND,2021,17,spread,away,8.5,100.0,0.6136988167402437,0.11369881674024374,won,1.0
2021_17_LV_IND,2021,17,total_points,over,46.5,-113.0,0.6253318058630223,0.09481537393813966,lost,-1.0
2021_17_MIA_TEN,2021,17,total_points,over,41.0,-107.0,0.6195679377265556,0.10265972516616917,lost,-1.0
2021_17_MIN_GB,2021,17,moneyline,away,,525.0,0.46778512276611567,0.3077851227661157,lost,-1.0
2021_17_MIN_GB,2021,17,spread,away,13.0,-116.0,0.8029179243434474,0.26588088730641035,lost,-1.0
2021_17_MIN_GB,2021,17,total_points,over,42.0,-111.0,0.6176795973693613,0.09161324665846082,won,0.9009009009009009
2021_17_NYG_CHI,2021,17,moneyline,away,,245.0,0.399241945802082,0.10938687333831387,lost,-1.0
2021_17_NYG_CHI,2021,17,spread,away,7.0,-115.0,0.6053319351884271,0.07044821425819459,lost,-1.0
2021_17_NYG_CHI,2021,17,total_points,over,36.5,-109.0,0.6202433097338794,0.09871220925541058,lost,-1.0
2021_17_PHI_WAS,2021,17,moneyline,home,,206.0,0.41647654680394613,0.0896791611830311,lost,-1.0
2021_17_PHI_WAS,2021,17,spread,home,6.5,-115.0,0.5927898217567252,0.057906100826492723,won,0.8695652173913043
2021_17_TB_NYJ,2021,17,moneyline,home,,623.0,0.3691787980928713,0.23086621164750476,lost,-1.0
2021_17_TB_NYJ,2021,17,spread,home,14.5,-110.0,0.7543205744735758,0.23051105066405198,won,0.9090909090909091
2021_17_CLE_PIT,2021,17,moneyline,home,,105.0,0.7470952399078684,0.25929036185908794,won,1.05
2021_17_CLE_PIT,2021,17,spread,home,1.0,-101.0,0.7759463522519008,0.273458790062846,won,0.9900990099009901
2021_18_DAL_PHI,2021,18,moneyline,home,,235.0,0.5351378271996798,0.2366303645131127,lost,-1.0
2021_18_DAL_PHI,2021,18,spread,home,6.5,-110.0,0.7026170694496555,0.17880754564013168,lost,-1.0
2021_18_KC_DEN,2021,18,moneyline,home,,435.0,0.34084493927021775,0.15392905141975047,lost,-1.0
2021_18_KC_DEN,2021,18,spread,home,11.5,-110.0,0.6609949281370341,0.13718540432751025,won,0.9090909090909091
2021_18_CAR_TB,2021,18,moneyline,away,,375.0,0.42623474023987296,0.21570842445039928,lost,-1.0
2021_18_CAR_TB,2021,18,spread,away,11.0,-110.0,0.7272841000795617,0.20347457627003784,lost,-1.0
2021_18_CAR_TB,2021,18,total_points,over,43.0,-115.0,0.6955573722306844,0.16067365130045186,won,0.8695652173913043
2021_18_CHI_MIN,2021,18,total_points,under,45.5,-110.0,0.6187534166727754,0.09494389286325156,lost,-1.0
2021_18_CIN_CLE,2021,18,moneyline,away,,215.0,0.5628200579172641,0.24535974045694664,lost,-1.0
2021_18_CIN_CLE,2021,18,spread,away,6.5,-110.0,0.7305869497370584,0.20677742592753456,won,0.9090909090909091
2021_18_CIN_CLE,2021,18,total_points,over,38.0,-110.0,0.6677650462166674,0.1439555224071436,lost,-1.0
2021_18_GB_DET,2021,18,total_points,over,45.0,-105.0,0.5888705728508264,0.07667545089960692,won,0.9523809523809523
2021_18_IND_JAX,2021,18,moneyline,home,,650.0,0.4027159823590669,0.2693826490257336,won,6.5
2021_18_IND_JAX,2021,18,spread,home,14.0,-110.0,0.7781545160781526,0.2543449922686287,won,0.9090909090909091
2021_18_IND_JAX,2021,18,total_points,over,43.0,-110.0,0.5730605644247743,0.04925104061525043,lost,-1.0
2021_18_LAC_LV,2021,18,moneyline,home,,155.0,0.43709646112683115,0.044939598381733115,won,1.55
2021_18_NE_MIA,2021,18,spread,away,-6.0,-110.0,0.6106538898904282,0.0868443660809044,lost,-1.0
2021_18_NE_MIA,2021,18,total_points,over,41.0,-110.0,0.5827825722161163,0.058973048406592454,won,0.9090909090909091
2021_18_NO_ATL,2021,18,moneyline,home,,186.0,0.4330024457109188,0.08335209606056915,lost,-1.0
2021_18_NO_ATL,2021,18,spread,home,4.5,-100.0,0.5585293847075187,0.05852938470751867,lost,-1.0
2021_18_NO_ATL,2021,18,total_points,over,40.0,-113.0,0.8130720987131377,0.28255566678825506,won,0.8849557522123894
2021_18_NYJ_BUF,2021,18,moneyline,away,,750.0,0.2567816233036889,0.1391345644801595,lost,-1.0
2021_18_NYJ_BUF,2021,18,spread,away,16.0,-110.0,0.6934592084140202,0.16964968460449636,lost,-1.0
2021_18_PIT_BAL,2021,18,total_points,over,41.0,-105.0,0.5873493998344106,0.07515427788319107,lost,-1.0
2021_18_SEA_ARI,2021,18,moneyline,away,,190.0,0.5478603648748888,0.2030327786679922,won,1.9
2021_18_SEA_ARI,2021,18,spread,away,5.5,-110.0,0.6934376360034059,0.16962811219388207,won,0.9090909090909091
2021_18_SEA_ARI,2021,18,total_points,under,48.0,100.0,0.5567661220201306,0.05676612202013065,lost,-1.0
2021_18_SF_LA,2021,18,spread,home,-3.0,-115.0,0.5964998486433487,0.0616161277131162,lost,-1.0
2021_18_TEN_HOU,2021,18,moneyline,home,,410.0,0.46939902185035753,0.27332059047780854,lost,-1.0
2021_18_TEN_HOU,2021,18,spread,home,10.5,-115.0,0.7471865845950078,0.21230286366477524,won,0.8695652173913043
2021_18_TEN_HOU,2021,18,total_points,over,43.0,-110.0,0.5593866960922873,0.03557717228276347,won,0.9090909090909091
2021_18_WAS_NYG,2021,18,moneyline,home,,206.0,0.5153352980233918,0.1885379124024768,lost,-1.0
2021_18_WAS_NYG,2021,18,spread,home,6.0,-109.0,0.6791679991882331,0.15763689870976427,lost,-1.0
2021_18_WAS_NYG,2021,18,total_points,over,36.0,-111.0,0.7024107123288271,0.17634436161792666,lost,-1.0
2022_01_BUF_LA,2022,1,moneyline,home,,106.0,0.5665730144374429,0.0811361212335594,lost,-1.0
2022_01_BUF_LA,2022,1,spread,home,1.0,101.0,0.5976512292445194,0.10013879143357413,lost,-1.0
2022_01_BUF_LA,2022,1,total_points,under,51.5,-101.0,0.6626370851399955,0.16014952295094076,won,0.9900990099009901
2022_01_BAL_NYJ,2022,1,spread,away,-6.5,-103.0,0.5620292713904143,0.05464010882883785,won,0.970873786407767
2022_01_CLE_CAR,2022,1,moneyline,home,,-125.0,0.6586403813331396,0.10308482577758404,lost,-1.0
2022_01_CLE_CAR,2022,1,spread,home,-2.5,102.0,0.595053951305325,0.10000444635482997,lost,-1.0
2022_01_CLE_CAR,2022,1,total_points,over,42.5,100.0,0.5906959947976159,0.09069599479761592,won,1.0
2022_01_IND_HOU,2022,1,moneyline,home,,250.0,0.46828247333495376,0.18256818762066807,push,0.0
2022_01_IND_HOU,2022,1,spread,home,7.0,-107.0,0.6632262903792143,0.14631807781882789,won,0.9345794392523364
2022_01_KC_ARI,2022,1,moneyline,home,,221.0,0.37956627278240956,0.06803979303163077,lost,-1.0
2022_01_KC_ARI,2022,1,total_points,under,54.0,-110.0,0.6323738084542909,0.10856428464476708,lost,-1.0
2022_01_LV_LAC,2022,1,spread,home,-3.5,-104.0,0.5462485969270507,0.03644467535842333,won,0.9615384615384616
2022_01_LV_LAC,2022,1,total_points,under,52.5,-103.0,0.5487977782632875,0.04140861570171106,won,0.970873786407767
2022_01_NE_MIA,2022,1,moneyline,away,,140.0,0.748116697275889,0.33145003060922235,lost,-1.0
2022_01_NE_MIA,2022,1,spread,away,3.0,-104.0,0.8173548608804747,0.3075509393118473,lost,-1.0
2022_01_NE_MIA,2022,1,total_points,under,47.0,-109.0,0.5825822589626147,0.061051158484145884,won,0.9174311926605505
2022_01_NO_ATL,2022,1,moneyline,home,,201.0,0.4298908314861323,0.0976649178648698,lost,-1.0
2022_01_NO_ATL,2022,1,spread,home,6.0,-107.0,0.5907100923201474,0.07380187975976094,won,0.9345794392523364
2022_01_NO_ATL,2022,1,total_points,over,43.5,-108.0,0.7296546925632917,0.21042392333252247,won,0.9259259259259259
2022_01_PHI_DET,2022,1,moneyline,home,,211.0,0.4169353299125774,0.0953919215524488,lost,-1.0
2022_01_PHI_DET,2022,1,spread,home,6.0,-100.0,0.5797038927354011,0.07970389273540113,won,1.0
2022_01_PIT_CIN,2022,1,moneyline,away,,264.0,0.5742763440046046,0.29955106927932984,won,2.64
2022_01_PIT_CIN,2022,1,spread,away,7.5,-119.0,0.7686086446118499,0.22522964917805988,won,0.8403361344537815
2022_01_PIT_CIN,2022,1,total_points,under,44.5,101.0,0.5363078934803398,0.03879545566939452,won,1.01
2022_01_SF_CHI,2022,1,moneyline,home,,217.0,0.5523588468181477,0.2369014335689364,won,2.17
2022_01_SF_CHI,2022,1,spread,home,6.5,-111.0,0.7186226053545963,0.19255625464369586,won,0.9009009009009009
2022_01_SF_CHI,2022,1,total_points,over,38.0,-109.0,0.6256610907676747,0.10412999028920589,lost,-1.0
2022_01_TB_DAL,2022,1,moneyline,home,,120.0,0.5768427968458801,0.1222973423004256,lost,-1.0
2022_01_TB_DAL,2022,1,spread,home,2.5,-102.0,0.6374952801946965,0.13254478514519152,lost,-1.0
2022_01_DEN_SEA,2022,1,moneyline,home,,221.0,0.6742634192834255,0.3627369395326467,won,2.21
2022_01_DEN_SEA,2022,1,spread,home,6.0,-103.0,0.812606210319804,0.30521704775822756,won,0.970873786407767
2022_01_DEN_SEA,2022,1,total_points,under,44.0,-115.0,0.5735609723713712,0.03867725144113865,won,0.8695652173913043
2022_02_LAC_KC,2022,2,spread,home,-4.0,102.0,0.5582611879844853,0.06321168303399027,lost,-1.0
2022_02_LAC_KC,2022,2,total_points,under,52.5,-101.0,0.581342154606026,0.07885459241697124,won,0.9900990099009901
2022_02_ARI_LV,2022,2,moneyline,away,,197.0,0.5171530155979288,0.1804526788975921,won,1.97
2022_02_ARI_LV,2022,2,spread,away,5.5,-110.0,0.6629707384603788,0.13916121465085496,won,0.9090909090909091
2022_02_ATL_LA,2022,2,moneyline,away,,385.0,0.3827741869347621,0.17658861992445285,lost,-1.0
2022_02_ATL_LA,2022,2,spread,away,10.5,-113.0,0.6682195939758102,0.13770316205092759,won,0.8849557522123894
2022_02_ATL_LA,2022,2,total_points,over,46.5,103.0,0.5770623894819408,0.08445155204351712,won,1.03
2022_02_CHI_GB,2022,2,moneyline,away,,348.0,0.3572062414803501,0.13399195576606435,lost,-1.0
2022_02_CHI_GB,2022,2,spread,away,10.5,-111.0,0.6508722586002607,0.12480590788936019,lost,-1.0
2022_02_CIN_DAL,2022,2,moneyline,home,,260.0,0.6300415004319576,0.3522637226541798,won,2.6
2022_02_CIN_DAL,2022,2,spread,home,7.5,-122.0,0.8068831721085958,0.25733362255904624,won,0.819672131147541
2022_02_CIN_DAL,2022,2,total_points,over,42.0,-108.0,0.5789502759889318,0.05971950675816251,lost,-1.0
2022_02_HOU_DEN,2022,2,moneyline,away,,391.0,0.4272314795036647,0.22356549172362394,lost,-1.0
2022_02_HOU_DEN,2022,2,spread,away,10.5,-114.0,0.719292524049889,0.18658224367605725,won,0.8771929824561403
2022_02_HOU_DEN,2022,2,total_points,under,46.0,-110.0,0.6523297170414696,0.12852019323194575,won,0.9090909090909091
2022_02_MIA_BAL,2022,2,spread,home,-3.0,-114.0,0.6824533566765998,0.14974307630276806,lost,-1.0
2022_02_NE_PIT,2022,2,total_points,over,40.0,-111.0,0.5969776526392792,0.07091130192837869,lost,-1.0
2022_02_NYJ_CLE,2022,2,moneyline,away,,207.0,0.4309536551388435,0.1052207561160422,won,2.07
2022_02_NYJ_CLE,2022,2,spread,away,6.5,-111.0,0.6107383504234452,0.08467199971254469,won,0.9009009009009009
2022_02_NYJ_CLE,2022,2,total_points,over,38.5,-105.0,0.6305723306133464,0.11837720866212686,won,0.9523809523809523
2022_02_SEA_SF,2022,2,moneyline,away,,318.0,0.6072722831084324,0.3680378333476668,lost,-1.0
2022_02_SEA_SF,2022,2,spread,away,8.5,-113.0,0.8090302161170378,0.2785137841921552,lost,-1.0
2022_02_SEA_SF,2022,2,total_points,over,40.0,-100.0,0.6702768608715922,0.17027686087159222,lost,-1.0
2022_02_TB_NO,2022,2,moneyline,home,,124.0,0.6224517885414694,0.17602321711289798,lost,-1.0
2022_02_TB_NO,2022,2,spread,home,2.5,-102.0,0.6803290505352136,0.1753785554857087,lost,-1.0
2022_02_TB_NO,2022,2,total_points,over,44.0,104.0,0.7495375734293196,0.25934149499794706,lost,-1.0
2022_02_WAS_DET,2022,2,moneyline,home,,103.0,0.5283890107052289,0.03577817326680527,won,1.03
2022_02_WAS_DET,2022,2,spread,home,1.0,-103.0,0.5588806065400193,0.05149144397844285,won,0.970873786407767
2022_02_MIN_PHI,2022,2,moneyline,away,,127.0,0.48570771468178214,0.04517908032054868,lost,-1.0
2022_02_MIN_PHI,2022,2,spread,away,2.5,106.0,0.5525279863445525,0.06709109314066897,lost,-1.0
2022_02_MIN_PHI,2022,2,total_points,under,49.5,-115.0,0.5993556282243991,0.06447190729416663,won,0.8695652173913043
2022_02_TEN_BUF,2022,2,moneyline,away,,329.0,0.40918194917421014,0.17608171607397705,lost,-1.0
2022_02_TEN_BUF,2022,2,spread,away,10.0,-115.0,0.6882310298856875,0.153347308955455,lost,-1.0
2022_02_TEN_BUF,2022,2,total_points,under,47.5,-108.0,0.5832654824270045,0.06403471319623522,lost,-1.0
2022_03_PIT_CLE,2022,3,moneyline,away,,183.0,0.6695991651809255,0.3162422747215616,lost,-1.0
2022_03_PIT_CLE,2022,3,spread,away,4.5,-111.0,0.7801921291604491,0.25412577844954864,lost,-1.0
2022_03_PIT_CLE,2022,3,total_points,over,38.0,-105.0,0.6568898184019882,0.1446946964507687,won,0.9523809523809523
2022_03_ATL_SEA,2022,3,moneyline,home,,-106.0,0.637813309376317,0.12325020258020047,lost,-1.0
2022_03_ATL_SEA,2022,3,spread,home,-1.0,102.0,0.6096325071105207,0.1145830021600257,lost,-1.0
2022_03_ATL_SEA,2022,3,total_points,over,43.0,-115.0,0.6444841201028645,0.10960039917263198,won,0.8695652173913043
2022_03_BAL_NE,2022,3,moneyline,home,,129.0,0.6219758231826316,0.18529460047520796,lost,-1.0
2022_03_BAL_NE,2022,3,spread,home,2.5,104.0,0.680936615396665,0.19074053696529242,lost,-1.0
2022_03_BUF_MIA,2022,3,total_points,under,54.0,-103.0,0.7624662601525187,0.2550770975909423,won,0.970873786407767
2022_03_CIN_NYJ,2022,3,moneyline,home,,220.0,0.41875571591993305,0.10625571591993305,lost,-1.0
2022_03_CIN_NYJ,2022,3,spread,home,6.5,-115.0,0.5954509657801823,0.0605672448499498,lost,-1.0
2022_03_CIN_NYJ,2022,3,total_points,under,46.0,-106.0,0.5824559279011348,0.06789282110501826,won,0.9433962264150944
2022_03_DET_MIN,2022,3,total_points,under,52.0,-117.0,0.654315796438635,0.11514528952619263,push,0.0
2022_03_GB_TB,2022,3,total_points,over,41.5,-109.0,0.7249066815890117,0.20337558111054288,lost,-1.0
2022_03_LA_ARI,2022,3,moneyline,home,,153.0,0.47074233637675467,0.07548541938070724,lost,-1.0
2022_03_LV_TEN,2022,3,moneyline,home,,117.0,0.6095301331912583,0.14870064010370065,won,1.17
2022_03_LV_TEN,2022,3,spread,home,1.5,103.0,0.6487271426364596,0.15611630519803593,won,1.03
2022_03_LV_TEN,2022,3,total_points,over,45.5,-103.0,0.6203133238425789,0.11292416128100247,won,0.970873786407767
2022_03_NO_CAR,2022,3,total_points,over,41.0,-100.0,0.7511416340719624,0.25114163407196244,lost,-1.0
2022_03_PHI_WAS,2022,3,moneyline,home,,210.0,0.4258466908066413,0.10326604564535097,lost,-1.0
2022_03_PHI_WAS,2022,3,spread,home,6.0,-112.0,0.5900294916356768,0.06172760484322393,lost,-1.0
2022_03_PHI_WAS,2022,3,total_points,under,47.0,-101.0,0.5406622641698441,0.038174701980789316,won,0.9900990099009901
2022_03_SF_DEN,2022,3,moneyline,home,,-101.0,0.5628148126929324,0.06032725050387766,won,0.9900990099009901
2022_03_SF_DEN,2022,3,spread,home,1.0,-108.0,0.5947279869673042,0.07549721773653495,won,0.9259259259259259
2022_03_SF_DEN,2022,3,total_points,under,44.0,101.0,0.5750390295545623,0.07752659174361703,won,1.01
2022_03_DAL_NYG,2022,3,moneyline,away,,109.0,0.6191061917968764,0.14063729227534533,won,1.09
2022_03_DAL_NYG,2022,3,spread,away,1.0,103.0,0.6539537293576724,0.16134289191924872,won,1.03
2022_03_DAL_NYG,2022,3,total_points,over,38.5,-110.0,0.6486942127174129,0.12488468890788906,won,0.9090909090909091
2022_04_MIA_CIN,2022,4,total_points,under,48.5,-103.0,0.623594443694279,0.11620528113270256,won,0.970873786407767
2022_04_ARI_CAR,2022,4,total_points,over,44.0,100.0,0.5870963748088824,0.08709637480888244,lost,-1.0
2022_04_BUF_BAL,2022,4,moneyline,home,,154.0,0.5993967470943344,0.2056959596927596,lost,-1.0
2022_04_BUF_BAL,2022,4,spread,home,3.0,106.0,0.6800664612439364,0.19462956804005294,push,0.0
2022_04_BUF_BAL,2022,4,total_points,under,50.0,-103.0,0.6583857804302841,0.15099661786870766,won,0.970873786407767
2022_04_CHI_NYG,2022,4,moneyline,away,,130.0,0.5235889823456438,0.08880637364999161,lost,-1.0
2022_04_CHI_NYG,2022,4,spread,away,3.0,-120.0,0.6112822290128928,0.06582768355834734,lost,-1.0
2022_04_CLE_ATL,2022,4,moneyline,home,,-103.0,0.664657319229986,0.15726815666840965,won,0.970873786407767
2022_04_CLE_ATL,2022,4,spread,home,1.0,-109.0,0.6950245774932591,0.17349347701479023,won,0.9174311926605505
2022_04_DEN_LV,2022,4,moneyline,away,,124.0,0.4888642076035484,0.04243563617497692,lost,-1.0
2022_04_DEN_LV,2022,4,spread,away,2.5,-101.0,0.5557496760234657,0.05326211383441093,lost,-1.0
2022_04_KC_TB,2022,4,moneyline,away,,113.0,0.5986823900049743,0.12919882192985688,won,1.13
2022_04_KC_TB,2022,4,spread,away,1.0,107.0,0.6321081179615335,0.14901633052192004,won,1.07
2022_04_KC_TB,2022,4,total_points,over,46.5,-115.0,0.6474112325863532,0.11252751165612074,won,0.8695652173913043
2022_04_LAC_HOU,2022,4,moneyline,home,,205.0,0.4451405542218564,0.11727170176284002,lost,-1.0
2022_04_LAC_HOU,2022,4,spread,home,5.5,-104.0,0.5935462194685623,0.08374229789993493,lost,-1.0
2022_04_MIN_NO,2022,4,moneyline,home,,177.0,0.5838389874652873,0.22282815714037751,lost,-1.0
2022_04_MIN_NO,2022,4,spread,home,4.0,-107.0,0.6931459179668695,0.1762377054064831,won,0.9345794392523364
2022_04_MIN_NO,2022,4,total_points,over,42.0,-102.0,0.6878277489962935,0.18287725394678855,won,0.9803921568627451
2022_04_NE_GB,2022,4,moneyline,away,,358.0,0.5903902268443091,0.3720496154905973,lost,-1.0
2022_04_NE_GB,2022,4,spread,away,10.0,-120.0,0.8306469912007305,0.2851924457461851,won,0.8333333333333334
2022_04_NE_GB,2022,4,total_points,over,40.5,-101.0,0.6416068985982447,0.13911933640918994,won,0.9900990099009901
2022_04_NYJ_PIT,2022,4,spread,home,-3.0,-108.0,0.7028802210452847,0.18364945181451542,lost,-1.0
2022_04_SEA_DET,2022,4,moneyline,away,,151.0,0.6321496840490983,0.23374330954710631,won,1.51
2022_04_SEA_DET,2022,4,spread,away,3.0,103.0,0.7130527520735094,0.22044191463508572,won,1.03
2022_04_TEN_IND,2022,4,moneyline,away,,182.0,0.45405502307844525,0.09944509400043106,won,1.82
2022_04_TEN_IND,2022,4,spread,away,4.5,-105.0,0.5845890137353745,0.072393891784155,won,0.9523809523809523
2022_04_TEN_IND,2022,4,total_points,over,43.0,-110.0,0.6097720089018951,0.08596248509237125,lost,-1.0
2022_04_WAS_DAL,2022,4,moneyline,home,,-155.0,0.6734709410413687,0.06562780378646682,won,0.6451612903225806
2022_04_WAS_DAL,2022,4,spread,home,-3.0,-101.0,0.5975353779800318,0.09504781579097699,won,0.9900990099009901
2022_04_WAS_DAL,2022,4,total_points,over,40.5,-111.0,0.6138080692271773,0.08774171851627688,lost,-1.0
2022_04_LA_SF,2022,4,moneyline,away,,112.0,0.5802471518004486,0.10854903859290144,lost,-1.0
2022_04_LA_SF,2022,4,spread,away,1.0,106.0,0.6145709979123626,0.12913410470847908,lost,-1.0
2022_04_LA_SF,2022,4,total_points,over,42.0,-103.0,0.6344207399704831,0.1270315774089067,lost,-1.0
2022_05_IND_DEN,2022,5,moneyline,away,,159.0,0.4969433972438355,0.11084301114344941,won,1.59
2022_05_IND_DEN,2022,5,spread,away,3.5,-114.0,0.5976266382398924,0.06491635786606065,won,0.8771929824561403
2022_05_ATL_TB,2022,5,moneyline,away,,355.0,0.4303904212716045,0.2106102014913847,lost,-1.0
2022_05_ATL_TB,2022,5,spread,away,10.5,-113.0,0.7091390507682831,0.17862261884340047,won,0.8849557522123894
2022_05_ATL_TB,2022,5,total_points,over,46.0,-113.0,0.6520546265308662,0.12153819460598358,lost,-1.0
2022_05_CHI_MIN,2022,5,moneyline,away,,322.0,0.34708580835524455,0.11011898371069478,lost,-1.0
2022_05_CHI_MIN,2022,5,spread,away,10.0,-116.0,0.6316086084624067,0.09457157142536965,won,0.8620689655172413
2022_05_CHI_MIN,2022,5,total_points,under,44.0,-106.0,0.5879060372543017,0.07334293045818518,lost,-1.0
2022_05_CIN_BAL,2022,5,spread,home,-3.0,-114.0,0.6134841038489333,0.08077382347510154,lost,-1.0
2022_05_CIN_BAL,2022,5,total_points,under,47.5,-104.0,0.5902150308661054,0.08041110929747797,won,0.9615384615384616
2022_05_DAL_LA,2022,5,moneyline,away,,195.0,0.44416208617283376,0.10517903532537615,won,1.95
2022_05_DAL_LA,2022,5,spread,away,5.5,-112.0,0.5954890954593158,0.06718720866686301,won,0.8928571428571429
2022_05_DAL_LA,2022,5,total_points,over,42.0,-106.0,0.6281154357318287,0.11355232893571221,lost,-1.0
2022_05_DET_NE,2022,5,moneyline,home,,-148.0,0.7926658079845428,0.19589161443615566,won,0.6756756756756757
2022_05_DET_NE,2022,5,spread,home,-3.0,102.0,0.7340682953067311,0.23901879035623608,won,1.02
2022_05_HOU_JAX,2022,5,moneyline,away,,261.0,0.5012328091913654,0.22422449894205787,won,2.61
2022_05_HOU_JAX,2022,5,spread,away,7.0,-113.0,0.6993152465303651,0.16879881460548252,won,0.8849557522123894
2022_05_LAC_CLE,2022,5,moneyline,away,,-114.0,0.6237592582222724,0.09104897784844068,won,0.8771929824561403
2022_05_LAC_CLE,2022,5,spread,away,-1.0,-106.0,0.5979581259862892,0.08339501919017267,won,0.9433962264150944
2022_05_MIA_NYJ,2022,5,moneyline,home,,146.0,0.4798672044327651,0.0733631393921147,won,1.46
2022_05_MIA_NYJ,2022,5,spread,home,3.0,100.0,0.562234869892047,0.06223486989204696,won,1.0
2022_05_MIA_NYJ,2022,5,total_points,under,46.0,-101.0,0.567394062868127,0.06490650067907222,lost,-1.0
2022_05_NYG_GB,2022,5,moneyline,away,,331.0,0.2949748495906264,0.06295628810570764,won,3.31
2022_05_NYG_GB,2022,5,spread,away,8.5,104.0,0.5268987217010446,0.03670264326967204,won,1.04
2022_05_NYG_GB,2022,5,total_points,over,42.0,-102.0,0.5793668882004857,0.0744163931509807,won,0.9803921568627451
2022_05_PHI_ARI,2022,5,moneyline,home,,196.0,0.4972918707473929,0.15945403290955507,lost,-1.0
2022_05_PHI_ARI,2022,5,spread,home,5.5,-111.0,0.642828481227866,0.11676213051696549,won,0.9009009009009009
2022_05_PHI_ARI,2022,5,total_points,under,48.5,101.0,0.5409926720942476,0.04348023428330233,won,1.01
2022_05_PIT_BUF,2022,5,moneyline,away,,568.0,0.4671798710378947,0.31747927223549954,lost,-1.0
2022_05_PIT_BUF,2022,5,spread,away,14.0,-108.0,0.8285397588212497,0.3093089895904805,lost,-1.0
2022_05_SEA_NO,2022,5,moneyline,away,,201.0,0.4447191536322945,0.112493240011032,lost,-1.0
2022_05_SEA_NO,2022,5,spread,away,5.5,-106.0,0.5944787791861471,0.07991567239003061,lost,-1.0
2022_05_SEA_NO,2022,5,total_points,over,45.5,100.0,0.6256974922389782,0.1256974922389782,won,1.0
2022_05_SF_CAR,2022,5,moneyline,home,,206.0,0.5684549547099934,0.24165756908907837,lost,-1.0
2022_05_SF_CAR,2022,5,spread,home,6.0,-109.0,0.7239699281402352,0.20243882766176635,lost,-1.0
2022_05_SF_CAR,2022,5,total_points,over,40.0,-108.0,0.6758952405990187,0.15666447136824946,won,0.9259259259259259
2022_05_TEN_WAS,2022,5,total_points,over,43.0,-106.0,0.5514253449242406,0.03686223812812406,lost,-1.0
2022_05_LV_KC,2022,5,spread,home,-7.5,113.0,0.5572895242912833,0.08780595621616594,lost,-1.0
2022_06_WAS_CHI,2022,6,moneyline,home,,109.0,0.5806610297597218,0.10219213023819068,lost,-1.0
2022_06_WAS_CHI,2022,6,spread,home,1.0,102.0,0.61285804689648,0.117808541945985,lost,-1.0
2022_06_WAS_CHI,2022,6,total_points,over,38.5,-107.0,0.5644387075466779,0.04753049498629147,lost,-1.0
2022_06_ARI_SEA,2022,6,moneyline,home,,123.0,0.6296481296340424,0.18121763636049976,won,1.23
2022_06_ARI_SEA,2022,6,spread,home,2.5,-104.0,0.6878329990417128,0.17802907747308538,won,0.9615384615384616
2022_06_ARI_SEA,2022,6,total_points,under,50.0,-102.0,0.5867722021120902,0.08182170706258529,won,0.9803921568627451
2022_06_BAL_NYG,2022,6,total_points,under,46.0,-110.0,0.5705866716971589,0.046777147887635095,won,0.9090909090909091
2022_06_BUF_KC,2022,6,moneyline,home,,132.0,0.6386098517765431,0.2075753690179224,lost,-1.0
2022_06_BUF_KC,2022,6,spread,home,2.5,105.0,0.6961323267647024,0.2083274487159219,lost,-1.0
2022_06_BUF_KC,2022,6,total_points,under,54.0,-105.0,0.6746761964912144,0.16248107453999483,won,0.9523809523809523
2022_06_CAR_LA,2022,6,moneyline,away,,343.0,0.36806317411579315,0.14232953980428073,lost,-1.0
2022_06_CAR_LA,2022,6,spread,away,10.0,-112.0,0.6451407958705261,0.11683890907807326,lost,-1.0
2022_06_CAR_LA,2022,6,total_points,over,41.5,-103.0,0.6510637248076855,0.14367456224610908,lost,-1.0
2022_06_CIN_NO,2022,6,moneyline,home,,148.0,0.6704096419711428,0.26718383551952996,lost,-1.0
2022_06_CIN_NO,2022,6,spread,home,3.0,100.0,0.7450103867300369,0.24501038673003694,lost,-1.0
2022_06_CIN_NO,2022,6,total_points,over,42.5,-108.0,0.6728675455184767,0.15363677628770744,won,0.9259259259259259
2022_06_DAL_PHI,2022,6,moneyline,away,,252.0,0.4699287978214849,0.18583788873057577,lost,-1.0
2022_06_DAL_PHI,2022,6,spread,away,6.5,109.0,0.6459763492980201,0.16750744977648896,lost,-1.0
2022_06_DAL_PHI,2022,6,total_points,over,42.5,-108.0,0.6057132987866842,0.08648252955591496,won,0.9259259259259259
2022_06_JAX_IND,2022,6,moneyline,home,,-122.0,0.6576418637631545,0.10809231421360488,won,0.819672131147541
2022_06_JAX_IND,2022,6,spread,home,-1.0,-114.0,0.6297503033074194,0.09704002293358771,won,0.8771929824561403
2022_06_JAX_IND,2022,6,total_points,over,41.0,-113.0,0.5990498639701932,0.0685334320453106,won,0.8849557522123894
2022_06_NE_CLE,2022,6,moneyline,away,,127.0,0.7666706363706155,0.32614200200938204,won,1.27
2022_06_NE_CLE,2022,6,spread,away,2.5,101.0,0.8150764730799465,0.3175640352690012,won,1.01
2022_06_SF_ATL,2022,6,moneyline,home,,166.0,0.5780820855281041,0.202142235904044,won,1.66
2022_06_SF_ATL,2022,6,spread,home,3.5,-110.0,0.6687611706491328,0.14495164683960893,won,0.9090909090909091
2022_06_SF_ATL,2022,6,total_points,over,46.0,-103.0,0.5586105117608846,0.05122134919930821,lost,-1.0
2022_06_TB_PIT,2022,6,moneyline,home,,323.0,0.5853277906812843,0.34892117129594147,won,3.23
2022_06_TB_PIT,2022,6,spread,home,10.0,-113.0,0.8235542276912529,0.29303779576637023,won,0.8849557522123894
2022_06_DEN_LAC,2022,6,total_points,under,45.5,-115.0,0.5927199389386172,0.05783621800838468,won,0.8695652173913043
2022_07_NO_ARI,2022,7,moneyline,away,,126.0,0.5610984106315566,0.11862053452536192,lost,-1.0
2022_07_NO_ARI,2022,7,spread,away,2.5,-101.0,0.625424273658911,0.12293671146985619,lost,-1.0
2022_07_NO_ARI,2022,7,total_points,over,44.0,101.0,0.6790763059413493,0.18156386813040398,won,1.01
2022_07_ATL_CIN,2022,7,moneyline,away,,235.0,0.4833678849629861,0.18486042227641897,lost,-1.0
2022_07_ATL_CIN,2022,7,spread,away,6.5,-100.0,0.6580149955076617,0.15801499550766174,lost,-1.0
2022_07_CLE_BAL,2022,7,spread,home,-6.5,-110.0,0.617341081442002,0.09353155763247811,lost,-1.0
2022_07_DET_DAL,2022,7,total_points,under,49.5,-102.0,0.5513966832143826,0.046446188164877666,won,0.9803921568627451
2022_07_GB_WAS,2022,7,moneyline,home,,173.0,0.40643178645997247,0.04013142015960619,won,1.73
2022_07_GB_WAS,2022,7,total_points,over,41.5,-107.0,0.6034698148366305,0.0865616022762441,won,0.9345794392523364
2022_07_HOU_LV,2022,7,moneyline,away,,278.0,0.4519095529570749,0.18735928840681038,lost,-1.0
2022_07_HOU_LV,2022,7,spread,away,7.0,104.0,0.6486363772427094,0.15844029881133687,lost,-1.0
2022_07_HOU_LV,2022,7,total_points,over,46.0,-108.0,0.5835523839998141,0.06432161476904485,won,0.9259259259259259
2022_07_IND_TEN,2022,7,total_points,over,43.0,-109.0,0.604209986771841,0.08267888629337217,lost,-1.0
2022_07_KC_SF,2022,7,moneyline,away,,-106.0,0.6633650509033147,0.14880194410719816,won,0.9433962264150944
2022_07_KC_SF,2022,7,spread,away,-1.0,102.0,0.6398449216369443,0.14479541668644924,won,1.02
2022_07_NYG_JAX,2022,7,moneyline,away,,148.0,0.4616506979955313,0.058424891543918445,won,1.48
2022_07_NYG_JAX,2022,7,spread,away,3.0,102.0,0.547706773383446,0.05265726843295093,won,1.02
2022_07_NYG_JAX,2022,7,total_points,under,44.0,-105.0,0.5556714221871148,0.04347630023589533,won,0.9523809523809523
2022_07_NYJ_DEN,2022,7,moneyline,home,,115.0,0.6605666318258732,0.19545035275610573,lost,-1.0
2022_07_NYJ_DEN,2022,7,spread,home,2.0,-104.0,0.7123887564375215,0.20258483486889411,lost,-1.0
2022_07_NYJ_DEN,2022,7,total_points,over,37.0,101.0,0.5724617668499341,0.07494932903898882,lost,-1.0
2022_07_PIT_MIA,2022,7,moneyline,away,,255.0,0.6273365440302374,0.345646403185167,lost,-1.0
2022_07_PIT_MIA,2022,7,spread,away,7.5,-119.0,0.808045486479729,0.264666491045939,won,0.8403361344537815
2022_07_SEA_LAC,2022,7,moneyline,away,,193.0,0.508918290803509,0.16762136247586396,won,1.93
2022_07_SEA_LAC,2022,7,spread,away,5.5,-111.0,0.6568091318479793,0.13074278113707882,won,0.9009009009009009
2022_07_SEA_LAC,2022,7,total_points,under,51.5,-114.0,0.623697963832026,0.0909876834581943,lost,-1.0
2022_07_TB_CAR,2022,7,moneyline,home,,524.0,0.49098010688470567,0.33072369662829537,won,5.24
2022_07_TB_CAR,2022,7,spread,home,13.0,-107.0,0.8119384194219651,0.29503020686157866,won,0.9345794392523364
2022_07_TB_CAR,2022,7,total_points,over,39.5,103.0,0.760579879355373,0.2679690419169493,lost,-1.0
2022_08_BAL_TB,2022,8,moneyline,away,,116.0,0.5530213080675846,0.09005834510462168,won,1.16
2022_08_BAL_TB,2022,8,spread,away,2.0,-104.0,0.6098736868166793,0.10006976524805189,won,0.9615384615384616
2022_08_BAL_TB,2022,8,total_points,over,46.0,-110.0,0.5700102296239067,0.04620070581438285,won,0.9090909090909091
2022_08_ARI_MIN,2022,8,total_points,under,48.5,-106.0,0.5829852410116119,0.06842213421549537,lost,-1.0
2022_08_CAR_ATL,2022,8,moneyline,away,,178.0,0.44008141098973014,0.08036918077390282,lost,-1.0
2022_08_CAR_ATL,2022,8,spread,away,4.5,-110.0,0.5698660968141834,0.046056573004659596,won,0.9090909090909091
2022_08_CAR_ATL,2022,8,total_points,over,41.0,-106.0,0.7009261953883353,0.18636308859221884,won,0.9433962264150944
2022_08_CHI_DAL,2022,8,moneyline,away,,355.0,0.352069425199428,0.13228920541920824,lost,-1.0
2022_08_CHI_DAL,2022,8,spread,away,10.5,-121.0,0.6484576843135187,0.10094637209632407,lost,-1.0
2022_08_DEN_JAX,2022,8,spread,away,1.0,-112.0,0.5692460516329775,0.040944164840524655,won,0.8928571428571429
2022_08_DEN_JAX,2022,8,total_points,under,41.0,-103.0,0.5552623248105635,0.04787316224898708,won,0.970873786407767
2022_08_GB_BUF,2022,8,moneyline,away,,365.0,0.43892834060016134,0.22387457715930112,lost,-1.0
2022_08_GB_BUF,2022,8,spread,away,10.5,-110.0,0.7227017741499434,0.19889225034041957,won,0.9090909090909091
2022_08_LV_NO,2022,8,moneyline,home,,108.0,0.6791199955472907,0.19835076477805996,won,1.08
2022_08_LV_NO,2022,8,spread,home,1.0,101.0,0.7082543295284806,0.21074189171753527,won,1.01
2022_08_LV_NO,2022,8,total_points,over,48.5,-101.0,0.6595039410387638,0.15701637884970898,lost,-1.0
2022_08_MIA_DET,2022,8,moneyline,home,,169.0,0.5472424985101199,0.1754952866142091,lost,-1.0
2022_08_MIA_DET,2022,8,spread,home,3.5,102.0,0.6402593424182064,0.14520983746771132,lost,-1.0
2022_08_MIA_DET,2022,8,total_points,under,52.0,-108.0,0.639720583697504,0.12048981446673468,lost,-1.0
2022_08_NE_NYJ,2022,8,moneyline,away,,-155.0,0.7791780071400815,0.17133486988517954,won,0.6451612903225806
2022_08_NE_NYJ,2022,8,spread,away,-3.0,-103.0,0.7204761330108786,0.21308697044930225,won,0.970873786407767
2022_08_NE_NYJ,2022,8,total_points,over,40.0,-110.0,0.5880947565041951,0.06428523269467123,lost,-1.0
2022_08_NYG_SEA,2022,8,spread,home,-3.0,-110.0,0.6580854265783428,0.13427590276881896,won,0.9090909090909091
2022_08_PIT_PHI,2022,8,moneyline,away,,397.0,0.475860800299061,0.2746535568382964,lost,-1.0
2022_08_PIT_PHI,2022,8,spread,away,11.0,102.0,0.7721030708467856,0.2770535658962906,lost,-1.0
2022_08_PIT_PHI,2022,8,total_points,over,43.0,-102.0,0.5542637699880077,0.049313274938502794,won,0.9803921568627451
2022_08_SF_LA,2022,8,moneyline,home,,-106.0,0.656308383537448,0.14174527674133153,lost,-1.0
2022_08_SF_LA,2022,8,spread,home,1.0,-114.0,0.6869636748941221,0.1542533945202904,lost,-1.0
2022_08_SF_LA,2022,8,total_points,over,42.0,-109.0,0.6277192300900624,0.10618812961159352,won,0.9174311926605505
2022_08_TEN_HOU,2022,8,total_points,over,39.0,-110.0,0.6613917784671984,0.1375822546576746,lost,-1.0
2022_08_WAS_IND,2022,8,spread,home,-3.0,103.0,0.5486391789723456,0.056028341533921944,lost,-1.0
2022_08_WAS_IND,2022,8,total_points,over,40.5,-102.0,0.6230632139897528,0.11811271894024788,lost,-1.0
2022_09_PHI_HOU,2022,9,moneyline,home,,539.0,0.4252649151993458,0.26877039250764,lost,-1.0
2022_09_PHI_HOU,2022,9,spread,home,14.0,-113.0,0.7937900950445409,0.2632736631196583,won,0.8849557522123894
2022_09_BUF_NYJ,2022,9,moneyline,home,,400.0,0.3248390245041672,0.12483902450416717,won,4.0
2022_09_BUF_NYJ,2022,9,spread,home,11.0,-114.0,0.6341698373389548,0.1014595569651231,won,0.8771929824561403
2022_09_BUF_NYJ,2022,9,total_points,under,46.0,-102.0,0.5937840041273614,0.08883350907785648,won,0.9803921568627451
2022_09_CAR_CIN,2022,9,moneyline,away,,282.0,0.46043979577865984,0.19865969106661796,lost,-1.0
2022_09_CAR_CIN,2022,9,spread,away,7.0,-100.0,0.6596989905936976,0.15969899059369763,lost,-1.0
2022_09_CAR_CIN,2022,9,total_points,over,43.0,101.0,0.5677171088211974,0.07020467101025213,won,1.01
2022_09_IND_NE,2022,9,spread,home,-5.0,104.0,0.5931660795514748,0.1029700011201023,won,1.04
2022_09_IND_NE,2022,9,total_points,over,40.0,-103.0,0.6493652459772846,0.14197608341570822,lost,-1.0
2022_09_LAC_ATL,2022,9,moneyline,home,,130.0,0.5052716762621146,0.0704890675664624,lost,-1.0
2022_09_LAC_ATL,2022,9,spread,home,2.5,103.0,0.5680190118284976,0.07540817439007391,lost,-1.0
2022_09_LA_TB,2022,9,moneyline,away,,142.0,0.5010700463190907,0.08784690582322291,lost,-1.0
2022_09_LA_TB,2022,9,spread,away,3.0,-104.0,0.585491948054298,0.07568802648567063,push,0.0
2022_09_LA_TB,2022,9,total_points,over,43.0,-104.0,0.6805752574972808,0.17077133592865334,lost,-1.0
2022_09_LV_JAX,2022,9,spread,home,2.5,-108.0,0.5546340450636991,0.03540327583292979,won,0.9259259259259259
2022_09_MIA_CHI,2022,9,moneyline,home,,172.0,0.5968935074358823,0.22924644861235288,lost,-1.0
2022_09_MIA_CHI,2022,9,spread,home,4.0,-107.0,0.7086132048268715,0.19170499226648507,won,0.9345794392523364
2022_09_MIA_CHI,2022,9,total_points,under,46.0,-104.0,0.6224598061351205,0.11265588456649311,lost,-1.0
2022_09_SEA_ARI,2022,9,moneyline,away,,116.0,0.5522573738962668,0.08929441093330387,won,1.16
2022_09_SEA_ARI,2022,9,spread,away,1.5,102.0,0.596784294925649,0.10173478997515395,won,1.02
2022_09_TEN_KC,2022,9,moneyline,away,,530.0,0.30412919220196816,0.14539903347180944,lost,-1.0
2022_09_TEN_KC,2022,9,spread,away,14.0,-107.0,0.6845823992770581,0.16767418671667167,won,0.9345794392523364
2022_09_TEN_KC,2022,9,total_points,over,45.0,-106.0,0.6047720054786593,0.09020889868254278,lost,-1.0
2022_09_BAL_NO,2022,9,moneyline,home,,112.0,0.5299652422558115,0.058267129048264366,lost,-1.0
2022_09_BAL_NO,2022,9,spread,home,1.0,106.0,0.5599058584162897,0.0744689652124062,lost,-1.0
2022_09_BAL_NO,2022,9,total_points,over,46.0,-104.0,0.6065662130834582,0.09676229151483073,lost,-1.0
2022_10_ATL_CAR,2022,10,moneyline,home,,119.0,0.5218217735376479,0.0652007689714379,won,1.19
2022_10_ATL_CAR,2022,10,spread,home,2.5,-107.0,0.5843269747931428,0.06741876223275634,won,0.9345794392523364
2022_10_ATL_CAR,2022,10,total_points,over,41.5,-106.0,0.6917574683960872,0.1771943615999707,lost,-1.0
2022_10_ARI_LA,2022,10,total_points,over,38.0,-104.0,0.7433939757414277,0.23359005417280032,won,0.9615384615384616
2022_10_CLE_MIA,2022,10,moneyline,away,,158.0,0.4237492254295586,0.036152326204752394,lost,-1.0
2022_10_CLE_MIA,2022,10,spread,away,3.0,112.0,0.5072757797903596,0.03557766658281247,lost,-1.0
2022_10_CLE_MIA,2022,10,total_points,under,49.0,-102.0,0.6148671438327032,0.10991664878319829,lost,-1.0
2022_10_DAL_GB,2022,10,moneyline,home,,177.0,0.531279059926048,0.1702682296011382,won,1.77
2022_10_DAL_GB,2022,10,spread,home,3.5,102.0,0.6253152689034381,0.1302657639529431,won,1.02
2022_10_DET_CHI,2022,10,total_points,under,48.5,-114.0,0.6239813954828084,0.09127111510897667,lost,-1.0
2022_10_HOU_NYG,2022,10,moneyline,away,,195.0,0.49150422305725094,0.15252117220979333,lost,-1.0
2022_10_HOU_NYG,2022,10,spread,away,5.5,-112.0,0.6427435564328955,0.11444166964044267,lost,-1.0
2022_10_IND_LV,2022,10,moneyline,away,,177.0,0.5179151966934349,0.15690436636852512,won,1.77
2022_10_IND_LV,2022,10,spread,away,4.5,-112.0,0.6441176878300515,0.1158158010375987,won,0.8928571428571429
2022_10_IND_LV,2022,10,total_points,over,41.0,-114.0,0.7387836237788273,0.2060733434049956,won,0.8771929824561403
2022_10_JAX_KC,2022,10,spread,home,-10.0,109.0,0.5478078673288603,0.06933896780732923,push,0.0
2022_10_JAX_KC,2022,10,total_points,under,51.5,-110.0,0.6216903598616583,0.09788083605213449,won,0.9090909090909091
2022_10_LAC_SF,2022,10,moneyline,away,,302.0,0.5334412246450351,0.28468500573956246,lost,-1.0
2022_10_LAC_SF,2022,10,spread,away,8.5,-105.0,0.7530150577578582,0.24081993580663863,won,0.9523809523809523
2022_10_MIN_BUF,2022,10,moneyline,away,,230.0,0.44838773647311425,0.1453574334428112,won,2.3
2022_10_MIN_BUF,2022,10,spread,away,6.5,-104.0,0.6272708386405406,0.11746691707191315,won,0.9615384615384616
2022_10_MIN_BUF,2022,10,total_points,under,47.0,-105.0,0.5959446664871435,0.08374954453592398,lost,-1.0
2022_10_NO_PIT,2022,10,total_points,over,39.5,-109.0,0.7379357655087497,0.21640466503028088,lost,-1.0
2022_10_SEA_TB,2022,10,moneyline,away,,124.0,0.5304557373451608,0.08402716591658937,lost,-1.0
2022_10_SEA_TB,2022,10,spread,away,2.5,103.0,0.5959948270784768,0.10338398964005319,lost,-1.0
2022_10_SEA_TB,2022,10,total_points,over,45.0,-108.0,0.6118105844436509,0.09257981521288161,lost,-1.0
2022_10_WAS_PHI,2022,10,moneyline,away,,405.0,0.32695499444475834,0.1289351924645603,won,4.05
2022_10_WAS_PHI,2022,10,spread,away,11.0,-107.0,0.6364201720222187,0.11951195946183224,won,0.9345794392523364
2022_10_WAS_PHI,2022,10,total_points,over,43.0,-109.0,0.5570112795764165,0.03548017909794765,won,0.9174311926605505
2022_11_TEN_GB,2022,11,total_points,over,40.5,-103.0,0.6555738085384397,0.14818464597686332,won,0.970873786407767
2022_11_CAR_BAL,2022,11,moneyline,away,,503.0,0.3159420769682284,0.15010459769791332,lost,-1.0
2022_11_CAR_BAL,2022,11,spread,away,13.0,-117.0,0.670575921310769,0.13140541439832665,won,0.8547008547008547
2022_11_CAR_BAL,2022,11,total_points,over,42.0,-100.0,0.6134241374101227,0.1134241374101227,lost,-1.0
2022_11_CHI_ATL,2022,11,total_points,under,48.5,-108.0,0.6051423975739376,0.08591162834316834,lost,-1.0
2022_11_CIN_PIT,2022,11,moneyline,home,,163.0,0.6318501169788929,0.2516219800967637,lost,-1.0
2022_11_CIN_PIT,2022,11,spread,home,3.5,-111.0,0.719439784998134,0.19337343428723353,lost,-1.0
2022_11_CIN_PIT,2022,11,total_points,over,39.0,-112.0,0.6207352541243123,0.09243336733185947,won,0.8928571428571429
2022_11_CLE_BUF,2022,11,total_points,under,50.5,-103.0,0.6724505015150143,0.16506133895343789,lost,-1.0
2022_11_DAL_MIN,2022,11,moneyline,home,,118.0,0.5483529746316181,0.08963737830134288,lost,-1.0
2022_11_DAL_MIN,2022,11,spread,home,1.5,104.0,0.5899787444437836,0.09978266601241109,lost,-1.0
2022_11_DAL_MIN,2022,11,total_points,under,48.5,-109.0,0.5966905618313537,0.07515946135288487,won,0.9174311926605505
2022_11_DET_NYG,2022,11,moneyline,away,,143.0,0.4644736830892869,0.0529510493444309,won,1.43
2022_11_DET_NYG,2022,11,spread,away,3.0,-104.0,0.5493904821075812,0.03958656053895382,won,0.9615384615384616
2022_11_KC_LAC,2022,11,moneyline,home,,203.0,0.40629656879247383,0.0762635654921438,lost,-1.0
2022_11_KC_LAC,2022,11,total_points,under,52.5,-102.0,0.5719494980019744,0.06699900295246941,lost,-1.0
2022_11_LA_NO,2022,11,total_points,over,39.5,-106.0,0.7800526970973235,0.265489590301207,won,0.9433962264150944
2022_11_LV_DEN,2022,11,total_points,over,41.5,100.0,0.5837492962574291,0.0837492962574291,lost,-1.0
2022_11_NYJ_NE,2022,11,spread,home,-3.5,-102.0,0.7729739848264487,0.2680234897769438,won,0.9803921568627451
2022_11_NYJ_NE,2022,11,total_points,over,38.5,-109.0,0.6175334698991065,0.09600236942063767,lost,-1.0
2022_11_PHI_IND,2022,11,moneyline,home,,235.0,0.4960526557724751,0.19754519308590796,lost,-1.0
2022_11_PHI_IND,2022,11,spread,home,6.5,-102.0,0.6665265598335434,0.1615760647840384,won,0.9803921568627451
2022_11_WAS_HOU,2022,11,moneyline,home,,135.0,0.5515668587475038,0.12603494385388675,lost,-1.0
2022_11_WAS_HOU,2022,11,spread,home,3.0,-110.0,0.634160123067603,0.11035059925807922,lost,-1.0
2022_11_WAS_HOU,2022,11,total_points,over,41.0,-106.0,0.5592930506294759,0.044729943833359376,lost,-1.0
2022_11_SF_ARI,2022,11,moneyline,home,,350.0,0.5834545367482827,0.3612323145260605,lost,-1.0
2022_11_SF_ARI,2022,11,spread,home,10.0,-113.0,0.8229986306847622,0.2924821987598796,lost,-1.0
2022_11_SF_ARI,2022,11,total_points,over,43.5,101.0,0.5882236073362566,0.09071116952531127,won,1.01
2022_12_BUF_DET,2022,12,moneyline,home,,342.0,0.381385205723692,0.15514086183228928,lost,-1.0
2022_12_BUF_DET,2022,12,spread,home,10.0,-116.0,0.6560115596165443,0.11897452257950725,won,0.8620689655172413
2022_12_BUF_DET,2022,12,total_points,under,54.0,-102.0,0.7031471132601798,0.1981966182106748,won,0.9803921568627451
2022_12_NE_MIN,2022,12,moneyline,away,,123.0,0.5970842678039223,0.1486537745303797,lost,-1.0
2022_12_NE_MIN,2022,12,spread,away,2.5,-102.0,0.6607395855020488,0.15578909045254385,lost,-1.0
2022_12_NYG_DAL,2022,12,moneyline,away,,363.0,0.28985488830396133,0.07387216692167192,lost,-1.0
2022_12_NYG_DAL,2022,12,spread,away,10.5,-114.0,0.5789117803569067,0.04620149998307499,won,0.8771929824561403
2022_12_ATL_WAS,2022,12,moneyline,away,,163.0,0.5232166678580985,0.14298853097596925,lost,-1.0
2022_12_ATL_WAS,2022,12,spread,away,3.5,-110.0,0.6208509402370533,0.0970414164275295,lost,-1.0
2022_12_ATL_WAS,2022,12,total_points,over,40.5,101.0,0.6641993170431214,0.16668687923217612,lost,-1.0
2022_12_BAL_JAX,2022,12,spread,away,-3.5,111.0,0.592824815437681,0.11889116614858142,lost,-1.0
2022_12_CHI_NYJ,2022,12,moneyline,away,,315.0,0.5562672713924629,0.31530341597077616,lost,-1.0
2022_12_CHI_NYJ,2022,12,spread,away,8.5,-107.0,0.7757926833001901,0.2588844707398037,lost,-1.0
2022_12_CHI_NYJ,2022,12,total_points,over,36.5,-109.0,0.616476108496436,0.09494500801796713,won,0.9174311926605505
2022_12_CIN_TEN,2022,12,moneyline,home,,-105.0,0.5785418181868596,0.06634669623564005,lost,-1.0
2022_12_CIN_TEN,2022,12,spread,home,1.0,-113.0,0.6098894038970405,0.07937297197215787,lost,-1.0
2022_12_CIN_TEN,2022,12,total_points,over,43.0,105.0,0.5491653671736093,0.06136048912482883,lost,-1.0
2022_12_DEN_CAR,2022,12,moneyline,home,,105.0,0.5533988856310617,0.06559400758228118,won,1.05
2022_12_DEN_CAR,2022,12,spread,home,1.0,-101.0,0.5852705957936283,0.08278303360457351,won,0.9900990099009901
2022_12_DEN_CAR,2022,12,total_points,over,36.5,-101.0,0.6367539779303374,0.13426641574128262,lost,-1.0
2022_12_GB_PHI,2022,12,moneyline,away,,241.0,0.45528572970500386,0.16203059774019446,lost,-1.0
2022_12_GB_PHI,2022,12,spread,away,6.5,-105.0,0.6315663111970655,0.119371189245846,lost,-1.0
2022_12_HOU_MIA,2022,12,moneyline,away,,613.0,0.47676146560862326,0.33650901119067095,lost,-1.0
2022_12_HOU_MIA,2022,12,spread,away,14.0,-101.0,0.8330768776305726,0.3305893154415178,lost,-1.0
2022_12_HOU_MIA,2022,12,total_points,under,47.0,-103.0,0.5775259742972005,0.07013681173562414,won,0.970873786407767
2022_12_LAC_ARI,2022,12,moneyline,home,,123.0,0.5039010174837801,0.055470524210237515,lost,-1.0
2022_12_LAC_ARI,2022,12,spread,home,2.5,-102.0,0.5668679082334416,0.06191741318393662,won,0.9803921568627451
2022_12_LA_KC,2022,12,moneyline,away,,768.0,0.34975726286563125,0.23454988959374184,lost,-1.0
2022_12_LA_KC,2022,12,spread,away,16.5,-115.0,0.7727770332580015,0.237893312327769,won,0.8695652173913043
2022_12_LA_KC,2022,12,total_points,over,42.0,-104.0,0.7038968181398301,0.19409289657120266,lost,-1.0
2022_12_LV_SEA,2022,12,spread,home,-4.0,-103.0,0.58014057278828,0.07275141022670362,lost,-1.0
2022_12_LV_SEA,2022,12,total_points,over,47.5,-109.0,0.5604871423004716,0.03895604182200274,won,0.9174311926605505
2022_12_NO_SF,2022,12,moneyline,away,,327.0,0.5901271058988616,0.3559350684281356,lost,-1.0
2022_12_NO_SF,2022,12,spread,away,9.5,-113.0,0.8096371484040936,0.279120716479211,lost,-1.0
2022_12_NO_SF,2022,12,total_points,over,44.0,103.0,0.6623422191109488,0.16973138167252516,lost,-1.0
2022_12_TB_CLE,2022,12,total_points,over,42.0,-109.0,0.6698604524147747,0.1483293519363058,lost,-1.0
2022_12_PIT_IND,2022,12,moneyline,away,,116.0,0.516237940419934,0.05327497745697102,won,1.16
2022_12_PIT_IND,2022,12,spread,away,2.5,-110.0,0.5827928928754784,0.05898336906595458,won,0.9090909090909091
2022_12_PIT_IND,2022,12,total_points,over,40.0,101.0,0.6324430806304154,0.13493064281947015,won,1.01
2022_13_BUF_NE,2022,13,moneyline,home,,165.0,0.6642541493710182,0.28689565880498047,lost,-1.0
2022_13_BUF_NE,2022,13,spread,home,3.5,-105.0,0.7480421817881228,0.23584705983690324,lost,-1.0
2022_13_CLE_HOU,2022,13,moneyline,home,,280.0,0.6008592957770504,0.33770140104020835,lost,-1.0
2022_13_CLE_HOU,2022,13,spread,home,7.5,-102.0,0.7857240386340605,0.28077354358455553,lost,-1.0
2022_13_CLE_HOU,2022,13,total_points,under,47.0,-119.0,0.5812570921009511,0.03787809666716113,won,0.8403361344537815
2022_13_DEN_BAL,2022,13,moneyline,away,,294.0,0.29856807244066147,0.044760965841676714,lost,-1.0
2022_13_GB_CHI,2022,13,moneyline,home,,163.0,0.444403958687618,0.06417582180548875,lost,-1.0
2022_13_IND_DAL,2022,13,moneyline,away,,376.0,0.38737953951777226,0.17729550590432688,lost,-1.0
2022_13_IND_DAL,2022,13,spread,away,11.0,-109.0,0.6951338160397156,0.17360271556124673,lost,-1.0
2022_13_JAX_DET,2022,13,total_points,under,51.5,-114.0,0.6516178646867863,0.11890758431295456,lost,-1.0
2022_13_KC_CIN,2022,13,moneyline,away,,-132.0,0.6468954543937264,0.07792993715234708,lost,-1.0
2022_13_KC_CIN,2022,13,spread,away,-2.5,-108.0,0.5863731727084069,0.06714240347763767,lost,-1.0
2022_13_KC_CIN,2022,13,total_points,under,53.0,-107.0,0.6342235552725113,0.11731534271212485,won,0.9345794392523364
2022_13_LAC_LV,2022,13,moneyline,away,,125.0,0.540556994189884,0.09611254974543959,lost,-1.0
2022_13_LAC_LV,2022,13,spread,away,2.5,-102.0,0.6055562464368921,0.10060575138738714,lost,-1.0
2022_13_MIA_SF,2022,13,moneyline,away,,196.0,0.4010968129913829,0.06325897515354506,lost,-1.0
2022_13_NYJ_MIN,2022,13,moneyline,home,,-146.0,0.7340608901890668,0.14056495522971724,won,0.684931506849315
2022_13_NYJ_MIN,2022,13,spread,home,-3.0,106.0,0.6652209029177053,0.1797840097138218,won,1.06
2022_13_PIT_ATL,2022,13,total_points,over,43.0,-104.0,0.6018085096378861,0.09200458806925871,lost,-1.0
2022_13_SEA_LA,2022,13,moneyline,home,,252.0,0.5071280579169524,0.22303714882604325,lost,-1.0
2022_13_SEA_LA,2022,13,spread,home,7.0,-118.0,0.6984878870570893,0.15720348338736456,won,0.847457627118644
2022_13_SEA_LA,2022,13,total_points,over,41.0,-114.0,0.661109279360156,0.12839899898632423,won,0.8771929824561403
2022_13_TEN_PHI,2022,13,moneyline,away,,189.0,0.41644245149944903,0.07042169025377432,lost,-1.0
2022_13_TEN_PHI,2022,13,spread,away,5.0,-109.0,0.5590373850859371,0.0375062846074683,lost,-1.0
2022_13_WAS_NYG,2022,13,moneyline,home,,113.0,0.5107155350155356,0.0412319669404182,push,0.0
2022_13_WAS_NYG,2022,13,spread,home,2.5,-116.0,0.5742458149866184,0.03720877794958133,won,0.8620689655172413
2022_13_WAS_NYG,2022,13,total_points,over,40.0,-108.0,0.5666197375308113,0.04738896830004202,push,0.0
2022_13_NO_TB,2022,13,moneyline,away,,169.0,0.5310411328505625,0.15929392095465178,lost,-1.0
2022_13_NO_TB,2022,13,spread,away,3.5,-105.0,0.6262550997208881,0.11405997776966859,won,0.9523809523809523
2022_13_NO_TB,2022,13,total_points,over,41.0,-105.0,0.7868304030855774,0.27463528113435787,lost,-1.0
2022_14_LV_LA,2022,14,moneyline,home,,245.0,0.6432590642578521,0.35340399179408394,won,2.45
2022_14_LV_LA,2022,14,spread,home,6.5,101.0,0.7888906855998332,0.29137824778888793,won,1.01
2022_14_LV_LA,2022,14,total_points,over,42.5,102.0,0.7076932769020801,0.21264377195158501,lost,-1.0
2022_14_BAL_PIT,2022,14,moneyline,away,,112.0,0.5123200011486894,0.04062188794114219,won,1.12
2022_14_BAL_PIT,2022,14,spread,away,1.5,-101.0,0.5582822565485951,0.05579469435954032,won,0.9900990099009901
2022_14_BAL_PIT,2022,14,total_points,over,37.0,101.0,0.6830895431086372,0.18557710529769195,lost,-1.0
2022_14_CAR_SEA,2022,14,total_points,over,44.5,-104.0,0.5573322323012637,0.0475283107326363,won,0.9615384615384616
2022_14_CLE_CIN,2022,14,total_points,under,47.0,-108.0,0.5691568839463617,0.049926114715592385,won,0.9259259259259259
2022_14_HOU_DAL,2022,14,moneyline,away,,918.0,0.30703985349621576,0.2088080263842315,lost,-1.0
2022_14_HOU_DAL,2022,14,spread,away,17.0,104.0,0.764947698385438,0.27475161995406544,won,1.04
2022_14_JAX_TEN,2022,14,spread,home,-3.0,-117.0,0.5854039240049342,0.046233417092491846,lost,-1.0
2022_14_JAX_TEN,2022,14,total_points,over,42.0,-101.0,0.5482024858767945,0.04571492368773977,won,0.9900990099009901
2022_14_KC_DEN,2022,14,moneyline,home,,329.0,0.3364111843339419,0.10331095123370881,lost,-1.0
2022_14_KC_DEN,2022,14,spread,home,8.5,-103.0,0.5704013950543632,0.06301223249278676,won,0.970873786407767
2022_14_MIA_LAC,2022,14,moneyline,home,,146.0,0.6604966851012682,0.25399262006061785,won,1.46
2022_14_MIA_LAC,2022,14,spread,home,3.0,102.0,0.7365185938534871,0.241469088902992,won,1.02
2022_14_MIA_LAC,2022,14,total_points,under,54.5,-102.0,0.7099066318325166,0.2049561367830116,won,0.9803921568627451
2022_14_MIN_DET,2022,14,moneyline,away,,119.0,0.5984251144301067,0.1418041098638967,lost,-1.0
2022_14_MIN_DET,2022,14,spread,away,2.5,-108.0,0.6614872057627766,0.14225643653200737,lost,-1.0
2022_14_MIN_DET,2022,14,total_points,under,51.5,-110.0,0.6210686515014318,0.09725912769190792,lost,-1.0
2022_14_PHI_NYG,2022,14,moneyline,home,,260.0,0.3842096388560503,0.10643186107827252,lost,-1.0
2022_14_PHI_NYG,2022,14,spread,home,7.5,-115.0,0.5953210151324311,0.060437294202198566,lost,-1.0
2022_14_TB_SF,2022,14,moneyline,away,,175.0,0.50522733147145,0.1415909678350864,lost,-1.0
2022_14_TB_SF,2022,14,spread,away,3.5,-107.0,0.6029511368592784,0.08604292429889193,lost,-1.0
2022_14_TB_SF,2022,14,total_points,over,38.0,-117.0,0.7658599562560371,0.2266894493435947,won,0.8547008547008547
2022_14_NE_ARI,2022,14,moneyline,away,,-125.0,0.652122100713115,0.09656654515755947,won,0.8
2022_14_NE_ARI,2022,14,spread,away,-2.0,-104.0,0.603980883152454,0.0941769615838266,won,0.9615384615384616
2022_15_SF_SEA,2022,15,moneyline,home,,152.0,0.6551792572315311,0.25835386040613434,lost,-1.0
2022_15_SF_SEA,2022,15,spread,home,3.0,104.0,0.7317203014481752,0.2415242230168027,lost,-1.0
2022_15_SF_SEA,2022,15,total_points,over,43.0,-103.0,0.5959076468706251,0.08851848430904874,lost,-1.0
2022_15_BAL_CLE,2022,15,moneyline,away,,139.0,0.6980426283014961,0.27963258646049194,lost,-1.0
2022_15_BAL_CLE,2022,15,spread,away,2.5,113.0,0.7540254833013522,0.28454191522623484,lost,-1.0
2022_15_BAL_CLE,2022,15,total_points,over,39.5,-105.0,0.6421945841845103,0.12999946223329073,lost,-1.0
2022_15_ARI_DEN,2022,15,total_points,over,37.5,-103.0,0.6102590459155728,0.10286988335399638,won,0.970873786407767
2022_15_ATL_NO,2022,15,total_points,over,43.5,-103.0,0.7142964901943368,0.20690732763276043,lost,-1.0
2022_15_CIN_TB,2022,15,moneyline,home,,150.0,0.5760809382059475,0.1760809382059475,lost,-1.0
2022_15_CIN_TB,2022,15,spread,home,3.5,-120.0,0.6670824581369437,0.12162791268239825,lost,-1.0
2022_15_DAL_JAX,2022,15,total_points,under,48.5,-103.0,0.6136522278859318,0.10626306532435537,lost,-1.0
2022_15_DET_NYJ,2022,15,moneyline,away,,120.0,0.514994010451208,0.06044855590575343,won,1.2
2022_15_DET_NYJ,2022,15,spread,away,2.0,-100.0,0.5724180605061501,0.07241806050615007,won,1.0
2022_15_DET_NYJ,2022,15,total_points,over,44.0,-103.0,0.5479163059785587,0.04052714341698227,lost,-1.0
2022_15_KC_HOU,2022,15,moneyline,home,,572.0,0.30466614162840994,0.15585661781888613,lost,-1.0
2022_15_KC_HOU,2022,15,spread,home,14.5,-120.0,0.6937171859531744,0.14826264049862903,won,0.8333333333333334
2022_15_NE_LV,2022,15,moneyline,away,,117.0,0.6895647690747185,0.22873527598716092,lost,-1.0
2022_15_NE_LV,2022,15,spread,away,1.0,111.0,0.7222759376660054,0.24834228837690586,lost,-1.0
2022_15_NE_LV,2022,15,total_points,over,45.0,-108.0,0.5829092053713528,0.06367843614058355,won,0.9259259259259259
2022_15_NYG_WAS,2022,15,moneyline,away,,180.0,0.41659945112096697,0.05945659397810982,won,1.8
2022_15_PHI_CHI,2022,15,moneyline,home,,323.0,0.42944846745129667,0.19304184806595387,lost,-1.0
2022_15_PHI_CHI,2022,15,spread,home,8.5,-106.0,0.6633960917708047,0.14883298497468822,won,0.9433962264150944
2022_15_PHI_CHI,2022,15,total_points,under,48.0,-110.0,0.6295892841771524,0.1057797603676286,won,0.9090909090909091
2022_15_PIT_CAR,2022,15,moneyline,away,,130.0,0.5409672458241349,0.10618463712848275,won,1.3
2022_15_PIT_CAR,2022,15,spread,away,2.5,-100.0,0.6068922546118898,0.10689225461188978,won,1.0
2022_15_PIT_CAR,2022,15,total_points,over,36.5,-114.0,0.7167443692060961,0.18403408883226435,won,0.8771929824561403
2022_15_LA_GB,2022,15,moneyline,away,,301.0,0.4604143673025407,0.21103780869904942,lost,-1.0
2022_15_LA_GB,2022,15,spread,away,8.0,-111.0,0.6844586358112428,0.1583922851003423,lost,-1.0
2022_15_LA_GB,2022,15,total_points,over,39.5,-111.0,0.7110547315610337,0.18498838085013325,lost,-1.0
2022_16_JAX_NYJ,2022,16,moneyline,away,,123.0,0.4883987852702452,0.0399682919967026,won,1.23
2022_16_JAX_NYJ,2022,16,spread,away,2.5,-104.0,0.5557636121806152,0.04595969061198779,won,0.9615384615384616
2022_16_JAX_NYJ,2022,16,total_points,over,36.5,-106.0,0.6648098191717972,0.15024671237568066,lost,-1.0
2022_16_ATL_BAL,2022,16,moneyline,away,,238.0,0.3350690669180735,0.03921107875239299,lost,-1.0
2022_16_ATL_BAL,2022,16,total_points,over,35.0,-107.0,0.8031775185541686,0.2862693059937822,lost,-1.0
2022_16_BUF_CHI,2022,16,moneyline,home,,304.0,0.4123041218973723,0.1647793694221248,lost,-1.0
2022_16_BUF_CHI,2022,16,spread,home,8.0,-100.0,0.6411835803579627,0.14118358035796275,lost,-1.0
2022_16_CIN_NE,2022,16,moneyline,home,,136.0,0.7387390408365343,0.3150102272772123,lost,-1.0
2022_16_CIN_NE,2022,16,spread,home,3.0,-110.0,0.8070051483169062,0.28319562450738234,lost,-1.0
2022_16_CIN_NE,2022,16,total_points,over,42.0,-103.0,0.5455241758086788,0.038135013247102445,lost,-1.0
2022_16_DET_CAR,2022,16,moneyline,home,,117.0,0.5982957399288861,0.13746624684132847,won,1.17
2022_16_DET_CAR,2022,16,spread,home,2.5,-111.0,0.6581309487700154,0.13206459805911497,won,0.9009009009009009
2022_16_DET_CAR,2022,16,total_points,over,43.5,-100.0,0.6267656630861049,0.12676566308610493,won,1.0
2022_16_HOU_TEN,2022,16,total_points,over,34.0,-101.0,0.7696647958597235,0.2671772336706687,lost,-1.0
2022_16_LV_PIT,2022,16,moneyline,home,,-141.0,0.6493847558314187,0.0643225151675183,won,0.7092198581560284
2022_16_LV_PIT,2022,16,spread,home,-2.5,-102.0,0.5856341324244516,0.08068363737494666,won,0.9803921568627451
2022_16_LV_PIT,2022,16,total_points,over,38.5,-102.0,0.7425766587539988,0.23762616370449385,lost,-1.0
2022_16_NO_CLE,2022,16,moneyline,away,,162.0,0.6704257007600412,0.28874631144706403,won,1.62
2022_16_NO_CLE,2022,16,spread,away,3.0,111.0,0.7478331838974592,0.2738995346083597,won,1.11
2022_16_NO_CLE,2022,16,total_points,over,32.0,-104.0,0.8864861663824718,0.3766822448138444,lost,-1.0
2022_16_NYG_MIN,2022,16,spread,home,-4.5,-108.0,0.578169908939667,0.05893913970889775,lost,-1.0
2022_16_NYG_MIN,2022,16,total_points,under,48.0,-109.0,0.6267002190264702,0.10516911854800137,lost,-1.0
2022_16_PHI_DAL,2022,16,moneyline,away,,178.0,0.44209918545210103,0.0823869552362737,lost,-1.0
2022_16_PHI_DAL,2022,16,spread,away,4.0,-104.0,0.5587362420844216,0.048932320515794214,lost,-1.0
2022_16_SEA_KC,2022,16,moneyline,away,,367.0,0.37548934036819626,0.16135657805556242,lost,-1.0
2022_16_SEA_KC,2022,16,spread,away,10.5,-107.0,0.6607423108311455,0.1438340982707591,lost,-1.0
2022_16_WAS_SF,2022,16,moneyline,away,,241.0,0.4056153622415133,0.11236023027670389,lost,-1.0
2022_16_WAS_SF,2022,16,spread,away,6.5,-107.0,0.5853065998539696,0.06839838729358316,lost,-1.0
2022_16_WAS_SF,2022,16,total_points,over,37.5,102.0,0.6674921854475293,0.17244268049703426,won,1.02
2022_16_DEN_LA,2022,16,moneyline,home,,155.0,0.6336687355324109,0.24151187278731284,won,1.55
2022_16_DEN_LA,2022,16,spread,home,3.0,105.0,0.7134401388731226,0.22563526082434215,won,1.05
2022_16_DEN_LA,2022,16,total_points,over,36.5,-103.0,0.6323208983396846,0.12493173577810823,won,0.970873786407767
2022_16_GB_MIA,2022,16,moneyline,away,,163.0,0.5972134123833971,0.21698527550126784,won,1.63
2022_16_GB_MIA,2022,16,spread,away,3.5,-107.0,0.6898940009569479,0.17298578839656142,won,0.9345794392523364
2022_16_GB_MIA,2022,16,total_points,under,49.0,-103.0,0.56796487458009,0.06057571201851364,won,0.970873786407767
2022_16_TB_ARI,2022,16,moneyline,home,,273.0,0.5192485655337509,0.25115205078844255,lost,-1.0
2022_16_TB_ARI,2022,16,spread,home,7.5,-113.0,0.716600429127383,0.18608399720250035,won,0.8849557522123894
2022_16_TB_ARI,2022,16,total_points,over,41.5,-108.0,0.6994268412972404,0.18019607206647115,lost,-1.0
2022_16_LAC_IND,2022,16,moneyline,home,,165.0,0.5071920734294266,0.12983358286338886,lost,-1.0
2022_16_LAC_IND,2022,16,spread,home,3.5,-108.0,0.6019149985728137,0.08268422934204445,lost,-1.0
2022_16_LAC_IND,2022,16,total_points,over,44.5,-109.0,0.5724805459798741,0.05094944550140523,lost,-1.0
2022_17_DAL_TEN,2022,17,moneyline,home,,563.0,0.4702422288725491,0.3194126662782806,lost,-1.0
2022_17_DAL_TEN,2022,17,spread,home,14.0,-110.0,0.824584813512478,0.3007752897029542,push,0.0
2022_17_DAL_TEN,2022,17,total_points,over,41.0,101.0,0.634294969327038,0.1367825315160927,lost,-1.0
2022_17_ARI_ATL,2022,17,moneyline,away,,241.0,0.45397163083673425,0.16071649887192485,lost,-1.0
2022_17_ARI_ATL,2022,17,spread,away,7.0,-119.0,0.650985863404434,0.107606867970644,won,0.8403361344537815
2022_17_ARI_ATL,2022,17,total_points,over,41.0,100.0,0.700416101961559,0.200416101961559,lost,-1.0
2022_17_CAR_TB,2022,17,moneyline,away,,164.0,0.42260499758801334,0.04381711880013456,lost,-1.0
2022_17_CAR_TB,2022,17,total_points,over,40.5,-109.0,0.7166088944278534,0.19507779394938451,won,0.9174311926605505
2022_17_CHI_DET,2022,17,moneyline,away,,194.0,0.4805712618032884,0.1404352073815197,lost,-1.0
2022_17_CHI_DET,2022,17,spread,away,4.5,-105.0,0.6115618655341967,0.09936674358297715,lost,-1.0
2022_17_CHI_DET,2022,17,total_points,under,52.5,-111.0,0.7061979869872398,0.18013163627633932,won,0.9009009009009009
2022_17_CLE_WAS,2022,17,moneyline,home,,-117.0,0.5971241735155375,0.05795366660309509,lost,-1.0
2022_17_CLE_WAS,2022,17,spread,home,-1.0,-110.0,0.566088675961451,0.042279152151927124,lost,-1.0
2022_17_CLE_WAS,2022,17,total_points,over,41.5,-103.0,0.5464167055400323,0.0390275429784559,lost,-1.0
2022_17_DEN_KC,2022,17,moneyline,away,,544.0,0.2519679285131465,0.09668842540755643,lost,-1.0
2022_17_DEN_KC,2022,17,spread,away,13.5,-114.0,0.6126268055813529,0.07991652520752113,won,0.8771929824561403
2022_17_DEN_KC,2022,17,total_points,under,46.0,-104.0,0.5526721814808793,0.04286825991225185,lost,-1.0
2022_17_IND_NYG,2022,17,moneyline,away,,202.0,0.5528789169840572,0.22175308916948766,lost,-1.0
2022_17_IND_NYG,2022,17,spread,away,5.5,-105.0,0.6975999347977723,0.18540481284655275,lost,-1.0
2022_17_IND_NYG,2022,17,total_points,over,38.5,-109.0,0.663681981511247,0.14215088103277818,won,0.9174311926605505
2022_17_JAX_HOU,2022,17,moneyline,home,,167.0,0.5727628779145096,0.1982310427085171,lost,-1.0
2022_17_JAX_HOU,2022,17,spread,home,3.5,-106.0,0.6656295455306228,0.15106643873450631,lost,-1.0
2022_17_LA_LAC,2022,17,moneyline,away,,244.0,0.47927256155635484,0.18857488713775017,lost,-1.0
2022_17_LA_LAC,2022,17,spread,away,6.5,-102.0,0.6542447082879095,0.14929421323840453,lost,-1.0
2022_17_LA_LAC,2022,17,total_points,over,41.5,-100.0,0.6434957776102969,0.14349577761029686,lost,-1.0
2022_17_MIA_NE,2022,17,moneyline,home,,-160.0,0.7967075719483355,0.1813229565637201,won,0.625
2022_17_MIA_NE,2022,17,spread,home,-3.0,-104.0,0.7382701543223293,0.22846623275370193,lost,-1.0
2022_17_MIA_NE,2022,17,total_points,over,41.5,-105.0,0.5709848990432694,0.05878977709204991,won,0.9523809523809523
2022_17_MIN_GB,2022,17,moneyline,away,,155.0,0.46224289846568356,0.07008603572058553,lost,-1.0
2022_17_MIN_GB,2022,17,spread,away,3.0,106.0,0.5468032398006624,0.061366346596778865,lost,-1.0
2022_17_NO_PHI,2022,17,moneyline,away,,198.0,0.49117729507772323,0.1556068252790655,won,1.98
2022_17_NO_PHI,2022,17,spread,away,5.5,-110.0,0.6389419855822662,0.11513246177274239,won,0.9090909090909091
2022_17_NO_PHI,2022,17,total_points,over,41.5,-113.0,0.7279959708072332,0.1974795388823506,lost,-1.0
2022_17_NYJ_SEA,2022,17,moneyline,home,,102.0,0.7559406947008593,0.2608911897503643,won,1.02
2022_17_NYJ_SEA,2022,17,spread,home,1.0,-105.0,0.7840295983909071,0.2718344764396876,won,0.9523809523809523
2022_17_PIT_BAL,2022,17,moneyline,home,,-121.0,0.5991224471985509,0.05161113498135628,lost,-1.0
2022_17_PIT_BAL,2022,17,spread,home,-1.0,-113.0,0.5680389560812139,0.03752252415633128,lost,-1.0
2022_17_PIT_BAL,2022,17,total_points,over,35.5,-107.0,0.7025905068984237,0.1856822943380373,lost,-1.0
2022_17_SF_LV,2022,17,moneyline,home,,371.0,0.5160351843261565,0.3037209592730779,lost,-1.0
2022_17_SF_LV,2022,17,spread,home,10.0,-107.0,0.7720567463729305,0.2551485338125441,won,0.9345794392523364
2022_17_SF_LV,2022,17,total_points,over,41.5,-105.0,0.6945009111526812,0.18230578920146168,won,0.9523809523809523
2022_18_KC_LV,2022,18,moneyline,home,,338.0,0.3332752887404738,0.10496478645736879,lost,-1.0
2022_18_KC_LV,2022,18,spread,home,9.0,-105.0,0.5718862142978582,0.05969109234663872,lost,-1.0
2022_18_TEN_JAX,2022,18,moneyline,away,,227.0,0.5534486221974659,0.24763822464394913,lost,-1.0
2022_18_TEN_JAX,2022,18,spread,away,6.0,-106.0,0.715184253445616,0.20062114664949948,won,0.9433962264150944
2022_18_TEN_JAX,2022,18,total_points,over,39.5,-106.0,0.6213940959305969,0.10683098913448041,lost,-1.0
2022_18_ARI_SF,2022,18,moneyline,away,,753.0,0.4605065400617721,0.34327324580620355,lost,-1.0
2022_18_ARI_SF,2022,18,spread,away,14.0,100.0,0.8196549174041756,0.3196549174041756,lost,-1.0
2022_18_ARI_SF,2022,18,total_points,over,40.0,-105.0,0.6814316666390476,0.16923654468782812,won,0.9523809523809523
2022_18_BAL_CIN,2022,18,moneyline,away,,474.0,0.5863547097210013,0.41213868184643687,lost,-1.0
2022_18_BAL_CIN,2022,18,spread,away,11.0,105.0,0.8494547942879462,0.36164991623916576,push,0.0
2022_18_BAL_CIN,2022,18,total_points,over,39.0,-110.0,0.637257996485516,0.11344847267599212,won,0.9090909090909091
2022_18_CAR_NO,2022,18,spread,home,-3.5,103.0,0.5634754225713615,0.07086458513293786,lost,-1.0
2022_18_CAR_NO,2022,18,total_points,over,41.5,-105.0,0.7108331979911039,0.19863807603988437,lost,-1.0
2022_18_CLE_PIT,2022,18,moneyline,home,,-142.0,0.7238438539586769,0.13706699445454462,won,0.704225352112676
2022_18_CLE_PIT,2022,18,spread,home,-2.5,-109.0,0.6644843878467588,0.14295328736828994,won,0.9174311926605505
2022_18_CLE_PIT,2022,18,total_points,over,40.0,-106.0,0.5858890302942455,0.07132592349812905,won,0.9433962264150944
2022_18_DAL_WAS,2022,18,moneyline,home,,274.0,0.3892818892699449,0.12190221012555985,won,2.74
2022_18_DAL_WAS,2022,18,spread,home,7.5,-110.0,0.6003548457585864,0.0765453219490626,won,0.9090909090909091
2022_18_DAL_WAS,2022,18,total_points,over,40.5,-108.0,0.6142272822527637,0.09499651302199441,lost,-1.0
2022_18_HOU_IND,2022,18,spread,home,-3.0,108.0,0.5288724808248796,0.048103250055648805,lost,-1.0
2022_18_HOU_IND,2022,18,total_points,over,38.0,-101.0,0.6915859028315938,0.18909834064253905,won,0.9900990099009901
2022_18_LAC_DEN,2022,18,moneyline,away,,222.0,0.5403453314063426,0.22978632519516246,lost,-1.0
2022_18_LAC_DEN,2022,18,spread,away,6.0,-104.0,0.704869560654676,0.19506563908604857,won,0.9615384615384616
2022_18_LAC_DEN,2022,18,total_points,over,38.5,-110.0,0.587479096834347,0.06366957302482312,won,0.9090909090909091
2022_18_LA_SEA,2022,18,moneyline,away,,198.0,0.4215563459527359,0.08598587615407816,lost,-1.0
2022_18_LA_SEA,2022,18,spread,away,5.5,-112.0,0.5730721348979505,0.04477024810549768,won,0.8928571428571429
2022_18_LA_SEA,2022,18,total_points,over,41.5,-111.0,0.6364360401153638,0.11036968940446334,lost,-1.0
2022_18_MIN_CHI,2022,18,moneyline,home,,227.0,0.42764568981150375,0.12183529225798695,lost,-1.0
2022_18_MIN_CHI,2022,18,spread,home,6.5,-106.0,0.6045177617755945,0.08995465497947797,lost,-1.0
2022_18_NE_BUF,2022,18,moneyline,away,,314.0,0.5628673808875152,0.3213214871677085,lost,-1.0
2022_18_NE_BUF,2022,18,spread,away,8.0,104.0,0.7741955386876552,0.2839994602562827,lost,-1.0
2022_18_NYG_PHI,2022,18,moneyline,away,,858.0,0.3037223613310104,0.19933822771931936,lost,-1.0
2022_18_NYG_PHI,2022,18,spread,away,16.5,-103.0,0.7398445131850375,0.23245535062346112,won,0.970873786407767
2022_18_NYG_PHI,2022,18,total_points,over,42.5,-107.0,0.5738622753197181,0.05695406275933168,lost,-1.0
2022_18_NYJ_MIA,2022,18,moneyline,away,,178.0,0.4015331685034708,0.041820938287643494,lost,-1.0
2022_18_NYJ_MIA,2022,18,total_points,over,37.5,-103.0,0.6534443759372086,0.1460552133756322,lost,-1.0
2022_18_TB_ATL,2022,18,moneyline,away,,207.0,0.47983621853599634,0.15410331951319506,lost,-1.0
2022_18_TB_ATL,2022,18,spread,away,6.0,-110.0,0.6441692626959259,0.12035973888640206,lost,-1.0
2022_18_TB_ATL,2022,18,total_points,over,40.5,-106.0,0.7497338252257995,0.23517071842968296,won,0.9433962264150944
2023_01_DET_KC,2023,1,spread,home,-4.0,-110.0,0.6774812820045529,0.1536717581950291,lost,-1.0
2023_01_ARI_WAS,2023,1,moneyline,away,,270.0,0.5096887226310245,0.2394184523607542,lost,-1.0
2023_01_ARI_WAS,2023,1,spread,away,7.0,-108.0,0.7073354433580116,0.1881046741272423,won,0.9259259259259259
2023_01_ARI_WAS,2023,1,total_points,over,38.0,-110.0,0.6848603871115256,0.1610508633020018,lost,-1.0
2023_01_CAR_ATL,2023,1,moneyline,away,,160.0,0.440743414924372,0.05612803030898739,lost,-1.0
2023_01_CAR_ATL,2023,1,total_points,over,40.5,-110.0,0.6992356099652185,0.17542608615569466,lost,-1.0
2023_01_CIN_CLE,2023,1,moneyline,away,,-112.0,0.5684410549673745,0.04013916817492169,lost,-1.0
2023_01_CIN_CLE,2023,1,total_points,under,46.5,-110.0,0.5652936495656609,0.041484125756137025,won,0.9090909090909091
2023_01_GB_CHI,2023,1,moneyline,away,,-102.0,0.5761384653600913,0.07118797031058632,won,0.9803921568627451
2023_01_GB_CHI,2023,1,spread,away,1.0,-110.0,0.6115396390155263,0.08773011520600249,won,0.9090909090909091
2023_01_GB_CHI,2023,1,total_points,over,41.0,-108.0,0.5759457317052595,0.05671496247449026,won,0.9259259259259259
2023_01_HOU_BAL,2023,1,moneyline,away,,380.0,0.26942490470739117,0.061091571374057824,lost,-1.0
2023_01_JAX_IND,2023,1,moneyline,home,,170.0,0.6265240780982094,0.2561537077278391,lost,-1.0
2023_01_JAX_IND,2023,1,spread,home,4.0,-112.0,0.7346122971971031,0.20631041040465026,lost,-1.0
2023_01_LA_SEA,2023,1,moneyline,away,,180.0,0.4193356862101252,0.06219282906726803,won,1.8
2023_01_MIA_LAC,2023,1,spread,home,-3.0,-110.0,0.5938554878663296,0.07004596405680574,lost,-1.0
2023_01_MIA_LAC,2023,1,total_points,under,50.5,-110.0,0.6196602257111944,0.09585070190167055,lost,-1.0
2023_01_PHI_NE,2023,1,moneyline,home,,154.0,0.6674854749527017,0.2737846875511269,lost,-1.0
2023_01_PHI_NE,2023,1,spread,home,3.5,-110.0,0.7508493243273598,0.227039800517836,lost,-1.0
2023_01_SF_PIT,2023,1,moneyline,home,,100.0,0.6250052461066228,0.12500524610662278,lost,-1.0
2023_01_SF_PIT,2023,1,spread,home,1.5,-112.0,0.6651194395335693,0.1368175527411165,lost,-1.0
2023_01_SF_PIT,2023,1,total_points,over,41.5,-110.0,0.5617996853794515,0.03799016156992763,lost,-1.0
2023_01_TB_MIN,2023,1,moneyline,away,,170.0,0.41102497329663146,0.04065460292626111,won,1.7
2023_01_TB_MIN,2023,1,total_points,over,45.0,-110.0,0.5884990756848612,0.06468955187533731,lost,-1.0
2023_01_TEN_NO,2023,1,moneyline,home,,-148.0,0.6387208147574869,0.041946621209099755,won,0.6756756756756757
2023_01_TEN_NO,2023,1,spread,home,-3.0,-102.0,0.5598246472253853,0.05487415217588032,lost,-1.0
2023_01_TEN_NO,2023,1,total_points,over,41.0,-110.0,0.6978319482713813,0.17402242446185745,lost,-1.0
2023_01_BUF_NYJ,2023,1,moneyline,away,,-135.0,0.6809443136687983,0.10647622856241523,lost,-1.0
2023_01_BUF_NYJ,2023,1,spread,away,-2.5,-110.0,0.6208572524174502,0.09704772860792632,lost,-1.0
2023_01_BUF_NYJ,2023,1,total_points,under,44.5,-110.0,0.5706075142305986,0.0467979904210748,won,0.9090909090909091
2023_02_MIN_PHI,2023,2,moneyline,away,,195.0,0.4509843476607073,0.11200129681324966,lost,-1.0
2023_02_MIN_PHI,2023,2,spread,away,6.0,-110.0,0.6194530520336802,0.09564352822415634,push,0.0
2023_02_MIN_PHI,2023,2,total_points,under,49.0,-110.0,0.5696357722878524,0.04582624847832861,lost,-1.0
2023_02_BAL_CIN,2023,2,moneyline,away,,145.0,0.5885691729006213,0.18040590759449882,won,1.45
2023_02_BAL_CIN,2023,2,spread,away,3.5,-118.0,0.6841381174515629,0.1428537137818382,won,0.847457627118644
2023_02_CHI_TB,2023,2,moneyline,home,,-135.0,0.6242536155766633,0.049785530470280226,won,0.7407407407407407
2023_02_CHI_TB,2023,2,total_points,over,41.0,-110.0,0.6213228897985995,0.09751336598907567,won,0.9090909090909091
2023_02_GB_ATL,2023,2,moneyline,away,,124.0,0.5185755106818819,0.07214693925331045,lost,-1.0
2023_02_GB_ATL,2023,2,spread,away,3.0,-115.0,0.6038629231759021,0.06897920224566956,won,0.8695652173913043
2023_02_GB_ATL,2023,2,total_points,over,40.5,-110.0,0.7159587767896683,0.1921492529801445,won,0.9090909090909091
2023_02_IND_HOU,2023,2,total_points,over,40.0,-110.0,0.6519122234852933,0.12810269967576948,won,0.9090909090909091
2023_02_KC_JAX,2023,2,spread,away,-3.5,-102.0,0.6252826496031197,0.12033215455361479,won,0.9803921568627451
2023_02_KC_JAX,2023,2,total_points,under,50.5,-110.0,0.5842494211019822,0.060439897292458356,won,0.9090909090909091
2023_02_LAC_TEN,2023,2,moneyline,home,,120.0,0.5056939326797838,0.05114847813432927,won,1.2
2023_02_LAC_TEN,2023,2,spread,home,2.5,-102.0,0.5694297711378375,0.0644792760883326,won,0.9803921568627451
2023_02_LV_BUF,2023,2,moneyline,away,,280.0,0.32772202316975096,0.06456412843290887,lost,-1.0
2023_02_MIA_NE,2023,2,moneyline,home,,110.0,0.7911146349718389,0.3149241587813627,lost,-1.0
2023_02_MIA_NE,2023,2,spread,home,2.0,-108.0,0.8321728861213532,0.31294211689058393,lost,-1.0
2023_02_NYG_ARI,2023,2,moneyline,home,,185.0,0.6331705372342793,0.2822933442518232,lost,-1.0
2023_02_NYG_ARI,2023,2,spread,home,5.0,-110.0,0.760209595324719,0.23640007151519515,won,0.9090909090909091
2023_02_NYG_ARI,2023,2,total_points,over,40.0,-110.0,0.6338722680822985,0.11006274427277463,won,0.9090909090909091
2023_02_NYJ_DAL,2023,2,total_points,over,38.5,-110.0,0.6434216057436012,0.11961208193407735,won,0.9090909090909091
2023_02_SEA_DET,2023,2,moneyline,away,,180.0,0.6116923562163665,0.2545494990735094,won,1.8
2023_02_SEA_DET,2023,2,spread,away,4.5,-110.0,0.7301767708753746,0.20636724706585075,won,0.9090909090909091
2023_02_SF_LA,2023,2,moneyline,home,,270.0,0.6081673983413847,0.3378971280711144,lost,-1.0
2023_02_SF_LA,2023,2,spread,home,7.5,-115.0,0.7911632943585476,0.2562795734283151,won,0.8695652173913043
2023_02_WAS_DEN,2023,2,moneyline,away,,164.0,0.4245829852116298,0.04579510642375101,won,1.64
2023_02_CLE_PIT,2023,2,moneyline,home,,124.0,0.720228790389031,0.27380021896045953,won,1.24
2023_02_CLE_PIT,2023,2,spread,home,2.5,-105.0,0.7720745027981343,0.25987938084691475,won,0.9523809523809523
2023_02_CLE_PIT,2023,2,total_points,over,39.0,-110.0,0.6099067955978146,0.08609727178829074,won,0.9090909090909091
2023_02_NO_CAR,2023,2,total_points,over,39.5,-112.0,0.7530335639105056,0.22473167711805275,lost,-1.0
2023_03_NYG_SF,2023,3,moneyline,away,,400.0,0.3572960297667508,0.15729602976675078,lost,-1.0
2023_03_NYG_SF,2023,3,spread,away,10.5,-105.0,0.6523982238527161,0.14020310190149654,lost,-1.0
2023_03_ATL_DET,2023,3,moneyline,away,,140.0,0.5252019226659232,0.10853525599925656,lost,-1.0
2023_03_ATL_DET,2023,3,spread,away,3.0,100.0,0.6101104794503198,0.11011047945031982,lost,-1.0
2023_03_BUF_WAS,2023,3,moneyline,home,,200.0,0.38706513361164097,0.05373180027830765,lost,-1.0
2023_03_CAR_SEA,2023,3,total_points,over,42.5,-110.0,0.6119342469439872,0.0881247231344634,won,0.9090909090909091
2023_03_CHI_KC,2023,3,moneyline,away,,525.0,0.23128411493088907,0.07128411493088907,lost,-1.0
2023_03_CHI_KC,2023,3,spread,away,13.0,-110.0,0.5754445605607017,0.051635036751177865,lost,-1.0
2023_03_CHI_KC,2023,3,total_points,under,48.0,-110.0,0.5678415703868552,0.044032046577331396,lost,-1.0
2023_03_DAL_ARI,2023,3,moneyline,home,,470.0,0.4406550546926128,0.26521645820138473,won,4.7
2023_03_DAL_ARI,2023,3,spread,home,11.5,-110.0,0.7471761534375028,0.22336662962797893,won,0.9090909090909091
2023_03_DAL_ARI,2023,3,total_points,over,43.5,-110.0,0.5957686101644869,0.07195908635496306,won,0.9090909090909091
2023_03_DEN_MIA,2023,3,moneyline,away,,205.0,0.4993295486287596,0.17146069616974324,lost,-1.0
2023_03_DEN_MIA,2023,3,spread,away,6.0,-110.0,0.669762893684037,0.14595336987451313,lost,-1.0
2023_03_DEN_MIA,2023,3,total_points,under,47.5,-110.0,0.6791856900341339,0.15537616622461004,lost,-1.0
2023_03_HOU_JAX,2023,3,moneyline,away,,300.0,0.4652280613341403,0.2152280613341403,won,3.0
2023_03_HOU_JAX,2023,3,spread,away,7.5,-110.0,0.6797474442673662,0.15593792045784238,won,0.9090909090909091
2023_03_IND_BAL,2023,3,moneyline,away,,300.0,0.32919106817126076,0.07919106817126076,won,3.0
2023_03_LAC_MIN,2023,3,moneyline,home,,-110.0,0.5609879158549962,0.03717839204547235,lost,-1.0
2023_03_LAC_MIN,2023,3,total_points,under,54.0,-110.0,0.70082548362739,0.1770159598178661,won,0.9090909090909091
2023_03_NE_NYJ,2023,3,moneyline,away,,-142.0,0.7674578992066912,0.1806810397025589,won,0.704225352112676
2023_03_NE_NYJ,2023,3,spread,away,-2.5,-112.0,0.7147915440644752,0.18648965727202238,won,0.8928571428571429
2023_03_NE_NYJ,2023,3,total_points,over,35.5,-110.0,0.681883150317877,0.15807362650835322,lost,-1.0
2023_03_NO_GB,2023,3,total_points,over,41.5,-110.0,0.7160309174286827,0.1922213936191589,lost,-1.0
2023_03_PIT_LV,2023,3,moneyline,away,,124.0,0.5803773356005784,0.1339487641720069,won,1.24
2023_03_PIT_LV,2023,3,spread,away,3.0,-110.0,0.6649113370213872,0.14110181321186333,won,0.9090909090909091
2023_03_PIT_LV,2023,3,total_points,over,43.5,-110.0,0.6022222128035062,0.07841268899398235,lost,-1.0
2023_03_TEN_CLE,2023,3,moneyline,away,,154.0,0.5768486326155691,0.18314784521399424,lost,-1.0
2023_03_TEN_CLE,2023,3,spread,away,3.5,-110.0,0.6731556151159058,0.149346091306382,lost,-1.0
2023_03_TEN_CLE,2023,3,total_points,over,38.0,-110.0,0.6683354022200388,0.144525878410515,lost,-1.0
2023_03_LA_CIN,2023,3,moneyline,away,,136.0,0.5263715798715374,0.10264276631221536,lost,-1.0
2023_03_LA_CIN,2023,3,spread,away,3.0,100.0,0.6128755522327433,0.11287555223274326,push,0.0
2023_03_PHI_TB,2023,3,moneyline,home,,210.0,0.4977490516116022,0.1751684064503119,lost,-1.0
2023_03_PHI_TB,2023,3,spread,home,6.0,-110.0,0.6594889328615462,0.13567940905202236,lost,-1.0
2023_03_PHI_TB,2023,3,total_points,over,44.0,-112.0,0.6474809170753619,0.1191790302829091,lost,-1.0
2023_04_DET_GB,2023,4,moneyline,home,,120.0,0.6677421237940713,0.21319666924861674,lost,-1.0
2023_04_DET_GB,2023,4,spread,home,2.5,-102.0,0.7234465614636304,0.21849606641412544,lost,-1.0
2023_04_DET_GB,2023,4,total_points,over,45.0,-110.0,0.6030964758900407,0.07928695208051684,won,0.9090909090909091
2023_04_ARI_SF,2023,4,moneyline,away,,700.0,0.442506770430982,0.317506770430982,lost,-1.0
2023_04_ARI_SF,2023,4,spread,away,15.0,-108.0,0.827087083930781,0.30785631470001174,lost,-1.0
2023_04_ATL_JAX,2023,4,moneyline,away,,154.0,0.5454953020858916,0.15179451468431676,lost,-1.0
2023_04_ATL_JAX,2023,4,spread,away,3.5,-110.0,0.6430812257949298,0.11927170198540593,lost,-1.0
2023_04_ATL_JAX,2023,4,total_points,over,42.5,-108.0,0.598300002727033,0.07906923349626371,lost,-1.0
2023_04_BAL_CLE,2023,4,moneyline,away,,-135.0,0.6818603685591954,0.10739228345281238,won,0.7407407407407407
2023_04_BAL_CLE,2023,4,spread,away,-2.0,-110.0,0.6348987353989107,0.1110892115893869,won,0.9090909090909091
2023_04_BAL_CLE,2023,4,total_points,over,38.5,-110.0,0.6362944321888762,0.11248490837935232,lost,-1.0
2023_04_CIN_TEN,2023,4,moneyline,home,,136.0,0.5572430355210107,0.13351422196168872,won,1.36
2023_04_CIN_TEN,2023,4,spread,home,2.5,100.0,0.6199808589965269,0.11998085899652688,won,1.0
2023_04_CIN_TEN,2023,4,total_points,over,41.5,-112.0,0.5667436290404979,0.038441742248045085,lost,-1.0
2023_04_DEN_CHI,2023,4,moneyline,home,,136.0,0.5236402645943562,0.09991145103503418,lost,-1.0
2023_04_DEN_CHI,2023,4,spread,home,3.0,-108.0,0.6093663483878459,0.0901355791570766,push,0.0
2023_04_DEN_CHI,2023,4,total_points,under,47.0,-110.0,0.7307698963260157,0.2069603725164919,lost,-1.0
2023_04_KC_NYJ,2023,4,total_points,over,41.5,-115.0,0.6211472417581414,0.08626352082790889,won,0.8695652173913043
2023_04_LV_LAC,2023,4,moneyline,away,,250.0,0.3573608919757182,0.07164660626143249,lost,-1.0
2023_04_MIA_BUF,2023,4,moneyline,home,,-142.0,0.7071793096938098,0.12040245018967755,won,0.704225352112676
2023_04_MIA_BUF,2023,4,spread,home,-2.5,-120.0,0.6460734518251919,0.10061890637064652,won,0.8333333333333334
2023_04_MIA_BUF,2023,4,total_points,under,53.0,-110.0,0.7210989816847795,0.19728945787525565,lost,-1.0
2023_04_MIN_CAR,2023,4,moneyline,home,,185.0,0.46598845133288935,0.11511125835043323,lost,-1.0
2023_04_MIN_CAR,2023,4,spread,home,4.5,-108.0,0.5943902031924894,0.07515943396172009,lost,-1.0
2023_04_NE_DAL,2023,4,moneyline,away,,230.0,0.5525430741228678,0.2495127710925648,lost,-1.0
2023_04_NE_DAL,2023,4,spread,away,6.5,-108.0,0.7218948763888506,0.20266410715808136,lost,-1.0
2023_04_TB_NO,2023,4,total_points,over,41.0,-110.0,0.761617683200274,0.23780815939075017,lost,-1.0
2023_04_WAS_PHI,2023,4,moneyline,away,,350.0,0.31988883023065234,0.09766660800843013,lost,-1.0
2023_04_WAS_PHI,2023,4,spread,away,9.5,-110.0,0.5787801452559207,0.05497062144639686,won,0.9090909090909091
2023_04_WAS_PHI,2023,4,total_points,over,43.0,-110.0,0.562528129842644,0.03871860603312016,won,0.9090909090909091
2023_04_SEA_NYG,2023,4,moneyline,away,,-142.0,0.6483812271378779,0.06160436763374566,won,0.704225352112676
2023_04_SEA_NYG,2023,4,spread,away,-2.5,-115.0,0.5868665945024386,0.0519828735722061,won,0.8695652173913043
2023_05_CHI_WAS,2023,5,moneyline,away,,210.0,0.4541766215443835,0.13159597638309317,won,2.1
2023_05_CHI_WAS,2023,5,spread,away,6.0,-110.0,0.6263369736688067,0.10252744985928286,won,0.9090909090909091
2023_05_CHI_WAS,2023,5,total_points,under,45.5,-112.0,0.6144386797737554,0.08613679298130261,lost,-1.0
2023_05_BAL_PIT,2023,5,moneyline,home,,190.0,0.4842740054470545,0.13944641924015794,won,1.9
2023_05_BAL_PIT,2023,5,spread,home,4.5,-108.0,0.6144866358197282,0.0952558665889589,won,0.9259259259259259
2023_05_BAL_PIT,2023,5,total_points,over,38.5,-110.0,0.6090751351703225,0.08526561136079869,lost,-1.0
2023_05_CAR_DET,2023,5,moneyline,away,,350.0,0.49509749987414425,0.27287527765192204,lost,-1.0
2023_05_CAR_DET,2023,5,spread,away,9.5,-110.0,0.7406292815253771,0.21681975771585327,lost,-1.0
2023_05_CAR_DET,2023,5,total_points,over,43.5,-110.0,0.6251798005210266,0.10137027671150278,won,0.9090909090909091
2023_05_CIN_ARI,2023,5,moneyline,home,,142.0,0.546567220452902,0.13334407995703418,lost,-1.0
2023_05_CIN_ARI,2023,5,spread,home,3.0,100.0,0.629305764524799,0.12930576452479903,lost,-1.0
2023_05_DAL_SF,2023,5,moneyline,away,,150.0,0.5432627179899165,0.14326271798991652,lost,-1.0
2023_05_DAL_SF,2023,5,spread,away,3.5,-115.0,0.6408367968062341,0.10595307587600156,lost,-1.0
2023_05_HOU_ATL,2023,5,total_points,over,42.0,-110.0,0.6173192979591658,0.09350977414964201,lost,-1.0
2023_05_JAX_BUF,2023,5,spread,home,-5.5,-110.0,0.5850477732083323,0.06123824939880851,lost,-1.0
2023_05_JAX_BUF,2023,5,total_points,under,48.5,-108.0,0.6500832483393835,0.1308524791086142,won,0.9259259259259259
2023_05_KC_MIN,2023,5,total_points,under,52.5,-110.0,0.6062693079555223,0.08245978414599842,won,0.9090909090909091
2023_05_NO_NE,2023,5,moneyline,home,,-135.0,0.6245018376901953,0.05003375258381226,lost,-1.0
2023_05_NO_NE,2023,5,spread,home,-2.5,-110.0,0.558952664309959,0.03514314050043521,lost,-1.0
2023_05_NO_NE,2023,5,total_points,over,38.5,-110.0,0.7283958790003999,0.2045863551908761,lost,-1.0
2023_05_NYG_MIA,2023,5,moneyline,away,,525.0,0.4236812902806865,0.26368129028068654,lost,-1.0
2023_05_NYG_MIA,2023,5,spread,away,12.5,-110.0,0.7563321320846792,0.23252260827515536,lost,-1.0
2023_05_NYG_MIA,2023,5,total_points,under,47.5,-108.0,0.5954956495496229,0.07626488031885359,won,0.9259259259259259
2023_05_NYJ_DEN,2023,5,moneyline,home,,-135.0,0.6430416498039341,0.06857356469755105,lost,-1.0
2023_05_NYJ_DEN,2023,5,spread,home,-2.5,-110.0,0.5764862314683307,0.05267670765880683,lost,-1.0
2023_05_NYJ_DEN,2023,5,total_points,under,42.5,-110.0,0.597450964678816,0.07364144086929214,lost,-1.0
2023_05_PHI_LA,2023,5,moneyline,home,,160.0,0.5363325654404385,0.15171718082505387,lost,-1.0
2023_05_PHI_LA,2023,5,spread,home,3.5,-110.0,0.6305618445055983,0.10675232069607443,lost,-1.0
2023_05_PHI_LA,2023,5,total_points,under,50.5,-110.0,0.5888587742190837,0.06504925040955989,won,0.9090909090909091
2023_05_TEN_IND,2023,5,moneyline,home,,120.0,0.5312441539684292,0.07669869942297464,won,1.2
2023_05_TEN_IND,2023,5,spread,home,2.5,-110.0,0.5945170833518041,0.07070755954228025,won,0.9090909090909091
2023_05_TEN_IND,2023,5,total_points,over,43.5,-110.0,0.5606102932697784,0.03680076946025457,lost,-1.0
2023_05_GB_LV,2023,5,moneyline,away,,-102.0,0.5741893782097905,0.06923888316028559,lost,-1.0
2023_05_GB_LV,2023,5,spread,away,1.0,-110.0,0.6081249860346226,0.08431546222509878,lost,-1.0
2023_05_GB_LV,2023,5,total_points,over,45.0,-110.0,0.6357945210490789,0.11198499723955502,lost,-1.0
2023_06_DEN_KC,2023,6,moneyline,away,,470.0,0.2394549066546984,0.06401631016347034,lost,-1.0
2023_06_DEN_KC,2023,6,total_points,under,47.5,-112.0,0.5799507637834069,0.05164887699095411,won,0.8928571428571429
2023_06_ARI_LA,2023,6,moneyline,away,,270.0,0.38276049261207046,0.11249022234180017,lost,-1.0
2023_06_ARI_LA,2023,6,spread,away,7.0,-105.0,0.58200760481528,0.0698124828640605,lost,-1.0
2023_06_BAL_TEN,2023,6,moneyline,home,,205.0,0.4265091981434077,0.09864034568439134,lost,-1.0
2023_06_BAL_TEN,2023,6,spread,home,5.5,-108.0,0.5777438783244139,0.0585131090936446,lost,-1.0
2023_06_CAR_MIA,2023,6,moneyline,away,,700.0,0.502864088531193,0.377864088531193,lost,-1.0
2023_06_CAR_MIA,2023,6,spread,away,14.0,-110.0,0.8487279940804169,0.32491847027089305,lost,-1.0
2023_06_DET_TB,2023,6,moneyline,home,,136.0,0.6203854872832553,0.19665667372393325,lost,-1.0
2023_06_DET_TB,2023,6,spread,home,3.0,-105.0,0.6987906120956102,0.1865954901443907,lost,-1.0
2023_06_DET_TB,2023,6,total_points,over,43.5,-108.0,0.6813953008512257,0.1621645316204564,lost,-1.0
2023_06_IND_JAX,2023,6,moneyline,away,,170.0,0.5344890514532867,0.16411868108291638,lost,-1.0
2023_06_IND_JAX,2023,6,spread,away,4.0,-110.0,0.652864748184388,0.12905522437486416,lost,-1.0
2023_06_NE_LV,2023,6,moneyline,away,,124.0,0.6776015875833165,0.231173016154745,lost,-1.0
2023_06_NE_LV,2023,6,spread,away,3.0,-118.0,0.755354783664735,0.21407037999501022,lost,-1.0
2023_06_NE_LV,2023,6,total_points,over,41.5,-110.0,0.6497723156223336,0.12596279181280978,lost,-1.0
2023_06_NO_HOU,2023,6,moneyline,away,,-130.0,0.6243391503596265,0.05912175905527872,lost,-1.0
2023_06_NO_HOU,2023,6,spread,away,-2.0,-110.0,0.5744525469320025,0.0506430231224787,lost,-1.0
2023_06_NO_HOU,2023,6,total_points,over,42.5,-108.0,0.6340193087016573,0.11478853947088807,lost,-1.0
2023_06_NYG_BUF,2023,6,moneyline,away,,750.0,0.2565292840682616,0.13888222524473218,lost,-1.0
2023_06_NYG_BUF,2023,6,spread,away,15.5,-110.0,0.6797825063777027,0.15597298256817882,won,0.9090909090909091
2023_06_PHI_NYJ,2023,6,moneyline,home,,245.0,0.34021036522885195,0.050355292765083826,won,2.45
2023_06_SEA_CIN,2023,6,moneyline,away,,130.0,0.562214808379372,0.12743219968371983,lost,-1.0
2023_06_SEA_CIN,2023,6,spread,away,3.0,-112.0,0.6480728398508518,0.11977095305839902,lost,-1.0
2023_06_SF_CLE,2023,6,moneyline,home,,360.0,0.4197816842655926,0.2023903799177665,won,3.6
2023_06_SF_CLE,2023,6,spread,home,9.5,-105.0,0.6756954454439323,0.16350032349271282,won,0.9523809523809523
2023_06_SF_CLE,2023,6,total_points,over,36.0,-110.0,0.7417901657666688,0.21798064195714495,push,0.0
2023_06_WAS_ATL,2023,6,moneyline,home,,-125.0,0.6143149946477007,0.058759439092145094,lost,-1.0
2023_06_WAS_ATL,2023,6,spread,home,-1.5,-112.0,0.5694884691730593,0.04118658238060646,lost,-1.0
2023_06_WAS_ATL,2023,6,total_points,over,42.0,-110.0,0.6088595736756115,0.08505004986608766,lost,-1.0
2023_06_DAL_LAC,2023,6,total_points,under,49.5,-108.0,0.562427776910286,0.04319700767951673,won,0.9259259259259259
2023_07_JAX_NO,2023,7,moneyline,home,,-148.0,0.7180387628038488,0.1212645692554617,lost,-1.0
2023_07_JAX_NO,2023,7,spread,home,-2.5,-112.0,0.6582345202810936,0.12993263348864081,lost,-1.0
2023_07_JAX_NO,2023,7,total_points,over,41.0,-110.0,0.661982760337637,0.1381732365281132,won,0.9090909090909091
2023_07_ARI_SEA,2023,7,moneyline,away,,350.0,0.3450166645223112,0.12279444230008901,lost,-1.0
2023_07_ARI_SEA,2023,7,spread,away,9.5,-112.0,0.6035602153502205,0.0752583285577677,lost,-1.0
2023_07_ARI_SEA,2023,7,total_points,over,43.5,-110.0,0.5953641674489123,0.07155464363938846,lost,-1.0
2023_07_ATL_TB,2023,7,total_points,over,37.5,-105.0,0.7964194020795201,0.2842242801283006,lost,-1.0
2023_07_BUF_NE,2023,7,moneyline,home,,310.0,0.6140355947816069,0.3701331557572166,won,3.1
2023_07_BUF_NE,2023,7,spread,home,7.5,-110.0,0.7979018668176872,0.2740923430081633,won,0.9090909090909091
2023_07_BUF_NE,2023,7,total_points,over,41.0,-110.0,0.5618565713813786,0.03804704757185473,won,0.9090909090909091
2023_07_CLE_IND,2023,7,moneyline,home,,150.0,0.6454712871338449,0.24547128713384492,lost,-1.0
2023_07_CLE_IND,2023,7,spread,home,3.5,-112.0,0.7315316639596451,0.20322977716719226,won,0.8928571428571429
2023_07_CLE_IND,2023,7,total_points,over,40.0,-110.0,0.6535429112095305,0.12973338740000662,won,0.9090909090909091
2023_07_DET_BAL,2023,7,spread,home,-3.0,-115.0,0.6427543454285805,0.10787062449834794,won,0.8695652173913043
2023_07_DET_BAL,2023,7,total_points,over,43.5,-112.0,0.5798645127325995,0.05156262594014671,won,0.8928571428571429
2023_07_GB_DEN,2023,7,moneyline,away,,-102.0,0.5639929348591193,0.05904243980961432,lost,-1.0
2023_07_GB_DEN,2023,7,spread,away,1.5,-112.0,0.6097520877599263,0.08145020096747346,lost,-1.0
2023_07_LV_CHI,2023,7,moneyline,home,,120.0,0.5355282897614044,0.0809828352159499,won,1.2
2023_07_LV_CHI,2023,7,spread,home,2.5,-110.0,0.598660307032683,0.07485078322315919,won,0.9090909090909091
2023_07_LV_CHI,2023,7,total_points,over,38.5,-110.0,0.6970957378103402,0.17328621400081634,won,0.9090909090909091
2023_07_MIA_PHI,2023,7,moneyline,home,,-155.0,0.6767116872214147,0.06886854996651282,won,0.6451612903225806
2023_07_MIA_PHI,2023,7,spread,home,-3.0,-108.0,0.6011355593667803,0.08190479013601104,won,0.9259259259259259
2023_07_MIA_PHI,2023,7,total_points,under,52.0,-110.0,0.6379984023208455,0.11418887851132165,won,0.9090909090909091
2023_07_PIT_LA,2023,7,moneyline,away,,145.0,0.4574395938593766,0.049276328553254145,won,1.45
2023_07_WAS_NYG,2023,7,moneyline,home,,136.0,0.5091833187203352,0.08545450516101316,won,1.36
2023_07_WAS_NYG,2023,7,spread,home,3.0,-112.0,0.5932718747354151,0.06496998794296227,won,0.8928571428571429
2023_07_WAS_NYG,2023,7,total_points,over,37.0,-108.0,0.6555665830069218,0.13633581377615256,lost,-1.0
2023_07_SF_MIN,2023,7,moneyline,home,,260.0,0.5930344867458156,0.3152567089680378,won,2.6
2023_07_SF_MIN,2023,7,spread,home,7.0,-115.0,0.7737666314590739,0.23888291052884136,won,0.8695652173913043
2023_08_TB_BUF,2023,8,moneyline,away,,370.0,0.3727981498325812,0.16003219238577268,lost,-1.0
2023_08_TB_BUF,2023,8,spread,away,10.0,-112.0,0.6523945990954945,0.12409271230304164,won,0.8928571428571429
2023_08_TB_BUF,2023,8,total_points,over,43.0,-110.0,0.6137659922306908,0.089956468421167,lost,-1.0
2023_08_ATL_TEN,2023,8,moneyline,home,,110.0,0.5541257269166925,0.07793525072621632,won,1.1
2023_08_ATL_TEN,2023,8,spread,home,2.5,-110.0,0.6166158404715862,0.0928063166620624,won,0.9090909090909091
2023_08_ATL_TEN,2023,8,total_points,over,35.0,-110.0,0.7917484714519081,0.26793894764238424,won,0.9090909090909091
2023_08_BAL_ARI,2023,8,moneyline,home,,380.0,0.3975719095278493,0.18923857619451598,lost,-1.0
2023_08_BAL_ARI,2023,8,spread,home,9.5,-110.0,0.6546677856807629,0.13085826187123906,won,0.9090909090909091
2023_08_CHI_LAC,2023,8,moneyline,away,,340.0,0.3519343774110384,0.12466165013831113,lost,-1.0
2023_08_CHI_LAC,2023,8,spread,away,9.5,-108.0,0.6139479591313702,0.09471718990060096,lost,-1.0
2023_08_CIN_SF,2023,8,moneyline,away,,170.0,0.4320184431327076,0.06164807276233725,won,1.7
2023_08_CIN_SF,2023,8,spread,away,4.0,-105.0,0.5507289310190716,0.03853380906785209,won,0.9523809523809523
2023_08_CLE_SEA,2023,8,spread,home,-4.0,-110.0,0.6402495701919123,0.11644004638238847,push,0.0
2023_08_CLE_SEA,2023,8,total_points,over,39.5,-108.0,0.6580813594266219,0.13885059019585266,won,0.9259259259259259
2023_08_HOU_CAR,2023,8,moneyline,home,,136.0,0.5851374480996819,0.16140863454035992,won,1.36
2023_08_HOU_CAR,2023,8,spread,home,3.0,-102.0,0.6669579544257956,0.16200745937629069,won,0.9803921568627451
2023_08_HOU_CAR,2023,8,total_points,over,43.0,-110.0,0.561080692271745,0.037271168462221116,lost,-1.0
2023_08_JAX_PIT,2023,8,moneyline,home,,114.0,0.6904177953268733,0.2231280757007051,lost,-1.0
2023_08_JAX_PIT,2023,8,spread,home,2.5,-110.0,0.7451818369578679,0.22137231314834405,lost,-1.0
2023_08_KC_DEN,2023,8,moneyline,home,,270.0,0.31498032044869306,0.04471005017842278,won,2.7
2023_08_LA_DAL,2023,8,moneyline,away,,250.0,0.42460280631696573,0.13888852060268003,lost,-1.0
2023_08_LA_DAL,2023,8,spread,away,6.5,-105.0,0.6039141647345633,0.09171904278334375,lost,-1.0
2023_08_MIN_GB,2023,8,spread,home,1.0,-112.0,0.5766538961238447,0.04835200933139183,lost,-1.0
2023_08_MIN_GB,2023,8,total_points,over,41.5,-112.0,0.6339998533236504,0.10569796653119756,lost,-1.0
2023_08_NE_MIA,2023,8,moneyline,away,,300.0,0.6878321095601785,0.4378321095601785,lost,-1.0
2023_08_NE_MIA,2023,8,spread,away,7.5,-110.0,0.850590848737661,0.32678132492813716,lost,-1.0
2023_08_NO_IND,2023,8,total_points,over,43.5,-110.0,0.6611212501210947,0.13731172631157085,won,0.9090909090909091
2023_08_NYJ_NYG,2023,8,moneyline,home,,136.0,0.5767401056388094,0.15301129207948738,lost,-1.0
2023_08_NYJ_NYG,2023,8,spread,home,3.0,-105.0,0.6604181520700199,0.14822303011880034,push,0.0
2023_08_NYJ_NYG,2023,8,total_points,over,35.0,-108.0,0.6705990881515629,0.1513683189207936,lost,-1.0
2023_08_PHI_WAS,2023,8,moneyline,home,,245.0,0.4030831301298493,0.11322805766608118,lost,-1.0
2023_08_PHI_WAS,2023,8,spread,home,7.0,-110.0,0.6013180300190012,0.07750850620947736,push,0.0
2023_08_PHI_WAS,2023,8,total_points,over,42.5,-110.0,0.5788843596123971,0.05507483580287331,won,0.9090909090909091
2023_08_LV_DET,2023,8,moneyline,away,,270.0,0.45374688401443536,0.18347661374416507,lost,-1.0
2023_08_LV_DET,2023,8,spread,away,7.0,-110.0,0.6504310983745096,0.1266215745649858,lost,-1.0
2023_08_LV_DET,2023,8,total_points,over,46.0,-110.0,0.6239995718499876,0.10019004804046372,lost,-1.0
2023_09_TEN_PIT,2023,9,total_points,over,37.0,-112.0,0.6621702498888622,0.13386836309640937,lost,-1.0
2023_09_ARI_CLE,2023,9,moneyline,away,,525.0,0.5429911778467169,0.3829911778467169,lost,-1.0
2023_09_ARI_CLE,2023,9,spread,away,13.0,-112.0,0.853017109806149,0.32471522301369615,lost,-1.0
2023_09_ARI_CLE,2023,9,total_points,over,38.0,-110.0,0.703487651292891,0.1796781274833672,lost,-1.0
2023_09_BUF_CIN,2023,9,moneyline,away,,105.0,0.5626291781853411,0.0748243001365606,lost,-1.0
2023_09_BUF_CIN,2023,9,spread,away,1.5,-108.0,0.6081244463825428,0.08889367715177354,lost,-1.0
2023_09_BUF_CIN,2023,9,total_points,under,51.0,-110.0,0.7017210528776707,0.1779115290681469,won,0.9090909090909091
2023_09_CHI_NO,2023,9,moneyline,away,,340.0,0.2962044002282206,0.06893167295549332,lost,-1.0
2023_09_CHI_NO,2023,9,total_points,over,42.0,-110.0,0.6074514899715273,0.08364196616200348,lost,-1.0
2023_09_DAL_PHI,2023,9,moneyline,away,,145.0,0.4735662775541231,0.06540301224800066,lost,-1.0
2023_09_IND_CAR,2023,9,moneyline,home,,110.0,0.5307563737400512,0.05456589754957508,lost,-1.0
2023_09_IND_CAR,2023,9,spread,home,1.5,-112.0,0.5726096433733796,0.04430775658092678,lost,-1.0
2023_09_IND_CAR,2023,9,total_points,over,45.0,-110.0,0.5615025294709434,0.03769300566141953,lost,-1.0
2023_09_LA_GB,2023,9,moneyline,away,,160.0,0.4515634274298539,0.06694804281446926,lost,-1.0
2023_09_LA_GB,2023,9,total_points,over,38.0,-108.0,0.7395871582383505,0.22035638900758125,lost,-1.0
2023_09_MIA_KC,2023,9,moneyline,home,,-115.0,0.7714452058904241,0.23656148496019158,won,0.8695652173913043
2023_09_MIA_KC,2023,9,spread,home,-1.0,-108.0,0.7510542765364516,0.23182350730568235,won,0.9259259259259259
2023_09_MIA_KC,2023,9,total_points,under,51.0,-108.0,0.5617337148130623,0.04250294558229306,won,0.9259259259259259
2023_09_MIN_ATL,2023,9,moneyline,away,,160.0,0.5205465158286163,0.1359311312132317,won,1.6
2023_09_MIN_ATL,2023,9,spread,away,3.5,-108.0,0.6189600413623775,0.0997292721316082,won,0.9259259259259259
2023_09_MIN_ATL,2023,9,total_points,over,38.5,-108.0,0.7237391522080443,0.20450838297727503,won,0.9259259259259259
2023_09_NYG_LV,2023,9,moneyline,home,,-118.0,0.5871398916361404,0.0458554879664157,won,0.847457627118644
2023_09_NYG_LV,2023,9,total_points,over,38.5,-108.0,0.7045429442694467,0.18531217503867747,lost,-1.0
2023_09_SEA_BAL,2023,9,moneyline,away,,220.0,0.41998876666754487,0.10748876666754487,lost,-1.0
2023_09_SEA_BAL,2023,9,spread,away,6.0,-110.0,0.5897110411845918,0.065901517375068,lost,-1.0
2023_09_TB_HOU,2023,9,moneyline,away,,124.0,0.536203881777159,0.0897753103485876,lost,-1.0
2023_09_TB_HOU,2023,9,spread,away,2.5,100.0,0.6025668518475477,0.10256685184754766,won,1.0
2023_09_TB_HOU,2023,9,total_points,over,39.5,-110.0,0.6932003561321927,0.16939083232266883,won,0.9090909090909091
2023_09_WAS_NE,2023,9,moneyline,home,,-155.0,0.7686216079662833,0.1607784707113814,lost,-1.0
2023_09_WAS_NE,2023,9,spread,home,-2.5,-120.0,0.7131475189252232,0.1676929734706778,lost,-1.0
2023_09_WAS_NE,2023,9,total_points,over,40.5,-110.0,0.5664192055637234,0.042609681754199547,lost,-1.0
2023_09_LAC_NYJ,2023,9,total_points,over,41.0,-110.0,0.5791369220297355,0.05532739822021171,lost,-1.0
2023_10_CAR_CHI,2023,10,moneyline,away,,150.0,0.4876737057182965,0.08767370571829647,lost,-1.0
2023_10_CAR_CHI,2023,10,spread,away,3.0,100.0,0.5747955139721289,0.07479551397212891,push,0.0
2023_10_CAR_CHI,2023,10,total_points,over,38.0,-115.0,0.6512515219963465,0.116367801066114,lost,-1.0
2023_10_ATL_ARI,2023,10,moneyline,home,,110.0,0.526492415240273,0.05030193904979685,won,1.1
2023_10_ATL_ARI,2023,10,spread,home,2.0,-110.0,0.5806115704863835,0.05680204667685962,won,0.9090909090909091
2023_10_ATL_ARI,2023,10,total_points,over,43.5,-112.0,0.6206014779662147,0.09229959117376185,won,0.8928571428571429
2023_10_CLE_BAL,2023,10,spread,home,-6.0,-108.0,0.6254328119721643,0.106202042741395,lost,-1.0
2023_10_CLE_BAL,2023,10,total_points,over,38.5,-112.0,0.6319703920750207,0.10366850528256788,won,0.8928571428571429
2023_10_DET_LAC,2023,10,moneyline,home,,120.0,0.6498368572213399,0.19529140267588535,lost,-1.0
2023_10_DET_LAC,2023,10,spread,home,2.5,-110.0,0.7069180901045851,0.18310856629506123,lost,-1.0
2023_10_GB_PIT,2023,10,total_points,over,38.5,-108.0,0.6577787730056414,0.13854800377487209,won,0.9259259259259259
2023_10_HOU_CIN,2023,10,moneyline,away,,205.0,0.39276694589596245,0.06489809343694608,won,2.05
2023_10_HOU_CIN,2023,10,total_points,under,46.0,-110.0,0.567749638440007,0.043940114630483196,lost,-1.0
2023_10_IND_NE,2023,10,moneyline,home,,-102.0,0.7118306245841809,0.20688012953467594,lost,-1.0
2023_10_IND_NE,2023,10,spread,home,1.0,-110.0,0.741713309862041,0.21790378605251715,lost,-1.0
2023_10_IND_NE,2023,10,total_points,over,42.0,-110.0,0.5953639803624174,0.07155445655289361,lost,-1.0
2023_10_NO_MIN,2023,10,moneyline,home,,130.0,0.5081465115367066,0.07336390284105448,won,1.3
2023_10_NO_MIN,2023,10,spread,home,3.0,-115.0,0.5901483270209515,0.05526460609071904,won,0.8695652173913043
2023_10_NO_MIN,2023,10,total_points,over,41.0,-108.0,0.6989095942182153,0.17967882498744603,won,0.9259259259259259
2023_10_NYG_DAL,2023,10,moneyline,away,,1100.0,0.26348150244036356,0.18014816910703024,lost,-1.0
2023_10_NYG_DAL,2023,10,spread,away,17.5,-108.0,0.7364577752053586,0.21722700597458933,lost,-1.0
2023_10_NYG_DAL,2023,10,total_points,over,38.5,-112.0,0.6537420168666895,0.1254401300742367,won,0.8928571428571429
2023_10_NYJ_LV,2023,10,moneyline,home,,-105.0,0.6269870950559178,0.11479197310469824,won,0.9523809523809523
2023_10_NYJ_LV,2023,10,spread,home,1.0,-112.0,0.6584991660570814,0.13019727926462854,won,0.8928571428571429
2023_10_NYJ_LV,2023,10,total_points,over,35.5,-108.0,0.7611462185476653,0.24191544931689601,lost,-1.0
2023_10_SF_JAX,2023,10,moneyline,home,,142.0,0.46062347253687,0.04740033204100225,lost,-1.0
2023_10_TEN_TB,2023,10,total_points,over,39.5,-110.0,0.7077750138365744,0.18396549002705054,lost,-1.0
2023_10_DEN_BUF,2023,10,moneyline,away,,310.0,0.3091888928968575,0.06528645387246729,won,3.1
2023_10_DEN_BUF,2023,10,total_points,under,47.5,-112.0,0.6901093493807855,0.16180746258833267,won,0.8928571428571429
2023_11_CIN_BAL,2023,11,spread,home,-4.0,-108.0,0.5748261976364875,0.055595428405718184,won,0.9259259259259259
2023_11_CIN_BAL,2023,11,total_points,under,46.5,-112.0,0.5803263666278028,0.05202447983534997,lost,-1.0
2023_11_ARI_HOU,2023,11,moneyline,away,,205.0,0.49152461451561946,0.1636557620566031,lost,-1.0
2023_11_ARI_HOU,2023,11,spread,away,5.5,-108.0,0.6428360761399835,0.12360530690921423,won,0.9259259259259259
2023_11_ARI_HOU,2023,11,total_points,under,48.0,-110.0,0.5811496794422822,0.057340155632758405,won,0.9090909090909091
2023_11_CHI_DET,2023,11,moneyline,away,,340.0,0.4450887478466931,0.21781602057396585,lost,-1.0
2023_11_CHI_DET,2023,11,spread,away,8.0,-110.0,0.6741834806541902,0.15037395684466637,won,0.9090909090909091
2023_11_CHI_DET,2023,11,total_points,under,48.0,-110.0,0.5862888864889262,0.06247936267940235,lost,-1.0
2023_11_DAL_CAR,2023,11,moneyline,home,,470.0,0.4217644186868385,0.24632582219561044,lost,-1.0
2023_11_DAL_CAR,2023,11,spread,home,11.0,-110.0,0.7246290652455427,0.20081954143601888,lost,-1.0
2023_11_DAL_CAR,2023,11,total_points,over,43.0,-112.0,0.6077064923851734,0.07940460559272056,push,0.0
2023_11_LAC_GB,2023,11,moneyline,home,,136.0,0.557024643955608,0.133295830396286,won,1.36
2023_11_LAC_GB,2023,11,spread,home,3.0,-110.0,0.6388680085353308,0.11505848472580693,won,0.9090909090909091
2023_11_LAC_GB,2023,11,total_points,over,44.0,-112.0,0.598542918202157,0.07024103140970417,lost,-1.0
2023_11_LV_MIA,2023,11,moneyline,away,,700.0,0.4679301064104228,0.3429301064104228,lost,-1.0
2023_11_LV_MIA,2023,11,spread,away,14.0,-110.0,0.8243477465798358,0.30053822277031195,won,0.9090909090909091
2023_11_LV_MIA,2023,11,total_points,over,44.5,-110.0,0.5979172132953715,0.07410768948584767,lost,-1.0
2023_11_MIN_DEN,2023,11,moneyline,away,,120.0,0.5615494756463091,0.10700402110085455,lost,-1.0
2023_11_MIN_DEN,2023,11,spread,away,2.5,-102.0,0.6280589708031623,0.12310847575365735,won,0.9803921568627451
2023_11_NYG_WAS,2023,11,moneyline,away,,310.0,0.4084587172557565,0.16455627823136626,won,3.1
2023_11_NYG_WAS,2023,11,spread,away,7.5,-110.0,0.6275772841838718,0.10376776037434798,won,0.9090909090909091
2023_11_NYG_WAS,2023,11,total_points,over,39.0,-110.0,0.5969629323555282,0.07315340854600438,won,0.9090909090909091
2023_11_NYJ_BUF,2023,11,total_points,over,39.5,-108.0,0.5708441671988533,0.05161339796808406,lost,-1.0
2023_11_PIT_CLE,2023,11,moneyline,away,,120.0,0.6217561489940855,0.16721069444863096,lost,-1.0
2023_11_PIT_CLE,2023,11,spread,away,2.5,-105.0,0.6848721018438729,0.1726769798926534,lost,-1.0
2023_11_PIT_CLE,2023,11,total_points,over,34.0,-112.0,0.7347418818865592,0.20643999509410638,lost,-1.0
2023_11_TB_SF,2023,11,moneyline,away,,625.0,0.45735898681158565,0.31942795232882704,lost,-1.0
2023_11_TB_SF,2023,11,spread,away,13.5,-110.0,0.7980722398636011,0.27426271605407726,won,0.9090909090909091
2023_11_TB_SF,2023,11,total_points,over,41.5,-112.0,0.6684117237661854,0.14010983697373258,lost,-1.0
2023_11_TEN_JAX,2023,11,moneyline,away,,235.0,0.5377441996277168,0.23923673694114966,lost,-1.0
2023_11_TEN_JAX,2023,11,spread,away,6.5,-105.0,0.7103662363109458,0.19817111435972623,lost,-1.0
2023_11_TEN_JAX,2023,11,total_points,over,40.0,-110.0,0.5931764964463263,0.06936697263680247,won,0.9090909090909091
2023_11_PHI_KC,2023,11,moneyline,home,,-148.0,0.6533376122366552,0.056563418688268086,lost,-1.0
2023_11_PHI_KC,2023,11,spread,home,-2.5,-120.0,0.5896105931381207,0.044156047683575284,lost,-1.0
2023_11_PHI_KC,2023,11,total_points,over,46.0,-112.0,0.6030824699305837,0.07478058313813085,lost,-1.0
2023_12_GB_DET,2023,12,moneyline,away,,330.0,0.5652673147259186,0.33270917519103493,won,3.3
2023_12_GB_DET,2023,12,spread,away,8.5,-105.0,0.7778396307422735,0.26564450879105395,won,0.9523809523809523
2023_12_SF_SEA,2023,12,moneyline,home,,280.0,0.619242202708441,0.3560843079715989,lost,-1.0
2023_12_SF_SEA,2023,12,spread,home,7.0,-108.0,0.7940614363860402,0.27483066715527094,lost,-1.0
2023_12_SF_SEA,2023,12,total_points,over,43.5,-105.0,0.5704113381750642,0.05821621622384465,won,0.9523809523809523
2023_12_WAS_DAL,2023,12,moneyline,away,,550.0,0.2874445268680399,0.13359837302188604,lost,-1.0
2023_12_WAS_DAL,2023,12,spread,away,13.0,-110.0,0.6444839064172391,0.12067438260771524,lost,-1.0
2023_12_WAS_DAL,2023,12,total_points,under,48.0,-112.0,0.5878041928975044,0.05950230610505158,lost,-1.0
2023_12_MIA_NYJ,2023,12,moneyline,home,,380.0,0.4743905613586265,0.2660572280252932,lost,-1.0
2023_12_MIA_NYJ,2023,12,spread,home,9.5,100.0,0.7251824773012293,0.2251824773012293,lost,-1.0
2023_12_MIA_NYJ,2023,12,total_points,over,40.0,-110.0,0.5908332583998382,0.06702373459031441,won,0.9090909090909091
2023_12_BAL_LAC,2023,12,moneyline,home,,142.0,0.4598274389155023,0.04660429841963454,lost,-1.0
2023_12_BAL_LAC,2023,12,total_points,under,49.0,-110.0,0.5972021351936272,0.07339261138410336,won,0.9090909090909091
2023_12_BUF_PHI,2023,12,spread,away,2.5,-105.0,0.548738312194611,0.03654319024339148,lost,-1.0
2023_12_BUF_PHI,2023,12,total_points,under,49.0,-108.0,0.5878981535463628,0.0686673843155935,lost,-1.0
2023_12_CAR_TEN,2023,12,total_points,over,36.0,-108.0,0.7484963946958457,0.22926562546507645,lost,-1.0
2023_12_CLE_DEN,2023,12,moneyline,home,,-125.0,0.6097760033111966,0.054220447755641055,won,0.8
2023_12_CLE_DEN,2023,12,spread,home,-1.5,-110.0,0.5632921876359284,0.03948266382640453,won,0.9090909090909091
2023_12_CLE_DEN,2023,12,total_points,over,37.5,-110.0,0.5821907027716143,0.058381178962090496,won,0.9090909090909091
2023_12_JAX_HOU,2023,12,moneyline,home,,-105.0,0.5647402563116566,0.05254513436043706,lost,-1.0
2023_12_JAX_HOU,2023,12,spread,home,1.0,-110.0,0.5966619215035023,0.07285239769397844,lost,-1.0
2023_12_JAX_HOU,2023,12,total_points,under,48.0,-108.0,0.6417194095578655,0.12248864032709628,won,0.9259259259259259
2023_12_KC_LV,2023,12,moneyline,home,,380.0,0.31994188764569503,0.11160855431236169,lost,-1.0
2023_12_KC_LV,2023,12,spread,home,9.0,-110.0,0.5604289074892436,0.03661938367971973,lost,-1.0
2023_12_KC_LV,2023,12,total_points,over,42.5,-108.0,0.7096721930702353,0.19044142383946605,won,0.9259259259259259
2023_12_NE_NYG,2023,12,spread,away,-4.5,-108.0,0.5991487848005029,0.07991801556973366,lost,-1.0
2023_12_NE_NYG,2023,12,total_points,over,36.5,-115.0,0.6597911498231177,0.1249074288928852,lost,-1.0
2023_12_NO_ATL,2023,12,total_points,over,42.0,-110.0,0.7148185647770533,0.19100904096752946,lost,-1.0
2023_12_PIT_CIN,2023,12,total_points,over,36.0,-112.0,0.6883215256118385,0.16001963881938563,lost,-1.0
2023_12_TB_IND,2023,12,moneyline,away,,130.0,0.47656248906120696,0.0417798803655548,lost,-1.0
2023_12_TB_IND,2023,12,total_points,over,45.0,-108.0,0.6017448103523746,0.08251404112160532,won,0.9259259259259259
2023_12_CHI_MIN,2023,12,spread,home,-3.0,-115.0,0.5964330126071261,0.0615492916768936,lost,-1.0
2023_13_SEA_DAL,2023,13,moneyline,away,,380.0,0.43263726038037814,0.2243039270470448,lost,-1.0
2023_13_SEA_DAL,2023,13,spread,away,9.5,-102.0,0.6884729214025054,0.18352242635300042,won,0.9803921568627451
2023_13_ARI_PIT,2023,13,moneyline,away,,230.0,0.3591656076546218,0.05613530462431876,won,2.3
2023_13_ARI_PIT,2023,13,total_points,over,41.0,-108.0,0.579014367054345,0.059783597823575674,lost,-1.0
2023_13_ATL_NYJ,2023,13,moneyline,away,,-125.0,0.5912010628328277,0.035645507277272115,won,0.8
2023_13_ATL_NYJ,2023,13,total_points,over,33.0,-110.0,0.8019342766447569,0.2781247528352331,lost,-1.0
2023_13_CAR_TB,2023,13,total_points,over,37.0,-110.0,0.7880756685443039,0.26426614473478005,won,0.9090909090909091
2023_13_CLE_LA,2023,13,spread,home,-3.5,-110.0,0.6069411961223825,0.08313167231285867,won,0.9090909090909091
2023_13_CLE_LA,2023,13,total_points,over,39.5,-110.0,0.6510952639675103,0.12728574015798644,won,0.9090909090909091
2023_13_DEN_HOU,2023,13,moneyline,away,,142.0,0.474974848692168,0.061751708196300215,lost,-1.0
2023_13_DEN_HOU,2023,13,total_points,under,47.5,-110.0,0.6911004645444094,0.1672909407348856,won,0.9090909090909091
2023_13_DET_NO,2023,13,moneyline,home,,164.0,0.690428462797417,0.3116405840095382,lost,-1.0
2023_13_DET_NO,2023,13,spread,home,4.0,-110.0,0.7873540669912347,0.26354454318171083,lost,-1.0
2023_13_DET_NO,2023,13,total_points,over,47.5,-112.0,0.5848780837986052,0.05657619700615235,won,0.8928571428571429
2023_13_IND_TEN,2023,13,moneyline,home,,102.0,0.5535682989902001,0.05851879403970506,lost,-1.0
2023_13_IND_TEN,2023,13,spread,home,1.5,-110.0,0.5954079398297505,0.07159841602022665,lost,-1.0
2023_13_IND_TEN,2023,13,total_points,over,42.0,-112.0,0.6000839201651624,0.07178203337270961,won,0.8928571428571429
2023_13_KC_GB,2023,13,moneyline,home,,215.0,0.42382448054134875,0.1063641630810313,won,2.15
2023_13_KC_GB,2023,13,spread,home,5.5,-102.0,0.5719502205960986,0.06699972554659361,won,0.9803921568627451
2023_13_KC_GB,2023,13,total_points,over,43.5,-115.0,0.6532540916668981,0.11837037073666556,won,0.8695652173913043
2023_13_LAC_NE,2023,13,moneyline,home,,185.0,0.6607855618489301,0.309908368866474,lost,-1.0
2023_13_LAC_NE,2023,13,spread,home,4.5,-110.0,0.770616289397614,0.24680676558809012,lost,-1.0
2023_13_LAC_NE,2023,13,total_points,over,38.5,-112.0,0.6747060537486693,0.1464041669562165,lost,-1.0
2023_13_MIA_WAS,2023,13,moneyline,home,,350.0,0.530311110220762,0.30808888799853984,lost,-1.0
2023_13_MIA_WAS,2023,13,spread,home,8.5,-108.0,0.7510915786156294,0.2318608093848601,lost,-1.0
2023_13_MIA_WAS,2023,13,total_points,under,50.0,-110.0,0.64500398925199,0.12119446544246615,lost,-1.0
2023_13_SF_PHI,2023,13,moneyline,home,,124.0,0.6000472552614718,0.1536186838329004,lost,-1.0
2023_13_SF_PHI,2023,13,spread,home,3.0,-115.0,0.6805347486687653,0.14565102773853278,lost,-1.0
2023_13_CIN_JAX,2023,13,moneyline,away,,410.0,0.5207193755758124,0.3246409442032634,won,4.1
2023_13_CIN_JAX,2023,13,spread,away,10.0,-105.0,0.785814957084534,0.27361983513331445,won,0.9523809523809523
2023_14_NE_PIT,2023,14,moneyline,away,,220.0,0.5525116822755872,0.24001168227558722,won,2.2
2023_14_NE_PIT,2023,14,spread,away,6.0,-118.0,0.7176953799462266,0.17641097627650182,won,0.847457627118644
2023_14_NE_PIT,2023,14,total_points,over,30.0,-115.0,0.8023976301016962,0.26751390917146367,won,0.8695652173913043
2023_14_BUF_KC,2023,14,moneyline,home,,-125.0,0.6242675985307161,0.06871204297516054,lost,-1.0
2023_14_BUF_KC,2023,14,spread,home,-2.0,-110.0,0.5709817884296774,0.04717226462015356,lost,-1.0
2023_14_CAR_NO,2023,14,total_points,over,39.0,-110.0,0.7566999885192455,0.23289046470972163,lost,-1.0
2023_14_DEN_LAC,2023,14,total_points,under,45.0,-110.0,0.5828562671684253,0.05904674335890148,won,0.9090909090909091
2023_14_DET_CHI,2023,14,moneyline,home,,142.0,0.5381671606156059,0.1249440201197381,won,1.42
2023_14_DET_CHI,2023,14,spread,home,3.0,100.0,0.6210956501564122,0.12109565015641222,won,1.0
2023_14_HOU_NYJ,2023,14,moneyline,home,,145.0,0.46557758608620803,0.05741432078008557,won,1.45
2023_14_HOU_NYJ,2023,14,spread,home,3.5,-112.0,0.5647439799675668,0.03644209317511393,won,0.8928571428571429
2023_14_HOU_NYJ,2023,14,total_points,over,33.5,-110.0,0.7198678032670041,0.19605827945748022,won,0.9090909090909091
2023_14_JAX_CLE,2023,14,total_points,over,37.5,-110.0,0.6564885162805661,0.1326789924710423,won,0.9090909090909091
2023_14_LA_BAL,2023,14,moneyline,away,,285.0,0.37584401543430024,0.11610375569404052,lost,-1.0
2023_14_LA_BAL,2023,14,spread,away,7.5,-115.0,0.5921772571082629,0.057293536178030346,won,0.8695652173913043
2023_14_LA_BAL,2023,14,total_points,over,42.0,-110.0,0.5760672861372158,0.05225776232769197,won,0.9090909090909091
2023_14_MIN_LV,2023,14,total_points,over,40.5,-112.0,0.6842120753897882,0.1559101885973354,lost,-1.0
2023_14_PHI_DAL,2023,14,total_points,under,52.5,-110.0,0.621252346440879,0.09744282263135517,won,0.9090909090909091
2023_14_SEA_SF,2023,14,moneyline,away,,650.0,0.5137099633644151,0.3803766300310818,lost,-1.0
2023_14_SEA_SF,2023,14,spread,away,14.5,-110.0,0.8583667831590776,0.3345572593495537,won,0.9090909090909091
2023_14_TB_ATL,2023,14,total_points,over,41.5,-110.0,0.6981246110703556,0.17431508726083178,won,0.9090909090909091
2023_14_GB_NYG,2023,14,moneyline,home,,215.0,0.376162449322151,0.05870213186183354,won,2.15
2023_14_GB_NYG,2023,14,total_points,over,37.5,-110.0,0.6808581389584588,0.15704861514893498,won,0.9090909090909091
2023_14_TEN_MIA,2023,14,moneyline,away,,625.0,0.5084163649902671,0.3704853305075085,won,6.25
2023_14_TEN_MIA,2023,14,spread,away,14.0,-110.0,0.8536267211752906,0.32981719736576676,won,0.9090909090909091
2023_15_LAC_LV,2023,15,moneyline,away,,136.0,0.5528812022855184,0.1291523887261964,lost,-1.0
2023_15_LAC_LV,2023,15,spread,away,3.0,-110.0,0.6381086926893093,0.11429916887978542,lost,-1.0
2023_15_LAC_LV,2023,15,total_points,over,36.0,-110.0,0.8038783382618774,0.28006881445235354,won,0.9090909090909091
2023_15_DEN_DET,2023,15,moneyline,away,,210.0,0.47237486907166665,0.14979422391037633,lost,-1.0
2023_15_DEN_DET,2023,15,spread,away,5.5,-108.0,0.6255728845376869,0.10634211530691762,lost,-1.0
2023_15_DEN_DET,2023,15,total_points,under,49.0,-108.0,0.6438194085247645,0.12458863929399522,lost,-1.0
2023_15_MIN_CIN,2023,15,moneyline,away,,145.0,0.5213928839994015,0.11322961869327908,lost,-1.0
2023_15_MIN_CIN,2023,15,spread,away,3.0,-105.0,0.6083045720469356,0.09610945009571603,push,0.0
2023_15_MIN_CIN,2023,15,total_points,over,41.5,-110.0,0.5754792669180685,0.05166974310854466,won,0.9090909090909091
2023_15_PIT_IND,2023,15,spread,away,1.5,-110.0,0.5692546579063736,0.045445134096849804,lost,-1.0
2023_15_PIT_IND,2023,15,total_points,over,41.5,-110.0,0.5707627588709044,0.046953235061380605,won,0.9090909090909091
2023_15_ATL_CAR,2023,15,moneyline,home,,130.0,0.5120263662056163,0.0772437575099641,won,1.3
2023_15_ATL_CAR,2023,15,spread,home,3.0,-118.0,0.5944356439973966,0.05315124032767182,won,0.847457627118644
2023_15_ATL_CAR,2023,15,total_points,over,32.0,-110.0,0.8661467261846332,0.34233720237510934,lost,-1.0
2023_15_CHI_CLE,2023,15,moneyline,away,,124.0,0.4978825538263427,0.05145398239777127,lost,-1.0
2023_15_CHI_CLE,2023,15,spread,away,3.0,-120.0,0.5857652277120535,0.04031068225750811,push,0.0
2023_15_CHI_CLE,2023,15,total_points,over,38.0,-110.0,0.6112641911226713,0.08745466731314744,lost,-1.0
2023_15_DAL_BUF,2023,15,total_points,under,49.5,-110.0,0.5993468584125238,0.07553733460299994,won,0.9090909090909091
2023_15_HOU_TEN,2023,15,total_points,over,38.0,-112.0,0.6570106662848524,0.12870877949239956,lost,-1.0
2023_15_KC_NE,2023,15,moneyline,home,,370.0,0.5258533669212015,0.31308740947439306,lost,-1.0
2023_15_KC_NE,2023,15,spread,home,10.0,-108.0,0.7837341851494547,0.2645034159186854,push,0.0
2023_15_KC_NE,2023,15,total_points,over,39.5,-110.0,0.6875108503802496,0.16370132657072578,won,0.9090909090909091
2023_15_NYG_NO,2023,15,spread,home,-6.0,-112.0,0.591235875292277,0.06293398849982412,won,0.8928571428571429
2023_15_NYG_NO,2023,15,total_points,over,39.5,-110.0,0.6881469482327749,0.16433742442325106,lost,-1.0
2023_15_NYJ_MIA,2023,15,moneyline,away,,275.0,0.3713891702334121,0.10472250356674545,lost,-1.0
2023_15_NYJ_MIA,2023,15,spread,away,7.5,-115.0,0.5895809616882638,0.054697240758031285,lost,-1.0
2023_15_NYJ_MIA,2023,15,total_points,over,36.0,-110.0,0.703402892089296,0.17959336827977213,lost,-1.0
2023_15_SF_ARI,2023,15,moneyline,home,,525.0,0.49460011880468346,0.33460011880468343,lost,-1.0
2023_15_SF_ARI,2023,15,spread,home,12.5,-110.0,0.80398692118696,0.2801773973774362,lost,-1.0
2023_15_TB_GB,2023,15,moneyline,away,,180.0,0.4103178653519951,0.05317500820913795,won,1.8
2023_15_TB_GB,2023,15,total_points,over,41.5,-110.0,0.6850876576936442,0.16127813388412038,won,0.9090909090909091
2023_15_WAS_LA,2023,15,total_points,under,48.5,-110.0,0.6027416723730025,0.07893214856347863,won,0.9090909090909091
2023_15_PHI_SEA,2023,15,moneyline,home,,195.0,0.5628314217117174,0.2238483708642598,won,1.95
2023_15_PHI_SEA,2023,15,spread,home,5.0,100.0,0.6974678409259802,0.19746784092598024,won,1.0
2023_16_NO_LA,2023,16,moneyline,away,,180.0,0.49612700237934354,0.1389841452364864,lost,-1.0
2023_16_NO_LA,2023,16,spread,away,4.0,100.0,0.6133155059747055,0.11331550597470552,lost,-1.0
2023_16_NO_LA,2023,16,total_points,over,45.5,-108.0,0.5877079378660214,0.0684771686352521,won,0.9259259259259259
2023_16_BUF_LAC,2023,16,moneyline,home,,550.0,0.4761671887041103,0.32232103485795643,lost,-1.0
2023_16_BUF_LAC,2023,16,spread,home,13.0,-115.0,0.8075819611090722,0.2726982401788397,won,0.8695652173913043
2023_16_CIN_PIT,2023,16,moneyline,home,,130.0,0.6120843665822925,0.17730175788664032,won,1.3
2023_16_CIN_PIT,2023,16,spread,home,3.0,-115.0,0.6936046635128549,0.15872094258262237,won,0.8695652173913043
2023_16_CIN_PIT,2023,16,total_points,over,39.5,-110.0,0.5865698346537349,0.06276031084421108,won,0.9090909090909091
2023_16_ARI_CHI,2023,16,moneyline,away,,180.0,0.48213218320223405,0.1249893260593769,lost,-1.0
2023_16_ARI_CHI,2023,16,spread,away,4.5,-110.0,0.6150556408698598,0.09124611706033592,lost,-1.0
2023_16_CLE_HOU,2023,16,moneyline,home,,136.0,0.5891469590944958,0.16541814553517376,lost,-1.0
2023_16_CLE_HOU,2023,16,spread,home,3.0,-110.0,0.671352989528325,0.14754346571880117,lost,-1.0
2023_16_CLE_HOU,2023,16,total_points,over,40.0,-110.0,0.6037348107551138,0.07992528694558998,won,0.9090909090909091
2023_16_DAL_MIA,2023,16,moneyline,away,,102.0,0.6049899459999932,0.10994044104949818,lost,-1.0
2023_16_DAL_MIA,2023,16,spread,away,1.5,-110.0,0.6483794254693669,0.12456990165984305,lost,-1.0
2023_16_DAL_MIA,2023,16,total_points,under,48.5,100.0,0.5463016575757634,0.04630165757576343,won,1.0
2023_16_DET_MIN,2023,16,moneyline,home,,124.0,0.6579714656752911,0.21154289424671963,lost,-1.0
2023_16_DET_MIN,2023,16,spread,home,2.5,105.0,0.7145958628070657,0.22679098475828519,lost,-1.0
2023_16_GB_CAR,2023,16,moneyline,home,,164.0,0.45328209725540125,0.07449421846752247,lost,-1.0
2023_16_GB_CAR,2023,16,total_points,over,39.5,-110.0,0.6905622540988696,0.16675273028934579,won,0.9090909090909091
2023_16_IND_ATL,2023,16,total_points,over,44.0,-115.0,0.6090356827742391,0.07415196184400663,lost,-1.0
2023_16_JAX_TB,2023,16,moneyline,home,,105.0,0.644086108186987,0.1562812301382065,won,1.05
2023_16_JAX_TB,2023,16,spread,home,2.0,-110.0,0.696095783533626,0.17228625972410216,won,0.9090909090909091
2023_16_JAX_TB,2023,16,total_points,over,43.0,-112.0,0.6019156305226856,0.07361374373023277,lost,-1.0
2023_16_NE_DEN,2023,16,moneyline,away,,270.0,0.6514778131568913,0.38120754288662106,won,2.7
2023_16_NE_DEN,2023,16,spread,away,7.0,-110.0,0.825833334861173,0.3020238110516492,won,0.9090909090909091
2023_16_SEA_TEN,2023,16,moneyline,home,,140.0,0.465645656047741,0.04897898938107431,lost,-1.0
2023_16_SEA_TEN,2023,16,total_points,over,42.0,-112.0,0.5876521860130584,0.05935029922060553,lost,-1.0
2023_16_WAS_NYJ,2023,16,moneyline,away,,140.0,0.5082038491783388,0.09153718251167214,lost,-1.0
2023_16_WAS_NYJ,2023,16,spread,away,3.0,-108.0,0.5963934536902897,0.07716268445952046,won,0.9259259259259259
2023_16_WAS_NYJ,2023,16,total_points,over,36.5,-110.0,0.6417749180001534,0.11796539419062957,won,0.9090909090909091
2023_16_BAL_SF,2023,16,moneyline,away,,275.0,0.5623369249149041,0.2956702582482374,won,2.75
2023_16_BAL_SF,2023,16,spread,away,6.5,-105.0,0.7301449854738759,0.21794986352265633,won,0.9523809523809523
2023_16_BAL_SF,2023,16,total_points,under,47.5,-112.0,0.5787182975763027,0.05041641078384984,lost,-1.0
2023_16_LV_KC,2023,16,moneyline,away,,440.0,0.24963178839598715,0.06444660321080198,won,4.4
2023_16_LV_KC,2023,16,spread,away,11.0,-102.0,0.5408809517121956,0.03593045666269068,won,0.9803921568627451
2023_16_LV_KC,2023,16,total_points,over,40.5,-110.0,0.7486348963528011,0.22482537254327728,lost,-1.0
2023_16_NYG_PHI,2023,16,moneyline,away,,600.0,0.2847624378393702,0.14190529498222737,lost,-1.0
2023_16_NYG_PHI,2023,16,spread,away,14.0,-112.0,0.6740227581780831,0.14572087138563028,won,0.8928571428571429
2023_16_NYG_PHI,2023,16,total_points,over,41.0,-112.0,0.6069242406999817,0.07862235390752892,won,0.8928571428571429
2023_17_NYJ_CLE,2023,17,moneyline,away,,270.0,0.4113560300177812,0.14108575974751092,lost,-1.0
2023_17_NYJ_CLE,2023,17,spread,away,6.5,-105.0,0.5945628185245887,0.08236769657336918,lost,-1.0
2023_17_NYJ_CLE,2023,17,total_points,over,33.5,-110.0,0.7234973799203605,0.19968785611083661,won,0.9090909090909091
2023_17_DET_DAL,2023,17,total_points,under,53.0,-110.0,0.6107596586338766,0.08695013482435276,won,0.9090909090909091
2023_17_ARI_PHI,2023,17,moneyline,away,,525.0,0.35852455857891874,0.19852455857891874,won,5.25
2023_17_ARI_PHI,2023,17,spread,away,12.0,-110.0,0.6895759738882495,0.1657664500787257,won,0.9090909090909091
2023_17_ATL_CHI,2023,17,moneyline,away,,130.0,0.509535687777479,0.07475307908182688,lost,-1.0
2023_17_ATL_CHI,2023,17,spread,away,3.0,-115.0,0.59660880534091,0.06172508441067748,lost,-1.0
2023_17_ATL_CHI,2023,17,total_points,over,39.0,-110.0,0.643983998701141,0.12017447489161714,won,0.9090909090909091
2023_17_CAR_JAX,2023,17,moneyline,away,,160.0,0.495950215343844,0.11133483072845934,lost,-1.0
2023_17_CAR_JAX,2023,17,spread,away,3.5,-110.0,0.5965575099139888,0.07274798610446498,lost,-1.0
2023_17_CAR_JAX,2023,17,total_points,over,38.0,-110.0,0.6743761397422231,0.15056661593269927,lost,-1.0
2023_17_GB_MIN,2023,17,total_points,over,42.5,-108.0,0.604024848374504,0.08479407914373471,won,0.9259259259259259
2023_17_LAC_DEN,2023,17,moneyline,away,,164.0,0.525267712056996,0.14647983326911718,lost,-1.0
2023_17_LAC_DEN,2023,17,spread,away,3.5,-108.0,0.625667157737752,0.10643638850698278,lost,-1.0
2023_17_LAC_DEN,2023,17,total_points,over,39.5,-110.0,0.5901331562313579,0.06632363242183403,lost,-1.0
2023_17_LA_NYG,2023,17,moneyline,home,,240.0,0.37771850669228685,0.08360085963346331,lost,-1.0
2023_17_LV_IND,2023,17,total_points,over,42.5,-115.0,0.6619998118046155,0.12711609087438303,won,0.8695652173913043
2023_17_MIA_BAL,2023,17,spread,home,-3.0,-120.0,0.6573627630515968,0.11190821759705138,won,0.8333333333333334
2023_17_MIA_BAL,2023,17,total_points,under,47.0,-108.0,0.5614173200822173,0.04218655085144807,lost,-1.0
2023_17_NE_BUF,2023,17,moneyline,away,,750.0,0.5027570262563762,0.38510996743284676,lost,-1.0
2023_17_NE_BUF,2023,17,spread,away,15.0,-110.0,0.8678126283834083,0.3440031045738845,won,0.9090909090909091
2023_17_NE_BUF,2023,17,total_points,over,40.0,-112.0,0.5848199464083791,0.056518059615926264,won,0.8928571428571429
2023_17_NO_TB,2023,17,moneyline,away,,124.0,0.5296612320812926,0.08323266065272111,won,1.24
2023_17_NO_TB,2023,17,spread,away,2.5,100.0,0.5954381450476484,0.09543814504764836,won,1.0
2023_17_NO_TB,2023,17,total_points,over,42.5,-108.0,0.711445670592441,0.19221490136167174,lost,-1.0
2023_17_PIT_SEA,2023,17,moneyline,away,,185.0,0.43038060484137786,0.07950341185892174,won,1.85
2023_17_PIT_SEA,2023,17,spread,away,4.5,-110.0,0.5644293942213605,0.04061987041183668,won,0.9090909090909091
2023_17_PIT_SEA,2023,17,total_points,over,40.5,-112.0,0.5820052607460919,0.05370337395363911,won,0.8928571428571429
2023_17_SF_WAS,2023,17,moneyline,home,,675.0,0.4382212666930971,0.30918900862858095,lost,-1.0
2023_17_SF_WAS,2023,17,spread,home,14.0,-105.0,0.8060964701689955,0.293901348217776,lost,-1.0
2023_17_SF_WAS,2023,17,total_points,under,49.0,-112.0,0.6145748857394774,0.08627299894702456,won,0.8928571428571429
2023_17_TEN_HOU,2023,17,moneyline,away,,190.0,0.5164555139480566,0.17162792774115998,lost,-1.0
2023_17_TEN_HOU,2023,17,spread,away,5.0,-105.0,0.6602895646716014,0.14809444272038186,lost,-1.0
2023_18_HOU_IND,2023,18,moneyline,home,,105.0,0.6019960975449934,0.11419121949621291,lost,-1.0
2023_18_HOU_IND,2023,18,spread,home,1.5,-110.0,0.64259351171366,0.11878398790413613,lost,-1.0
2023_18_HOU_IND,2023,18,total_points,under,47.5,-108.0,0.5612521284820257,0.042021359251256385,won,0.9259259259259259
2023_18_PIT_BAL,2023,18,moneyline,home,,130.0,0.6340611261517984,0.19927851745614628,lost,-1.0
2023_18_PIT_BAL,2023,18,spread,home,3.0,-115.0,0.7142653420742542,0.17938162114402167,lost,-1.0
2023_18_PIT_BAL,2023,18,total_points,over,34.0,-110.0,0.7288336945238568,0.205024170714333,lost,-1.0
2023_18_ATL_NO,2023,18,spread,home,-3.5,102.0,0.553146977922728,0.058097472972233,won,1.02
2023_18_ATL_NO,2023,18,total_points,over,41.5,-112.0,0.7058965666260005,0.1775946798335477,won,0.8928571428571429
2023_18_BUF_MIA,2023,18,total_points,under,47.5,-110.0,0.5616303230566765,0.03782079924715265,won,0.9090909090909091
2023_18_CHI_GB,2023,18,moneyline,home,,-148.0,0.6627761326377174,0.06600193908933027,won,0.6756756756756757
2023_18_CHI_GB,2023,18,spread,home,-2.5,-118.0,0.5983975771513934,0.057113173481668666,won,0.847457627118644
2023_18_CLE_CIN,2023,18,moneyline,away,,285.0,0.36394898579802804,0.10420872605776832,lost,-1.0
2023_18_CLE_CIN,2023,18,spread,away,7.5,-115.0,0.5806790831513453,0.0457953622211128,lost,-1.0
2023_18_CLE_CIN,2023,18,total_points,over,37.0,-108.0,0.6993299635887518,0.1800991943579825,won,0.9259259259259259
2023_18_DAL_WAS,2023,18,moneyline,home,,575.0,0.3611336772121573,0.21298552906400914,lost,-1.0
2023_18_DAL_WAS,2023,18,spread,home,13.0,-105.0,0.7153064696436114,0.20311134769239192,lost,-1.0
2023_18_DAL_WAS,2023,18,total_points,under,47.5,-110.0,0.5601352570241878,0.036325733214663924,lost,-1.0
2023_18_DEN_LV,2023,18,moneyline,away,,145.0,0.4509336998936836,0.042770434587561135,lost,-1.0
2023_18_DEN_LV,2023,18,total_points,over,37.5,-105.0,0.6554953715926054,0.14330024964138588,won,0.9523809523809523
2023_18_JAX_TEN,2023,18,moneyline,home,,154.0,0.6218375555351607,0.2281367681335859,won,1.54
2023_18_JAX_TEN,2023,18,spread,home,3.5,-118.0,0.7113903343883595,0.17010593071863478,won,0.847457627118644
2023_18_KC_LAC,2023,18,moneyline,away,,154.0,0.5978285728117384,0.20412778541016358,won,1.54
2023_18_KC_LAC,2023,18,spread,away,3.5,-115.0,0.6903145136842419,0.1554307927540094,won,0.8695652173913043
2023_18_KC_LAC,2023,18,total_points,over,35.0,-115.0,0.8381407088517916,0.3032569879215591,lost,-1.0
2023_18_LA_SF,2023,18,moneyline,away,,200.0,0.48097097127243205,0.14763763793909873,won,2.0
2023_18_LA_SF,2023,18,spread,away,5.5,-108.0,0.6322826498277103,0.11305188059694105,won,0.9259259259259259
2023_18_LA_SF,2023,18,total_points,over,40.0,-112.0,0.6823521518120067,0.15405026501955388,won,0.8928571428571429
2023_18_MIN_DET,2023,18,moneyline,away,,170.0,0.5574169746922909,0.18704660432192055,lost,-1.0
2023_18_MIN_DET,2023,18,spread,away,3.5,-102.0,0.6534994080153007,0.14854891296579575,lost,-1.0
2023_18_NYJ_NE,2023,18,moneyline,home,,-142.0,0.8170369222376306,0.2302600627334983,lost,-1.0
2023_18_NYJ_NE,2023,18,spread,home,-2.5,-108.0,0.7675367194281574,0.2483059501973881,lost,-1.0
2023_18_NYJ_NE,2023,18,total_points,over,28.5,-110.0,0.8236119878717684,0.29980246406224453,lost,-1.0
2023_18_TB_CAR,2023,18,moneyline,home,,200.0,0.4871913705768301,0.15385803724349678,lost,-1.0
2023_18_TB_CAR,2023,18,spread,home,5.0,-115.0,0.6267211585515298,0.09183743762129726,lost,-1.0
2023_18_TB_CAR,2023,18,total_points,over,36.5,-110.0,0.7856752149036533,0.2618656910941295,lost,-1.0
2024_01_ARI_BUF,2024,1,moneyline,away,,250.0,0.32100878443419484,0.03529449871990914,lost,-1.0
2024_01_CAR_NO,2024,1,spread,home,-3.5,-112.0,0.5956107866321263,0.06730889983967348,won,0.8928571428571429
2024_01_CAR_NO,2024,1,total_points,over,41.5,-108.0,0.6696118281636851,0.15038105893291587,won,0.9259259259259259
2024_01_DAL_CLE,2024,1,moneyline,away,,110.0,0.6542991840514544,0.1781087078609782,won,1.1
2024_01_DAL_CLE,2024,1,spread,away,2.5,-112.0,0.7144715814059436,0.18616969461349075,won,0.8928571428571429
2024_01_DAL_CLE,2024,1,total_points,over,42.0,-112.0,0.6045335699157683,0.07623168312331552,won,0.8928571428571429
2024_01_HOU_IND,2024,1,moneyline,home,,130.0,0.5999506964932407,0.16516808779758857,lost,-1.0
2024_01_HOU_IND,2024,1,spread,home,3.0,-112.0,0.6810450430019578,0.15274315620950496,won,0.8928571428571429
2024_01_HOU_IND,2024,1,total_points,under,49.0,-112.0,0.6032817842470223,0.07497989745456946,lost,-1.0
2024_01_JAX_MIA,2024,1,total_points,under,49.5,-112.0,0.6293153521959778,0.10101346540352496,won,0.8928571428571429
2024_01_LA_DET,2024,1,moneyline,away,,185.0,0.5569563182774421,0.20607912529498595,lost,-1.0
2024_01_LA_DET,2024,1,spread,away,5.0,-108.0,0.6947770024698148,0.1755462332390455,lost,-1.0
2024_01_LA_DET,2024,1,total_points,under,54.0,-112.0,0.6519076562775968,0.12360576948514401,won,0.8928571428571429
2024_01_LV_LAC,2024,1,total_points,over,41.0,-112.0,0.6839979542176299,0.15569606742517705,lost,-1.0
2024_01_MIN_NYG,2024,1,moneyline,away,,-115.0,0.6129954854076851,0.0781117644774526,won,0.8695652173913043
2024_01_MIN_NYG,2024,1,spread,away,-1.0,-108.0,0.585797900845803,0.06656713161503369,won,0.9259259259259259
2024_01_NE_CIN,2024,1,moneyline,away,,295.0,0.6089140935358904,0.3557495365738651,won,2.95
2024_01_NE_CIN,2024,1,spread,away,8.0,-110.0,0.8110408324908449,0.2872313086813211,won,0.9090909090909091
2024_01_NE_CIN,2024,1,total_points,over,40.5,-108.0,0.5638440340539899,0.04461326482322059,lost,-1.0
2024_01_PIT_ATL,2024,1,moneyline,away,,160.0,0.5225264572779843,0.13791107266259967,won,1.6
2024_01_PIT_ATL,2024,1,spread,away,4.0,-110.0,0.6417557897539847,0.11794626594446089,won,0.9090909090909091
2024_01_TEN_CHI,2024,1,moneyline,away,,164.0,0.5017321594911628,0.122944280703284,lost,-1.0
2024_01_TEN_CHI,2024,1,spread,away,4.0,-108.0,0.6233450774940433,0.10411430826327406,lost,-1.0
2024_01_WAS_TB,2024,1,total_points,over,42.0,-110.0,0.6240266474335289,0.10021712362400503,won,0.9090909090909091
2024_01_NYJ_SF,2024,1,spread,home,-3.5,-105.0,0.6159613549897439,0.10376623303852439,won,0.9523809523809523
2024_02_BUF_MIA,2024,2,moneyline,away,,114.0,0.6101790004848462,0.14288928085867797,won,1.14
2024_02_BUF_MIA,2024,2,spread,away,2.5,-110.0,0.673472330162053,0.14966280635252915,won,0.9090909090909091
2024_02_BUF_MIA,2024,2,total_points,under,48.5,-105.0,0.5925266747428695,0.08033155279164994,won,0.9523809523809523
2024_02_CHI_HOU,2024,2,moneyline,away,,210.0,0.4556148169952516,0.13303417183396127,lost,-1.0
2024_02_CHI_HOU,2024,2,spread,away,6.0,-108.0,0.6276893659897285,0.10845859675895919,push,0.0
2024_02_CHI_HOU,2024,2,total_points,under,45.5,-105.0,0.6082329973068001,0.09603787535558062,won,0.9523809523809523
2024_02_IND_GB,2024,2,moneyline,home,,120.0,0.6175467638986577,0.16300130935320317,won,1.2
2024_02_IND_GB,2024,2,spread,home,3.0,-118.0,0.6969753690956642,0.1556909654259394,won,0.847457627118644
2024_02_IND_GB,2024,2,total_points,over,41.5,-110.0,0.6591187312466305,0.13530920743710662,lost,-1.0
2024_02_LAC_CAR,2024,2,moneyline,home,,185.0,0.46805329091116094,0.11717609792870481,lost,-1.0
2024_02_LAC_CAR,2024,2,spread,home,5.0,-110.0,0.6091784779832586,0.0853689541737348,lost,-1.0
2024_02_LAC_CAR,2024,2,total_points,over,39.0,-108.0,0.6901868221630042,0.17095605293223493,lost,-1.0
2024_02_LV_BAL,2024,2,moneyline,away,,350.0,0.2812986101243479,0.059076387902125715,won,3.5
2024_02_LV_BAL,2024,2,total_points,over,41.0,-112.0,0.6391645970353635,0.11086271024291072,won,0.8928571428571429
2024_02_NO_DAL,2024,2,moneyline,away,,235.0,0.45354143431828464,0.1550339716317175,won,2.35
2024_02_NO_DAL,2024,2,spread,away,6.5,-112.0,0.6297784006433078,0.10147651385085499,won,0.8928571428571429
2024_02_NO_DAL,2024,2,total_points,over,47.0,-112.0,0.5639850762432745,0.03568318945082172,won,0.8928571428571429
2024_02_NYJ_TEN,2024,2,moneyline,home,,150.0,0.6827138754115922,0.2827138754115922,lost,-1.0
2024_02_NYJ_TEN,2024,2,spread,home,3.5,-108.0,0.7657607759652967,0.2465300067345274,lost,-1.0
2024_02_PIT_DEN,2024,2,total_points,over,36.5,-108.0,0.57548669864693,0.056255929416160755,lost,-1.0
2024_02_SEA_NE,2024,2,moneyline,home,,142.0,0.6200463010114918,0.20682316051562405,lost,-1.0
2024_02_SEA_NE,2024,2,spread,home,3.5,-118.0,0.7095070546952553,0.16822265102553058,won,0.847457627118644
2024_02_SEA_NE,2024,2,total_points,over,39.0,-110.0,0.6398852982584928,0.116075774448969,won,0.9090909090909091
2024_02_SF_MIN,2024,2,moneyline,home,,180.0,0.5768240778776886,0.21968122073483148,won,1.8
2024_02_SF_MIN,2024,2,spread,home,4.5,-108.0,0.6982258465464496,0.17899507731568032,won,0.9259259259259259
2024_02_TB_DET,2024,2,moneyline,away,,295.0,0.5211366342818238,0.26797207731979844,won,2.95
2024_02_TB_DET,2024,2,spread,away,7.5,-108.0,0.7215372614022706,0.20230649217150132,won,0.9259259259259259
2024_02_ATL_PHI,2024,2,moneyline,away,,215.0,0.38231735093097247,0.06485703347065502,won,2.15
2024_03_NE_NYJ,2024,3,moneyline,away,,230.0,0.7321503424894991,0.429120039459196,lost,-1.0
2024_03_NE_NYJ,2024,3,spread,away,6.5,-110.0,0.8613132920900377,0.33750376828051387,lost,-1.0
2024_03_CAR_LV,2024,3,moneyline,away,,200.0,0.4364714100131425,0.10313807667980918,won,2.0
2024_03_CAR_LV,2024,3,spread,away,5.5,-110.0,0.5892487353069354,0.06543921149741161,won,0.9090909090909091
2024_03_CAR_LV,2024,3,total_points,over,40.0,-112.0,0.6900564936380535,0.16175460684560072,won,0.8928571428571429
2024_03_CHI_IND,2024,3,moneyline,home,,-125.0,0.5930170507339865,0.03746149517843089,won,0.8
2024_03_DEN_TB,2024,3,moneyline,away,,200.0,0.3828110227689006,0.049477689435567296,won,2.0
2024_03_DEN_TB,2024,3,total_points,over,40.5,-112.0,0.5779795785490537,0.04967769175660086,lost,-1.0
2024_03_DET_ARI,2024,3,moneyline,home,,124.0,0.5693033707982897,0.12287479936971829,lost,-1.0
2024_03_DET_ARI,2024,3,spread,home,3.0,-118.0,0.6503500787720291,0.10906567510230436,lost,-1.0
2024_03_DET_ARI,2024,3,total_points,under,51.5,-112.0,0.5762458792001776,0.047943992407724734,won,0.8928571428571429
2024_03_GB_TEN,2024,3,moneyline,away,,136.0,0.5192423694076848,0.09551355584836274,won,1.36
2024_03_GB_TEN,2024,3,spread,away,3.0,-112.0,0.6058398410890053,0.07753795429655252,won,0.8928571428571429
2024_03_GB_TEN,2024,3,total_points,over,37.0,-112.0,0.7293807604735986,0.20107887368114574,won,0.8928571428571429
2024_03_HOU_MIN,2024,3,moneyline,home,,114.0,0.6633507596659518,0.19606104003978359,won,1.14
2024_03_HOU_MIN,2024,3,spread,home,2.0,-108.0,0.7148811489406103,0.195650379709841,won,0.9259259259259259
2024_03_HOU_MIN,2024,3,total_points,under,46.0,-108.0,0.5579083328751977,0.038677563644428425,won,0.9259259259259259
2024_03_KC_ATL,2024,3,total_points,over,46.0,-112.0,0.5896169690797607,0.061315082287307865,lost,-1.0
2024_03_LAC_PIT,2024,3,total_points,over,36.0,-105.0,0.7055209052124001,0.19332578326118055,lost,-1.0
2024_03_MIA_SEA,2024,3,spread,home,-4.0,-110.0,0.5717717321773289,0.04796220836780507,won,0.9090909090909091
2024_03_MIA_SEA,2024,3,total_points,over,41.5,-110.0,0.6309719256736678,0.10716240186414394,lost,-1.0
2024_03_NYG_CLE,2024,3,moneyline,away,,220.0,0.4400701526007865,0.12757015260078652,won,2.2
2024_03_NYG_CLE,2024,3,spread,away,6.5,-112.0,0.6219148087031465,0.0936129219106937,won,0.8928571428571429
2024_03_NYG_CLE,2024,3,total_points,over,38.0,-112.0,0.6303331379626859,0.10203125117023304,lost,-1.0
2024_03_SF_LA,2024,3,moneyline,home,,210.0,0.5700930561887452,0.24751241102745486,won,2.1
2024_03_SF_LA,2024,3,spread,home,6.0,-112.0,0.7265719994942339,0.19827011270178108,won,0.8928571428571429
2024_03_JAX_BUF,2024,3,spread,home,-4.0,-112.0,0.6237038562192555,0.09540196942680268,won,0.8928571428571429
2024_03_JAX_BUF,2024,3,total_points,under,46.5,-110.0,0.5862062556797597,0.062396731870235866,lost,-1.0
2024_03_WAS_CIN,2024,3,moneyline,away,,280.0,0.36807803578422343,0.10492014104738134,won,2.8
2024_03_WAS_CIN,2024,3,spread,away,7.5,-115.0,0.5852839770825797,0.05040025615234722,won,0.8695652173913043
2024_04_BUF_BAL,2024,4,total_points,under,46.5,-110.0,0.5652822370708448,0.04147271326132096,won,0.9090909090909091
2024_04_CIN_CAR,2024,4,moneyline,home,,170.0,0.5077698772042843,0.137399506833914,lost,-1.0
2024_04_CIN_CAR,2024,4,spread,home,4.5,-108.0,0.635405407352086,0.11617463812131668,lost,-1.0
2024_04_CIN_CAR,2024,4,total_points,under,47.0,-108.0,0.5652608067067717,0.04603003747600243,lost,-1.0
2024_04_CLE_LV,2024,4,moneyline,home,,114.0,0.606499783906147,0.13921006427997878,won,1.14
2024_04_CLE_LV,2024,4,spread,home,2.5,-105.0,0.6666341400793818,0.1544390181281623,won,0.9523809523809523
2024_04_CLE_LV,2024,4,total_points,over,36.5,-112.0,0.7609206603112075,0.2326187735187547,lost,-1.0
2024_04_DEN_NYJ,2024,4,moneyline,away,,330.0,0.5460728731253234,0.3135147335904397,won,3.3
2024_04_DEN_NYJ,2024,4,spread,away,7.5,-108.0,0.7539672014440124,0.23473643221324314,won,0.9259259259259259
2024_04_JAX_HOU,2024,4,moneyline,away,,195.0,0.4283571768608339,0.0893741260133763,lost,-1.0
2024_04_JAX_HOU,2024,4,spread,away,5.5,-108.0,0.5835259568083154,0.06429518757754615,won,0.9259259259259259
2024_04_KC_LAC,2024,4,moneyline,home,,275.0,0.40840105203861093,0.14173438537194427,lost,-1.0
2024_04_KC_LAC,2024,4,spread,home,7.5,-112.0,0.617680450844748,0.08937856405229516,won,0.8928571428571429
2024_04_KC_LAC,2024,4,total_points,over,41.5,-112.0,0.6736643936804365,0.1453625068879837,lost,-1.0
2024_04_LA_CHI,2024,4,moneyline,away,,136.0,0.5576583480703992,0.13392953451107714,lost,-1.0
2024_04_LA_CHI,2024,4,spread,away,3.0,-112.0,0.6445098362484941,0.11620794945604129,lost,-1.0
2024_04_LA_CHI,2024,4,total_points,over,40.0,-115.0,0.5977442115322865,0.06286049060205401,won,0.8695652173913043
2024_04_NE_SF,2024,4,moneyline,away,,410.0,0.5675618958140302,0.37148346444148117,lost,-1.0
2024_04_NE_SF,2024,4,spread,away,10.5,-112.0,0.8233673906597359,0.29506550386728303,lost,-1.0
2024_04_NO_ATL,2024,4,moneyline,away,,120.0,0.5737326988058816,0.1191872442604271,lost,-1.0
2024_04_NO_ATL,2024,4,spread,away,2.5,-105.0,0.6380711782241226,0.1258760562729031,won,0.9523809523809523
2024_04_NO_ATL,2024,4,total_points,over,41.5,-108.0,0.7076544380859509,0.18842366885518158,won,0.9259259259259259
2024_04_PHI_TB,2024,4,total_points,over,42.0,-112.0,0.6873683255768975,0.1590664387844447,won,0.8928571428571429
2024_04_PIT_IND,2024,4,total_points,over,40.0,-110.0,0.6077790496020005,0.08396952579247663,won,0.9090909090909091
2024_04_WAS_ARI,2024,4,total_points,under,49.0,-112.0,0.5941218789268178,0.06581999213436496,lost,-1.0
2024_04_SEA_DET,2024,4,moneyline,away,,154.0,0.5785563574614138,0.18485557005983894,lost,-1.0
2024_04_SEA_DET,2024,4,spread,away,3.5,-108.0,0.672895457178663,0.15366468794789367,lost,-1.0
2024_04_TEN_MIA,2024,4,moneyline,away,,114.0,0.5033768348179899,0.03608711519182167,won,1.14
2024_04_TEN_MIA,2024,4,spread,away,2.5,-108.0,0.5708381710707467,0.051607401839977474,won,0.9259259259259259
2024_04_TEN_MIA,2024,4,total_points,over,37.0,-110.0,0.718761662420774,0.19495213861125016,won,0.9090909090909091
2024_05_TB_ATL,2024,5,spread,away,2.5,-102.0,0.55232982593775,0.047379330888245086,lost,-1.0
2024_05_TB_ATL,2024,5,total_points,over,44.0,-110.0,0.627374486187921,0.10356496237839719,won,0.9090909090909091
2024_05_ARI_SF,2024,5,moneyline,away,,260.0,0.39061793256777594,0.11284015478999815,won,2.6
2024_05_ARI_SF,2024,5,spread,away,7.0,-105.0,0.5902765044290158,0.07808138247779628,won,0.9523809523809523
2024_05_BAL_CIN,2024,5,total_points,under,48.5,-112.0,0.6244952815256711,0.09619339473321831,lost,-1.0
2024_05_BUF_HOU,2024,5,moneyline,away,,-102.0,0.622030911554501,0.11708041650499601,lost,-1.0
2024_05_BUF_HOU,2024,5,spread,away,1.0,-108.0,0.6573275329153111,0.13809676368454182,lost,-1.0
2024_05_BUF_HOU,2024,5,total_points,under,48.0,-110.0,0.62435527455144,0.10054575074191618,won,0.9090909090909091
2024_05_CAR_CHI,2024,5,moneyline,away,,164.0,0.4517272199467216,0.07293934115884282,lost,-1.0
2024_05_CAR_CHI,2024,5,spread,away,4.0,-108.0,0.5726834573473302,0.0534526881165609,lost,-1.0
2024_05_CAR_CHI,2024,5,total_points,over,40.0,-112.0,0.575540538716219,0.047238651923766195,won,0.8928571428571429
2024_05_DAL_PIT,2024,5,spread,away,2.5,-108.0,0.5574385439303743,0.03820777469960501,won,0.9259259259259259
2024_05_GB_LA,2024,5,moneyline,home,,130.0,0.5352689425053764,0.10048633380972422,lost,-1.0
2024_05_GB_LA,2024,5,spread,home,3.0,-108.0,0.6176449157228913,0.09841414649212199,lost,-1.0
2024_05_GB_LA,2024,5,total_points,under,49.5,-112.0,0.5660807262628779,0.03777883947042504,won,0.8928571428571429
2024_05_IND_JAX,2024,5,moneyline,away,,154.0,0.5265683658753344,0.13286757847375957,lost,-1.0
2024_05_IND_JAX,2024,5,spread,away,3.5,-110.0,0.6256580069637353,0.10184848315421147,won,0.9090909090909091
2024_05_LV_DEN,2024,5,total_points,over,36.0,-112.0,0.6964217189946533,0.1681198322022005,won,0.8928571428571429
2024_05_MIA_NE,2024,5,moneyline,home,,110.0,0.7415689650296778,0.2653784888392017,lost,-1.0
2024_05_MIA_NE,2024,5,spread,home,2.0,-108.0,0.7876929698674983,0.268462200636729,lost,-1.0
2024_05_MIA_NE,2024,5,total_points,over,37.0,-112.0,0.6892647201502599,0.16096283335780703,lost,-1.0
2024_05_NYJ_MIN,2024,5,moneyline,home,,-142.0,0.7354859625871252,0.1487091030829929,won,0.704225352112676
2024_05_NYJ_MIN,2024,5,spread,home,-2.5,-115.0,0.6762847075910403,0.1414009866608078,won,0.8695652173913043
2024_05_NO_KC,2024,5,moneyline,away,,190.0,0.39139979687591786,0.046572210669021286,lost,-1.0
2024_05_NO_KC,2024,5,total_points,over,43.0,-110.0,0.705566672197573,0.18175714838804913,lost,-1.0
2024_06_SF_SEA,2024,6,moneyline,home,,164.0,0.5958633054597818,0.21707542667190305,lost,-1.0
2024_06_SF_SEA,2024,6,spread,home,3.5,-102.0,0.6864799846651871,0.18152948961568216,lost,-1.0
2024_06_SF_SEA,2024,6,total_points,under,49.0,-110.0,0.5762674275553329,0.052457903745809054,lost,-1.0
2024_06_ATL_CAR,2024,6,moneyline,home,,210.0,0.5028286184021831,0.18024797324089276,lost,-1.0
2024_06_ATL_CAR,2024,6,spread,home,6.0,-108.0,0.6658407478921805,0.14660997866141123,lost,-1.0
2024_06_CIN_NYG,2024,6,moneyline,home,,190.0,0.4496885726689503,0.10486098646205372,lost,-1.0
2024_06_CIN_NYG,2024,6,spread,home,4.5,-108.0,0.5805697024172018,0.061338933186432576,lost,-1.0
2024_06_CIN_NYG,2024,6,total_points,under,46.0,-102.0,0.5838828770002822,0.07893238195077723,won,0.9803921568627451
2024_06_CLE_PHI,2024,6,moneyline,away,,330.0,0.2983970928786766,0.06583895334379289,lost,-1.0
2024_06_CLE_PHI,2024,6,total_points,over,42.0,-110.0,0.6174115062006905,0.09360198239116668,lost,-1.0
2024_06_DET_DAL,2024,6,moneyline,home,,150.0,0.6861531417036114,0.2861531417036114,lost,-1.0
2024_06_DET_DAL,2024,6,spread,home,3.5,-115.0,0.7658423731724162,0.2309586522421837,lost,-1.0
2024_06_DET_DAL,2024,6,total_points,under,52.5,-110.0,0.5987196864676971,0.0749101626581733,lost,-1.0
2024_06_HOU_NE,2024,6,moneyline,home,,215.0,0.7401692891050794,0.42270897164476195,lost,-1.0
2024_06_HOU_NE,2024,6,spread,home,6.5,-112.0,0.8638355774287727,0.3355336906363199,lost,-1.0
2024_06_HOU_NE,2024,6,total_points,over,38.5,-108.0,0.5987878830491387,0.07955711381836938,won,0.9259259259259259
2024_06_IND_TEN,2024,6,total_points,over,42.0,-108.0,0.5993851202728749,0.08015435104210566,lost,-1.0
2024_06_JAX_CHI,2024,6,moneyline,home,,100.0,0.5862004261715896,0.08620042617158963,won,1.0
2024_06_JAX_CHI,2024,6,spread,home,1.5,-112.0,0.6282522648405009,0.09995037804804807,won,0.8928571428571429
2024_06_JAX_CHI,2024,6,total_points,under,44.5,-108.0,0.5923182523116217,0.07308748308085244,lost,-1.0
2024_06_LAC_DEN,2024,6,moneyline,home,,130.0,0.4796419159874563,0.04485930729180415,lost,-1.0
2024_06_LAC_DEN,2024,6,total_points,over,37.0,-112.0,0.6286926391766999,0.1003907523842471,won,0.8928571428571429
2024_06_PIT_LV,2024,6,moneyline,home,,150.0,0.4402757586113215,0.04027575861132149,lost,-1.0
2024_06_PIT_LV,2024,6,total_points,over,36.5,-112.0,0.7154238478936008,0.18712196110114798,won,0.8928571428571429
2024_06_TB_NO,2024,6,moneyline,home,,145.0,0.6311438163087838,0.22298055100266134,lost,-1.0
2024_06_TB_NO,2024,6,spread,home,3.5,-112.0,0.7169419769977614,0.18864009020530859,lost,-1.0
2024_06_TB_NO,2024,6,total_points,over,42.5,-110.0,0.704553399105918,0.18074387529639413,won,0.9090909090909091
2024_06_WAS_BAL,2024,6,spread,home,-6.5,-112.0,0.5934722741083167,0.06517038731586389,won,0.8928571428571429
2024_06_WAS_BAL,2024,6,total_points,under,51.5,-110.0,0.702045346155372,0.17823582234584812,lost,-1.0
2024_06_BUF_NYJ,2024,6,moneyline,away,,-122.0,0.6893333203735086,0.13978377082395899,won,0.819672131147541
2024_06_BUF_NYJ,2024,6,spread,away,-1.0,-112.0,0.6655267498767458,0.13722486308429294,won,0.8928571428571429
2024_07_DEN_NO,2024,7,moneyline,home,,124.0,0.6864217541896362,0.2399931827610648,lost,-1.0
2024_07_DEN_NO,2024,7,spread,home,2.5,-102.0,0.7412468939833747,0.23629639893386978,lost,-1.0
2024_07_DEN_NO,2024,7,total_points,over,37.0,-110.0,0.7020378922313951,0.17822836842187129,won,0.9090909090909091
2024_07_CAR_WAS,2024,7,moneyline,away,,400.0,0.4753075924022995,0.27530759240229946,lost,-1.0
2024_07_CAR_WAS,2024,7,spread,away,10.0,100.0,0.7483271850038884,0.2483271850038884,lost,-1.0
2024_07_CAR_WAS,2024,7,total_points,under,51.0,-110.0,0.6747124260747097,0.15090290226518588,won,0.9090909090909091
2024_07_CIN_CLE,2024,7,moneyline,home,,190.0,0.4498008565455075,0.10497327033861092,lost,-1.0
2024_07_CIN_CLE,2024,7,spread,home,5.5,-110.0,0.6004267690235149,0.07661724521399105,lost,-1.0
2024_07_CIN_CLE,2024,7,total_points,over,42.0,-108.0,0.5613024557932931,0.0420716865625238,lost,-1.0
2024_07_DET_MIN,2024,7,moneyline,home,,-118.0,0.6437016772269546,0.10241727355722985,lost,-1.0
2024_07_DET_MIN,2024,7,spread,home,-1.0,-112.0,0.6154294986453681,0.08712761185291529,lost,-1.0
2024_07_DET_MIN,2024,7,total_points,under,50.5,-112.0,0.5800526992786972,0.05175081248624436,lost,-1.0
2024_07_HOU_GB,2024,7,spread,home,-3.0,-120.0,0.5905484991790051,0.04509395372445968,lost,-1.0
2024_07_HOU_GB,2024,7,total_points,under,48.0,-108.0,0.5806864109196177,0.06145564168884843,won,0.9259259259259259
2024_07_KC_SF,2024,7,moneyline,away,,120.0,0.595452623969395,0.1409071694239405,won,1.2
2024_07_KC_SF,2024,7,spread,away,2.5,-105.0,0.6590254639548759,0.1468303420036564,won,0.9523809523809523
2024_07_LV_LA,2024,7,moneyline,away,,280.0,0.3579343699644408,0.09477647522759869,lost,-1.0
2024_07_LV_LA,2024,7,spread,away,7.0,-105.0,0.554528603702711,0.04233348175149143,won,0.9523809523809523
2024_07_LV_LA,2024,7,total_points,over,43.0,-115.0,0.6325816141934787,0.09769789326324618,lost,-1.0
2024_07_MIA_IND,2024,7,total_points,over,44.0,-112.0,0.5765988206144684,0.04829693382201561,lost,-1.0
2024_07_NE_JAX,2024,7,moneyline,away,,240.0,0.6721039239500542,0.3779862768912307,lost,-1.0
2024_07_NE_JAX,2024,7,spread,away,6.5,-105.0,0.8181131492970625,0.30591802734584295,lost,-1.0
2024_07_NYJ_PIT,2024,7,moneyline,home,,140.0,0.742121525970041,0.3254548593033743,won,1.4
2024_07_NYJ_PIT,2024,7,spread,home,3.0,-112.0,0.812112296944937,0.2838104101524842,won,0.8928571428571429
2024_07_PHI_NYG,2024,7,total_points,over,42.0,-110.0,0.5765281005217908,0.052718576712266985,lost,-1.0
2024_07_SEA_ATL,2024,7,moneyline,away,,136.0,0.5336253743079977,0.10989656074867571,won,1.36
2024_07_SEA_ATL,2024,7,spread,away,3.0,-115.0,0.6192578434034062,0.08437412247317366,won,0.8695652173913043
2024_07_SEA_ATL,2024,7,total_points,under,51.5,-110.0,0.6150793211111689,0.09126979730164508,won,0.9090909090909091
2024_07_TEN_BUF,2024,7,moneyline,away,,400.0,0.33959030046107097,0.13959030046107096,lost,-1.0
2024_07_TEN_BUF,2024,7,spread,away,9.5,-110.0,0.601419853184449,0.07761032937492518,lost,-1.0
2024_07_TEN_BUF,2024,7,total_points,over,41.0,-112.0,0.5762170864960957,0.047915199703642886,won,0.8928571428571429
2024_07_BAL_TB,2024,7,moneyline,home,,185.0,0.43214495679056575,0.08126776380810963,lost,-1.0
2024_07_BAL_TB,2024,7,spread,home,4.5,-110.0,0.5604805047264911,0.0366709809169673,lost,-1.0
2024_07_BAL_TB,2024,7,total_points,under,51.0,-110.0,0.6163413991066502,0.09253187529712636,lost,-1.0
2024_07_LAC_ARI,2024,7,total_points,over,44.0,-112.0,0.5707526825048138,0.04245079571236099,lost,-1.0
2024_08_MIN_LA,2024,8,moneyline,home,,130.0,0.5345953598253,0.09981275112964788,won,1.3
2024_08_MIN_LA,2024,8,spread,home,3.0,-115.0,0.6174507527823865,0.08256703185215397,won,0.8695652173913043
2024_08_ARI_MIA,2024,8,moneyline,away,,164.0,0.48238122969815844,0.10359335091027966,won,1.64
2024_08_ARI_MIA,2024,8,spread,away,4.0,-108.0,0.6010163182780355,0.0817855490472662,won,0.9259259259259259
2024_08_ATL_TB,2024,8,moneyline,home,,102.0,0.5800573621596009,0.08500785720910586,lost,-1.0
2024_08_ATL_TB,2024,8,spread,home,1.5,-110.0,0.6205336254169238,0.09672410160739997,lost,-1.0
2024_08_BAL_CLE,2024,8,moneyline,home,,300.0,0.3051700365806708,0.05517003658067082,won,3.0
2024_08_BUF_SEA,2024,8,moneyline,home,,142.0,0.5152430308738929,0.10201989037802511,lost,-1.0
2024_08_BUF_SEA,2024,8,spread,home,3.0,100.0,0.5982728682334143,0.0982728682334143,lost,-1.0
2024_08_CAR_DEN,2024,8,moneyline,away,,525.0,0.4202063712638029,0.26020637126380286,lost,-1.0
2024_08_CAR_DEN,2024,8,spread,away,13.0,-110.0,0.7752209651283692,0.2514114413188454,lost,-1.0
2024_08_CHI_WAS,2024,8,total_points,under,46.5,-108.0,0.6196182299254729,0.10038746069470361,won,0.9259259259259259
2024_08_DAL_SF,2024,8,moneyline,away,,195.0,0.5178862095155075,0.17890315866804984,lost,-1.0
2024_08_DAL_SF,2024,8,spread,away,5.5,-105.0,0.6663814256129165,0.15418630366169694,lost,-1.0
2024_08_GB_JAX,2024,8,total_points,under,49.0,-112.0,0.6081453536412209,0.07984346684876809,lost,-1.0
2024_08_IND_HOU,2024,8,moneyline,away,,185.0,0.5013305747239541,0.15045338174149803,lost,-1.0
2024_08_IND_HOU,2024,8,spread,away,5.0,-112.0,0.6450477503766979,0.1167458635842451,won,0.8928571428571429
2024_08_KC_LV,2024,8,moneyline,home,,340.0,0.3270740516791943,0.09980132440646702,lost,-1.0
2024_08_KC_LV,2024,8,spread,home,9.0,-108.0,0.5693072867657374,0.05007651753496811,won,0.9259259259259259
2024_08_KC_LV,2024,8,total_points,over,42.0,-112.0,0.6909507420989071,0.16264885530645423,won,0.8928571428571429
2024_08_NO_LAC,2024,8,moneyline,away,,250.0,0.5198575791616541,0.2341432934473684,lost,-1.0
2024_08_NO_LAC,2024,8,spread,away,7.0,-110.0,0.7131599477971753,0.18935042398765145,lost,-1.0
2024_08_NO_LAC,2024,8,total_points,over,41.5,-112.0,0.6787423483959988,0.15044046160354596,lost,-1.0
2024_08_NYJ_NE,2024,8,moneyline,home,,245.0,0.7954553399376473,0.5056002674738791,won,2.45
2024_08_NYJ_NE,2024,8,spread,home,7.0,-110.0,0.915338295707598,0.3915287718980741,won,0.9090909090909091
2024_08_PHI_CIN,2024,8,moneyline,away,,124.0,0.518798324902229,0.07236975347365754,won,1.24
2024_08_PHI_CIN,2024,8,spread,away,2.5,100.0,0.5856289625717632,0.08562896257176322,won,1.0
2024_08_TEN_DET,2024,8,moneyline,away,,550.0,0.4785722690147474,0.32472611516859357,lost,-1.0
2024_08_TEN_DET,2024,8,spread,away,12.5,-105.0,0.7945288714204229,0.2823337494692034,lost,-1.0
2024_08_NYG_PIT,2024,8,total_points,over,37.5,-110.0,0.5782568498050363,0.0544473259955125,won,0.9090909090909091
2024_09_HOU_NYJ,2024,9,moneyline,away,,124.0,0.5310602120241856,0.08463164059561418,lost,-1.0
2024_09_HOU_NYJ,2024,9,spread,away,2.5,100.0,0.5986889901554008,0.09868899015540078,lost,-1.0
2024_09_HOU_NYJ,2024,9,total_points,under,43.5,-105.0,0.560863904120317,0.048668782169097424,won,0.9523809523809523
2024_09_DAL_ATL,2024,9,moneyline,away,,140.0,0.5546296161584543,0.1379629494917876,lost,-1.0
2024_09_DAL_ATL,2024,9,spread,away,3.0,-105.0,0.639666629467129,0.12747150751590952,lost,-1.0
2024_09_DAL_ATL,2024,9,total_points,under,52.0,-112.0,0.6134578546608009,0.08515596786834811,won,0.8928571428571429
2024_09_DEN_BAL,2024,9,moneyline,away,,330.0,0.28223046377638167,0.04967232424149795,lost,-1.0
2024_09_DEN_BAL,2024,9,total_points,under,46.5,-110.0,0.6541364401675008,0.130326916357977,lost,-1.0
2024_09_DET_GB,2024,9,moneyline,home,,130.0,0.6395038209087843,0.20472121221313216,lost,-1.0
2024_09_DET_GB,2024,9,spread,home,2.5,100.0,0.697159350374644,0.19715935037464405,lost,-1.0
2024_09_IND_MIN,2024,9,moneyline,away,,240.0,0.3845660018893912,0.09044835483056768,lost,-1.0
2024_09_IND_MIN,2024,9,spread,away,6.5,-110.0,0.5639259357867838,0.040116411977260014,lost,-1.0
2024_09_JAX_PHI,2024,9,moneyline,away,,270.0,0.31107234999333966,0.04080207972306937,lost,-1.0
2024_09_LA_SEA,2024,9,moneyline,home,,105.0,0.5718049779093012,0.0840000998605207,lost,-1.0
2024_09_LA_SEA,2024,9,spread,home,1.5,-108.0,0.6130386539988038,0.09380788476803448,lost,-1.0
2024_09_LV_CIN,2024,9,moneyline,away,,320.0,0.40838051285905064,0.17028527476381256,lost,-1.0
2024_09_LV_CIN,2024,9,spread,away,8.0,-110.0,0.6376701204572433,0.11386059664771941,lost,-1.0
2024_09_MIA_BUF,2024,9,total_points,under,49.0,-108.0,0.6156895710257645,0.09645880179499522,lost,-1.0
2024_09_NE_TEN,2024,9,moneyline,away,,136.0,0.6008520645289457,0.17712325096962367,lost,-1.0
2024_09_NE_TEN,2024,9,spread,away,3.0,-105.0,0.6863986238179158,0.1742035018666963,push,0.0
2024_09_NE_TEN,2024,9,total_points,over,38.5,-110.0,0.6079062459496707,0.08409672214014685,lost,-1.0
2024_09_NO_CAR,2024,9,moneyline,home,,275.0,0.3879363713592354,0.12126970469256876,won,2.75
2024_09_NO_CAR,2024,9,spread,home,7.0,-102.0,0.5826875798795341,0.07773708483002917,won,0.9803921568627451
2024_09_NO_CAR,2024,9,total_points,over,43.5,-112.0,0.6292121565364939,0.10091026974404105,won,0.8928571428571429
2024_09_WAS_NYG,2024,9,moneyline,home,,180.0,0.511641282955687,0.15449842581282985,lost,-1.0
2024_09_WAS_NYG,2024,9,spread,home,4.5,-112.0,0.6405566352700397,0.11225474847758687,lost,-1.0
2024_09_WAS_NYG,2024,9,total_points,under,44.5,-110.0,0.5630365259643473,0.03922700215482344,lost,-1.0
2024_09_TB_KC,2024,9,moneyline,away,,330.0,0.3094101395067067,0.07685199997182299,lost,-1.0
2024_09_TB_KC,2024,9,total_points,over,45.5,-112.0,0.6181303941802844,0.08982850738783155,won,0.8928571428571429
2024_10_CIN_BAL,2024,10,total_points,under,53.0,-108.0,0.721569256789469,0.20233848755869976,lost,-1.0
2024_10_ATL_NO,2024,10,moneyline,home,,160.0,0.6463558717941773,0.26174048717879267,won,1.6
2024_10_ATL_NO,2024,10,spread,home,3.5,-108.0,0.7306785714790297,0.21144780224826043,won,0.9259259259259259
2024_10_ATL_NO,2024,10,total_points,over,46.5,-108.0,0.5904638360291776,0.07123306679840835,lost,-1.0
2024_10_BUF_IND,2024,10,moneyline,home,,190.0,0.42515163377486137,0.0803240475679648,lost,-1.0
2024_10_BUF_IND,2024,10,spread,home,4.5,-105.0,0.5543017530816153,0.04210663113039581,lost,-1.0
2024_10_DET_HOU,2024,10,moneyline,home,,190.0,0.5194778568164969,0.17465027060960037,lost,-1.0
2024_10_DET_HOU,2024,10,spread,home,4.5,-110.0,0.6449784083801064,0.12116888457058261,won,0.9090909090909091
2024_10_MIN_JAX,2024,10,moneyline,home,,280.0,0.40364031072759415,0.14048241599075206,lost,-1.0
2024_10_MIN_JAX,2024,10,spread,home,7.0,100.0,0.6030969809136412,0.10309698091364117,won,1.0
2024_10_NE_CHI,2024,10,moneyline,away,,260.0,0.6323449750556214,0.3545671972778436,won,2.6
2024_10_NE_CHI,2024,10,spread,away,6.5,-110.0,0.7893848122104583,0.2655752884009345,won,0.9090909090909091
2024_10_NE_CHI,2024,10,total_points,over,37.5,-108.0,0.5773132564726209,0.05808248724185161,lost,-1.0
2024_10_NYG_CAR,2024,10,moneyline,home,,240.0,0.5967637285451449,0.3026460814863214,won,2.4
2024_10_NYG_CAR,2024,10,spread,home,6.5,-102.0,0.7567767737109559,0.2518262786614509,won,0.9803921568627451
2024_10_NYG_CAR,2024,10,total_points,over,40.5,-105.0,0.571105060987858,0.05890993903663844,lost,-1.0
2024_10_NYJ_ARI,2024,10,moneyline,home,,110.0,0.6508063472592369,0.17461587106876075,won,1.1
2024_10_NYJ_ARI,2024,10,spread,home,2.0,-110.0,0.7030961492583229,0.17928662544879903,won,0.9090909090909091
2024_10_NYJ_ARI,2024,10,total_points,under,45.5,-108.0,0.566131381972771,0.046900612742001746,won,0.9259259259259259
2024_10_PHI_DAL,2024,10,moneyline,home,,285.0,0.5756199240735981,0.31587966433333836,lost,-1.0
2024_10_PHI_DAL,2024,10,spread,home,7.5,-112.0,0.7647471907699036,0.23644530397745078,lost,-1.0
2024_10_PHI_DAL,2024,10,total_points,over,44.5,-110.0,0.5924820901827816,0.0686725663732578,lost,-1.0
2024_10_PIT_WAS,2024,10,moneyline,away,,102.0,0.5975717084710471,0.10252220352055208,won,1.02
2024_10_PIT_WAS,2024,10,spread,away,1.5,-110.0,0.642533468024426,0.11872394421490218,won,0.9090909090909091
2024_10_PIT_WAS,2024,10,total_points,under,45.0,-108.0,0.5855448509462232,0.06631408171545394,lost,-1.0
2024_10_SF_TB,2024,10,moneyline,home,,240.0,0.5393136078703512,0.24519596081152767,lost,-1.0
2024_10_SF_TB,2024,10,spread,home,6.5,-102.0,0.7053518839537806,0.2004013889042756,won,0.9803921568627451
2024_10_TEN_LAC,2024,10,moneyline,away,,300.0,0.3955670504823663,0.1455670504823663,lost,-1.0
2024_10_TEN_LAC,2024,10,spread,away,8.0,-108.0,0.6274185715670352,0.1081878023362659,lost,-1.0
2024_10_TEN_LAC,2024,10,total_points,over,40.0,-110.0,0.6242963790717605,0.10048685526223666,won,0.9090909090909091
2024_10_MIA_LA,2024,10,moneyline,home,,-142.0,0.6591483759988351,0.07237151649470286,lost,-1.0
2024_10_MIA_LA,2024,10,spread,home,-2.5,-118.0,0.5950798191672887,0.05379541549756395,lost,-1.0
2024_10_MIA_LA,2024,10,total_points,under,49.5,-108.0,0.5882693738337723,0.06903860460300304,won,0.9259259259259259
2024_11_WAS_PHI,2024,11,total_points,under,49.5,-110.0,0.5860195262288753,0.062210002419351484,won,0.9090909090909091
2024_11_BAL_PIT,2024,11,moneyline,home,,145.0,0.47237025820304673,0.06420699289692428,won,1.45
2024_11_BAL_PIT,2024,11,spread,home,3.0,100.0,0.5558553381888018,0.05585533818880184,won,1.0
2024_11_BAL_PIT,2024,11,total_points,under,48.0,-108.0,0.6550086300747164,0.13577786084394716,won,0.9259259259259259
2024_11_CIN_LAC,2024,11,moneyline,home,,-110.0,0.5947278762485732,0.07091835243904931,won,0.9090909090909091
2024_11_CIN_LAC,2024,11,spread,home,-1.0,-102.0,0.5636338060682626,0.05868331101875768,won,0.9803921568627451
2024_11_CIN_LAC,2024,11,total_points,under,48.0,-105.0,0.5868801216501868,0.07468499969896725,lost,-1.0
2024_11_CLE_NO,2024,11,moneyline,home,,-105.0,0.7334561586289214,0.22126103667770192,won,0.9523809523809523
2024_11_CLE_NO,2024,11,spread,home,1.0,-110.0,0.7622675011999973,0.23845797739047347,won,0.9090909090909091
2024_11_CLE_NO,2024,11,total_points,over,44.0,-110.0,0.5888846052842819,0.06507508147475805,won,0.9090909090909091
2024_11_GB_CHI,2024,11,moneyline,home,,215.0,0.4316152567839771,0.11415493932365967,lost,-1.0
2024_11_GB_CHI,2024,11,spread,home,6.0,-105.0,0.5989608423874001,0.08676572043618058,won,0.9523809523809523
2024_11_GB_CHI,2024,11,total_points,over,41.0,-112.0,0.5662807589073117,0.03797887211485884,lost,-1.0
2024_11_IND_NYJ,2024,11,moneyline,away,,170.0,0.5775660170475183,0.20719564667714796,won,1.7
2024_11_IND_NYJ,2024,11,spread,away,4.0,-110.0,0.6945748929778336,0.17076536916830976,won,0.9090909090909091
2024_11_JAX_DET,2024,11,moneyline,away,,650.0,0.3975014433060711,0.26416810997273776,lost,-1.0
2024_11_JAX_DET,2024,11,spread,away,14.0,-105.0,0.7749081572126504,0.26271303526143086,lost,-1.0
2024_11_KC_BUF,2024,11,moneyline,away,,120.0,0.5149681801670888,0.060422725621634255,lost,-1.0
2024_11_KC_BUF,2024,11,spread,away,2.5,-108.0,0.5817526124570686,0.06252184322629928,lost,-1.0
2024_11_LA_NE,2024,11,moneyline,home,,164.0,0.6300457332445631,0.25125785445668436,lost,-1.0
2024_11_LA_NE,2024,11,spread,home,4.0,-112.0,0.7385237316467177,0.21022184485426487,lost,-1.0
2024_11_LV_MIA,2024,11,moneyline,away,,330.0,0.4571931424895144,0.2246350029546307,lost,-1.0
2024_11_LV_MIA,2024,11,spread,away,8.0,-105.0,0.6832321558060777,0.17103703385485813,lost,-1.0
2024_11_LV_MIA,2024,11,total_points,over,43.5,-108.0,0.6065038489575993,0.08727307972683007,won,0.9259259259259259
2024_11_MIN_TEN,2024,11,moneyline,home,,235.0,0.4684885719741173,0.16998110928755017,lost,-1.0
2024_11_MIN_TEN,2024,11,spread,home,6.0,-102.0,0.6349970699274342,0.13004657487792926,lost,-1.0
2024_11_MIN_TEN,2024,11,total_points,over,40.0,-110.0,0.616807671905425,0.09299814809590112,lost,-1.0
2024_11_SEA_SF,2024,11,moneyline,away,,215.0,0.4934303987009723,0.17597008124065483,won,2.15
2024_11_SEA_SF,2024,11,spread,away,6.0,-110.0,0.6604282633087937,0.13661873949926984,won,0.9090909090909091
2024_11_SEA_SF,2024,11,total_points,under,49.0,-112.0,0.5713608288462063,0.04305894205375349,won,0.8928571428571429
2024_11_HOU_DAL,2024,11,moneyline,home,,285.0,0.6875539873453923,0.4278137276051326,lost,-1.0
2024_11_HOU_DAL,2024,11,spread,home,7.5,-120.0,0.8478835268704866,0.3024289814159412,lost,-1.0
2024_11_HOU_DAL,2024,11,total_points,over,41.5,-115.0,0.6056676423792554,0.0707839214490229,won,0.8695652173913043
2024_12_PIT_CLE,2024,12,total_points,over,36.5,-112.0,0.654545281780385,0.12624339498793213,won,0.8928571428571429
2024_12_ARI_SEA,2024,12,moneyline,home,,-105.0,0.6439838358654069,0.13178871391418734,won,0.9523809523809523
2024_12_ARI_SEA,2024,12,spread,home,1.0,-110.0,0.6750588205070935,0.1512492966975697,won,0.9090909090909091
2024_12_DAL_WAS,2024,12,moneyline,away,,455.0,0.6084096393798624,0.4282294591996822,won,4.55
2024_12_DAL_WAS,2024,12,spread,away,10.5,-112.0,0.8471516249001864,0.31884973810773354,won,0.8928571428571429
2024_12_DEN_LV,2024,12,moneyline,home,,225.0,0.5189770811586267,0.21128477346631902,lost,-1.0
2024_12_DEN_LV,2024,12,spread,home,6.5,-115.0,0.6910398333092256,0.15615611237899307,lost,-1.0
2024_12_DET_IND,2024,12,moneyline,home,,295.0,0.556659265860577,0.3034947088985517,lost,-1.0
2024_12_DET_IND,2024,12,spread,home,7.0,102.0,0.7413157403711018,0.24626623542060677,lost,-1.0
2024_12_KC_CAR,2024,12,moneyline,home,,500.0,0.3175082422504405,0.15084157558377384,lost,-1.0
2024_12_KC_CAR,2024,12,spread,home,11.0,-108.0,0.6214194923763006,0.10218872314553129,won,0.9259259259259259
2024_12_KC_CAR,2024,12,total_points,over,43.0,-110.0,0.6280008796177744,0.10419135580825056,won,0.9090909090909091
2024_12_MIN_CHI,2024,12,total_points,over,39.5,-112.0,0.5734581255231131,0.045156238730660325,won,0.8928571428571429
2024_12_NE_MIA,2024,12,moneyline,away,,285.0,0.6398949690164017,0.38015470927614203,lost,-1.0
2024_12_NE_MIA,2024,12,spread,away,7.5,-115.0,0.8189649858395208,0.2840812649092883,lost,-1.0
2024_12_NE_MIA,2024,12,total_points,under,46.0,-108.0,0.5726641582622938,0.0534333890315245,lost,-1.0
2024_12_PHI_LA,2024,12,moneyline,home,,142.0,0.5286103713132617,0.11538723081739394,lost,-1.0
2024_12_PHI_LA,2024,12,spread,home,3.0,-108.0,0.6109096982983446,0.09167892906757535,lost,-1.0
2024_12_SF_GB,2024,12,moneyline,away,,235.0,0.41869378967155224,0.1201863269849851,lost,-1.0
2024_12_SF_GB,2024,12,spread,away,6.5,-112.0,0.5978078917093592,0.0695060049169064,lost,-1.0
2024_12_TB_NYG,2024,12,moneyline,home,,240.0,0.4150837191745549,0.12096607211573135,lost,-1.0
2024_12_TB_NYG,2024,12,spread,home,6.5,-112.0,0.5918311456690711,0.06352925887661831,lost,-1.0
2024_12_TB_NYG,2024,12,total_points,over,40.5,-110.0,0.6349338664705453,0.11112434266102145,lost,-1.0
2024_12_TEN_HOU,2024,12,moneyline,away,,295.0,0.48527459574127924,0.2321100387792539,won,2.95
2024_12_TEN_HOU,2024,12,spread,away,8.0,-112.0,0.7124434835716636,0.18414159677921083,won,0.8928571428571429
2024_12_TEN_HOU,2024,12,total_points,over,40.5,-108.0,0.578380465457344,0.05914969622657473,won,0.9259259259259259
2024_12_BAL_LAC,2024,12,total_points,under,51.0,-112.0,0.6676772796541441,0.13937539286169132,lost,-1.0
2024_13_CHI_DET,2024,13,moneyline,away,,390.0,0.4178566326865428,0.21377500003348154,lost,-1.0
2024_13_CHI_DET,2024,13,spread,away,9.5,-102.0,0.6766915091349112,0.1717410140854062,won,0.9803921568627451
2024_13_CHI_DET,2024,13,total_points,under,47.5,100.0,0.5693258586206985,0.06932585862069851,won,1.0
2024_13_MIA_GB,2024,13,spread,home,-3.5,-105.0,0.5712791406619149,0.05908401871069535,won,0.9523809523809523
2024_13_NYG_DAL,2024,13,spread,home,-4.5,-110.0,0.6153540112813277,0.09154448747180388,won,0.9090909090909091
2024_13_NYG_DAL,2024,13,total_points,over,39.0,-110.0,0.6491953797361911,0.1253858559266673,won,0.9090909090909091
2024_13_LV_KC,2024,13,moneyline,away,,550.0,0.24044917492664822,0.08660302108049436,lost,-1.0
2024_13_LV_KC,2024,13,spread,away,13.5,-108.0,0.5915060991339139,0.07227532990314467,won,0.9259259259259259
2024_13_LV_KC,2024,13,total_points,over,42.0,-112.0,0.6958522623582905,0.16755037556583763,lost,-1.0
2024_13_HOU_JAX,2024,13,moneyline,home,,160.0,0.5116418531518545,0.12702646853646987,lost,-1.0
2024_13_HOU_JAX,2024,13,spread,home,3.5,-110.0,0.6088060196887126,0.08499649587918878,won,0.9090909090909091
2024_13_IND_NE,2024,13,moneyline,home,,114.0,0.6841796658073265,0.21688994618115826,lost,-1.0
2024_13_IND_NE,2024,13,spread,home,2.5,-105.0,0.7392252734689749,0.2270301515177554,won,0.9523809523809523
2024_13_IND_NE,2024,13,total_points,over,41.5,-110.0,0.5651376949658383,0.041328171156314486,won,0.9090909090909091
2024_13_LA_NO,2024,13,moneyline,home,,120.0,0.5983390467556481,0.14379359221019355,lost,-1.0
2024_13_LA_NO,2024,13,spread,home,2.5,-105.0,0.6584931127626477,0.14629799081142814,lost,-1.0
2024_13_PHI_BAL,2024,13,total_points,under,50.0,-110.0,0.5927636447784062,0.06895412096888232,won,0.9090909090909091
2024_13_PIT_CIN,2024,13,moneyline,away,,130.0,0.5282385902482073,0.09345598155255513,won,1.3
2024_13_PIT_CIN,2024,13,spread,away,3.0,-110.0,0.6158506682744784,0.0920411444649546,won,0.9090909090909091
2024_13_PIT_CIN,2024,13,total_points,under,46.0,-108.0,0.5926489626134639,0.07341819338269462,lost,-1.0
2024_13_SEA_NYJ,2024,13,moneyline,away,,-105.0,0.6607756955502792,0.14858057359905963,won,0.9523809523809523
2024_13_SEA_NYJ,2024,13,spread,away,1.0,-110.0,0.6957625443415193,0.17195302053199546,won,0.9090909090909091
2024_13_SF_BUF,2024,13,moneyline,away,,270.0,0.36451596050158347,0.09424569023131318,lost,-1.0
2024_13_SF_BUF,2024,13,spread,away,6.5,-102.0,0.5436041315157505,0.03865363646624553,lost,-1.0
2024_13_TB_CAR,2024,13,moneyline,home,,235.0,0.4588295692753835,0.16032210658881635,lost,-1.0
2024_13_TB_CAR,2024,13,spread,home,6.5,-105.0,0.6327092711742092,0.12051414922298964,won,0.9523809523809523
2024_13_TEN_WAS,2024,13,moneyline,away,,205.0,0.5090788584950782,0.1812100060360618,lost,-1.0
2024_13_TEN_WAS,2024,13,spread,away,6.0,-112.0,0.6767477582117212,0.14844587141926835,lost,-1.0
2024_13_CLE_DEN,2024,13,moneyline,away,,235.0,0.3715752750029157,0.07306781231634857,lost,-1.0
2024_13_CLE_DEN,2024,13,spread,away,6.5,-108.0,0.5553675250584905,0.036136755827721245,lost,-1.0
2024_14_GB_DET,2024,14,moneyline,away,,142.0,0.5376311586091689,0.1244080181133011,lost,-1.0
2024_14_GB_DET,2024,14,spread,away,3.0,100.0,0.6226789422400675,0.12267894224006748,push,0.0
2024_14_GB_DET,2024,14,total_points,under,53.0,-110.0,0.6141547653298272,0.09034524152030332,lost,-1.0
2024_14_ATL_MIN,2024,14,moneyline,away,,205.0,0.3769999483580397,0.049131095899023314,lost,-1.0
2024_14_BUF_LA,2024,14,moneyline,home,,160.0,0.47730245840822766,0.09268707379284302,won,1.6
2024_14_BUF_LA,2024,14,spread,home,3.5,-102.0,0.5743948998641618,0.06944440481465686,won,0.9803921568627451
2024_14_BUF_LA,2024,14,total_points,under,49.5,-108.0,0.6095882448272681,0.09035747559649887,lost,-1.0
2024_14_CAR_PHI,2024,14,moneyline,away,,625.0,0.3212997644696886,0.18336872998693,lost,-1.0
2024_14_CAR_PHI,2024,14,spread,away,14.0,-112.0,0.7074654437632665,0.17916355697081365,won,0.8928571428571429
2024_14_CAR_PHI,2024,14,total_points,over,44.5,-108.0,0.5600392658819503,0.040808496651181025,lost,-1.0
2024_14_CLE_PIT,2024,14,spread,home,-6.0,-108.0,0.5625671916052356,0.04333642237446633,won,0.9259259259259259
2024_14_JAX_TEN,2024,14,total_points,over,40.0,-112.0,0.6015907475034327,0.07328886071097984,lost,-1.0
2024_14_LAC_KC,2024,14,total_points,over,43.5,-110.0,0.6082564024991813,0.0844468786896575,lost,-1.0
2024_14_LV_TB,2024,14,moneyline,away,,260.0,0.3674203366280816,0.08964255885030381,lost,-1.0
2024_14_LV_TB,2024,14,total_points,over,47.0,-108.0,0.5642082706376707,0.04497750140690138,lost,-1.0
2024_14_NO_NYG,2024,14,total_points,over,41.0,-110.0,0.6306542922023053,0.10684476839278145,lost,-1.0
2024_14_NYJ_MIA,2024,14,moneyline,away,,240.0,0.37291255515313615,0.07879490809431261,lost,-1.0
2024_14_NYJ_MIA,2024,14,spread,away,6.5,-108.0,0.5547140085872134,0.03548323935644415,won,0.9259259259259259
2024_14_NYJ_MIA,2024,14,total_points,under,45.0,-112.0,0.5724430207751408,0.04414113398268793,lost,-1.0
2024_14_SEA_ARI,2024,14,moneyline,away,,145.0,0.5532006337538293,0.14503736844770687,won,1.45
2024_14_SEA_ARI,2024,14,spread,away,3.0,-105.0,0.6388534375272366,0.12665831557601703,won,0.9523809523809523
2024_14_CIN_DAL,2024,14,moneyline,home,,190.0,0.6381655734896697,0.29333798728277316,lost,-1.0
2024_14_CIN_DAL,2024,14,spread,home,5.0,-110.0,0.7635264917253781,0.23971696791585428,lost,-1.0
2024_14_CIN_DAL,2024,14,total_points,under,51.0,-112.0,0.6241306911600504,0.09582880436759755,won,0.8928571428571429
2024_15_LA_SF,2024,15,moneyline,away,,130.0,0.4728812570694456,0.03809864837379345,won,1.3
2024_15_BAL_NYG,2024,15,moneyline,home,,1000.0,0.2953223292744395,0.2044132383653486,lost,-1.0
2024_15_BAL_NYG,2024,15,spread,home,16.5,-108.0,0.7366748404167314,0.2174440711859621,lost,-1.0
2024_15_BUF_DET,2024,15,moneyline,away,,110.0,0.583531335652898,0.10734085946242189,won,1.1
2024_15_BUF_DET,2024,15,spread,away,2.5,-110.0,0.647768746285348,0.12395922247582414,won,0.9090909090909091
2024_15_BUF_DET,2024,15,total_points,under,55.5,-110.0,0.7061569060272573,0.1823473822177335,lost,-1.0
2024_15_CIN_TEN,2024,15,moneyline,home,,205.0,0.5335040535486305,0.20563520108961414,lost,-1.0
2024_15_CIN_TEN,2024,15,spread,home,6.0,-110.0,0.6954092804250654,0.1715997566155416,lost,-1.0
2024_15_DAL_CAR,2024,15,moneyline,away,,120.0,0.5985573927309031,0.1440119381854486,won,1.2
2024_15_DAL_CAR,2024,15,spread,away,2.5,100.0,0.6622844193933433,0.16228441939334326,won,1.0
2024_15_DAL_CAR,2024,15,total_points,over,42.0,-108.0,0.6261295819704292,0.10689881273965995,won,0.9259259259259259
2024_15_GB_SEA,2024,15,moneyline,home,,136.0,0.5556024732099265,0.1318736596506045,lost,-1.0
2024_15_GB_SEA,2024,15,spread,home,3.0,-110.0,0.6377340480105933,0.11392452420106947,lost,-1.0
2024_15_IND_DEN,2024,15,moneyline,away,,195.0,0.4638013422193686,0.12481829137191097,lost,-1.0
2024_15_IND_DEN,2024,15,spread,away,4.5,-105.0,0.5985004022334143,0.08630528028219475,lost,-1.0
2024_15_KC_CLE,2024,15,spread,away,-4.5,-110.0,0.6024749695192704,0.07866544570974654,won,0.9090909090909091
2024_15_KC_CLE,2024,15,total_points,over,41.5,-108.0,0.6364630342844955,0.11723226505372619,lost,-1.0
2024_15_NE_ARI,2024,15,moneyline,away,,210.0,0.6053757489508437,0.28279510378955336,lost,-1.0
2024_15_NE_ARI,2024,15,spread,away,6.0,-108.0,0.7608102951701765,0.24157952593940724,lost,-1.0
2024_15_NE_ARI,2024,15,total_points,under,46.5,-110.0,0.5683205179760182,0.0445109941664944,lost,-1.0
2024_15_NYJ_JAX,2024,15,moneyline,home,,145.0,0.5972948263036859,0.18913156099756345,lost,-1.0
2024_15_NYJ_JAX,2024,15,spread,home,3.5,-118.0,0.6901759941514992,0.14889159048177447,lost,-1.0
2024_15_PIT_PHI,2024,15,moneyline,away,,215.0,0.44865185526699536,0.13119153780667792,lost,-1.0
2024_15_PIT_PHI,2024,15,spread,away,5.5,-110.0,0.6026103160954241,0.07880079228590031,lost,-1.0
2024_15_WAS_NO,2024,15,moneyline,home,,295.0,0.7063017545885435,0.45313719762651816,lost,-1.0
2024_15_WAS_NO,2024,15,spread,home,7.5,-108.0,0.8589310204748734,0.3397002512441041,won,0.9259259259259259
2024_15_WAS_NO,2024,15,total_points,over,44.5,-112.0,0.5775230665683019,0.049221179775849055,lost,-1.0
2024_15_ATL_LV,2024,15,moneyline,home,,275.0,0.49907561317075405,0.2324089465040874,lost,-1.0
2024_15_ATL_LV,2024,15,spread,home,6.5,-110.0,0.6695724102377136,0.1457628864281898,won,0.9090909090909091
2024_15_ATL_LV,2024,15,total_points,over,44.5,-110.0,0.601199175348577,0.0773896515390532,lost,-1.0
2024_15_CHI_MIN,2024,15,moneyline,away,,260.0,0.33098933993869223,0.05321156216091444,lost,-1.0
2024_16_HOU_KC,2024,16,spread,home,-3.5,100.0,0.6684554240922902,0.1684554240922902,won,1.0
2024_16_HOU_KC,2024,16,total_points,over,42.5,-112.0,0.6068933137139332,0.07859142692148036,won,0.8928571428571429
2024_16_PIT_BAL,2024,16,moneyline,away,,275.0,0.37441957719549557,0.1077529105288289,lost,-1.0
2024_16_PIT_BAL,2024,16,spread,away,7.0,-115.0,0.5775640981024097,0.04268037717217721,lost,-1.0
2024_16_ARI_CAR,2024,16,moneyline,home,,200.0,0.5076464331418777,0.17431309980854442,won,2.0
2024_16_ARI_CAR,2024,16,spread,home,5.5,-110.0,0.6542705748449342,0.1304610510354104,won,0.9090909090909091
2024_16_CLE_CIN,2024,16,moneyline,away,,425.0,0.3486232325535018,0.15814704207731134,lost,-1.0
2024_16_CLE_CIN,2024,16,spread,away,10.0,-108.0,0.6304624941475298,0.11123172491676048,lost,-1.0
2024_16_DET_CHI,2024,16,moneyline,home,,270.0,0.5075229338091737,0.2372526635389034,lost,-1.0
2024_16_DET_CHI,2024,16,spread,home,7.0,-110.0,0.7016523710972383,0.1778428472877145,lost,-1.0
2024_16_DET_CHI,2024,16,total_points,under,47.5,-110.0,0.5600776754599666,0.036268151650442726,lost,-1.0
2024_16_JAX_LV,2024,16,total_points,over,41.5,-108.0,0.6069705737249702,0.08773980449420093,lost,-1.0
2024_16_LA_NYJ,2024,16,spread,away,-3.0,-105.0,0.5569455785130437,0.04475045656182419,won,0.9523809523809523
2024_16_LA_NYJ,2024,16,total_points,under,47.0,-110.0,0.6125440221257736,0.0887344983162498,won,0.9090909090909091
2024_16_MIN_SEA,2024,16,moneyline,home,,124.0,0.553095371547319,0.10666680011874757,lost,-1.0
2024_16_MIN_SEA,2024,16,spread,home,2.5,-105.0,0.6157564968178498,0.1035613748666303,lost,-1.0
2024_16_MIN_SEA,2024,16,total_points,over,43.0,-105.0,0.5725033786711504,0.0603082567199309,won,0.9523809523809523
2024_16_NE_BUF,2024,16,moneyline,away,,700.0,0.4554304689984285,0.3304304689984285,lost,-1.0
2024_16_NE_BUF,2024,16,spread,away,14.0,-110.0,0.823233520023571,0.29942399621404714,won,0.9090909090909091
2024_16_NE_BUF,2024,16,total_points,under,48.0,-110.0,0.6393659607190232,0.11555643690949935,won,0.9090909090909091
2024_16_NYG_ATL,2024,16,moneyline,away,,410.0,0.3515255835765498,0.15544715220400077,lost,-1.0
2024_16_NYG_ATL,2024,16,spread,away,9.5,-110.0,0.6131627212478548,0.08935319743833092,lost,-1.0
2024_16_PHI_WAS,2024,16,moneyline,home,,180.0,0.40313506609001554,0.045992208947158386,won,1.8
2024_16_TB_DAL,2024,16,moneyline,home,,180.0,0.5996217620982275,0.24247890495537033,won,1.8
2024_16_TB_DAL,2024,16,spread,home,4.5,-115.0,0.7164915006469645,0.18160777971673203,won,0.8695652173913043
2024_16_TEN_IND,2024,16,moneyline,away,,164.0,0.4446510634150587,0.06586318462717994,lost,-1.0
2024_16_TEN_IND,2024,16,spread,away,4.0,-112.0,0.563568094029975,0.03526620723752216,lost,-1.0
2024_16_TEN_IND,2024,16,total_points,over,42.5,-112.0,0.5811308144009079,0.052828927608455034,won,0.8928571428571429
2024_16_NO_GB,2024,16,moneyline,away,,625.0,0.4777328455271683,0.3398018110444097,lost,-1.0
2024_16_NO_GB,2024,16,spread,away,14.0,-105.0,0.8298784169158188,0.31768329496459924,lost,-1.0
2024_16_NO_GB,2024,16,total_points,over,44.0,-110.0,0.6345849518166837,0.11077542800715989,lost,-1.0
2024_17_ARI_LA,2024,17,moneyline,away,,270.0,0.3758240594988787,0.10555378922860842,lost,-1.0
2024_17_ARI_LA,2024,17,spread,away,6.5,100.0,0.5543509496320264,0.05435094963202636,won,1.0
2024_17_DEN_CIN,2024,17,total_points,under,50.5,-110.0,0.732053611229022,0.20824408741949818,lost,-1.0
2024_17_LAC_NE,2024,17,moneyline,home,,245.0,0.6333707382858155,0.34351566582204734,lost,-1.0
2024_17_LAC_NE,2024,17,spread,home,6.0,-102.0,0.7811948912721273,0.2762443962226223,lost,-1.0
2024_17_ATL_WAS,2024,17,moneyline,away,,160.0,0.5091780382311446,0.12456265361575997,lost,-1.0
2024_17_ATL_WAS,2024,17,spread,away,3.5,-115.0,0.6083611292503792,0.07347740832014671,lost,-1.0
2024_17_CAR_TB,2024,17,moneyline,away,,380.0,0.3583768244447674,0.15004349111143403,lost,-1.0
2024_17_CAR_TB,2024,17,spread,away,9.5,-105.0,0.6162789700508735,0.10408384809965399,lost,-1.0
2024_17_DAL_PHI,2024,17,moneyline,away,,260.0,0.4626892626758434,0.18491148489806564,lost,-1.0
2024_17_DAL_PHI,2024,17,spread,away,7.5,-112.0,0.672166374965833,0.14386448817338016,lost,-1.0
2024_17_DAL_PHI,2024,17,total_points,over,37.5,-112.0,0.7679760084139109,0.23967412162145807,won,0.8928571428571429
2024_17_GB_MIN,2024,17,spread,home,1.0,-115.0,0.5720000395562905,0.03711631862605802,won,0.8695652173913043
2024_17_GB_MIN,2024,17,total_points,under,49.0,-110.0,0.5870795699526806,0.06327004614315679,lost,-1.0
2024_17_IND_NYG,2024,17,moneyline,home,,320.0,0.4421272743081699,0.2040320362129318,won,3.2
2024_17_IND_NYG,2024,17,spread,home,7.5,-108.0,0.654425186622376,0.13519441739160676,won,0.9259259259259259
2024_17_IND_NYG,2024,17,total_points,over,40.5,-108.0,0.5934316908866527,0.07420092165588343,won,0.9259259259259259
2024_17_LV_NO,2024,17,moneyline,home,,105.0,0.6943191973066393,0.2065143192578588,lost,-1.0
2024_17_LV_NO,2024,17,spread,home,2.0,-110.0,0.7432048866521688,0.21939536284264494,lost,-1.0
2024_17_LV_NO,2024,17,total_points,over,37.5,-108.0,0.7849553236077799,0.2657245543770106,lost,-1.0
2024_17_MIA_CLE,2024,17,moneyline,home,,142.0,0.4915354443258154,0.07831230382994764,lost,-1.0
2024_17_MIA_CLE,2024,17,spread,home,3.0,-105.0,0.5746397875881869,0.06244466563696738,lost,-1.0
2024_17_MIA_CLE,2024,17,total_points,over,32.5,-108.0,0.8152045216608729,0.2959737524301036,lost,-1.0
2024_17_NYJ_BUF,2024,17,total_points,under,44.5,-112.0,0.5679567547229801,0.039654867930527304,lost,-1.0
2024_17_TEN_JAX,2024,17,total_points,over,38.0,-110.0,0.649673132012053,0.12586360820252918,lost,-1.0
2024_17_DET_SF,2024,17,moneyline,home,,190.0,0.5842924700022992,0.23946488379540265,lost,-1.0
2024_17_DET_SF,2024,17,spread,home,4.0,-108.0,0.6944650856882106,0.17523431645744136,lost,-1.0
2024_18_CIN_PIT,2024,18,moneyline,home,,124.0,0.6130541210060582,0.1666255495774867,lost,-1.0
2024_18_CIN_PIT,2024,18,spread,home,2.5,-102.0,0.6733384265518343,0.16838793150232934,won,0.9803921568627451
2024_18_CIN_PIT,2024,18,total_points,under,48.5,-112.0,0.6508129590817595,0.12251107228930669,won,0.8928571428571429
2024_18_CLE_BAL,2024,18,moneyline,away,,1200.0,0.21095317522139373,0.1340300982983168,lost,-1.0
2024_18_CLE_BAL,2024,18,spread,away,19.5,-105.0,0.7226018801475828,0.21040675819636323,lost,-1.0
2024_18_BUF_NE,2024,18,moneyline,home,,140.0,0.5436915890050925,0.12702492233842583,won,1.4
2024_18_BUF_NE,2024,18,spread,home,3.0,-108.0,0.6273228766731838,0.10809210744241449,won,0.9259259259259259
2024_18_BUF_NE,2024,18,total_points,over,36.5,-112.0,0.690379118743285,0.16207723195083212,won,0.8928571428571429
2024_18_CAR_ATL,2024,18,moneyline,away,,300.0,0.39446552344411423,0.14446552344411423,won,3.0
2024_18_CAR_ATL,2024,18,spread,away,7.5,-105.0,0.6085344733932962,0.09633935144207673,won,0.9523809523809523
2024_18_CHI_GB,2024,18,moneyline,away,,320.0,0.3184200107574512,0.0803247726622131,won,3.2
2024_18_CHI_GB,2024,18,spread,away,10.0,-115.0,0.6000540987753152,0.06517037784508273,won,0.8695652173913043
2024_18_HOU_TEN,2024,18,total_points,over,36.5,-112.0,0.6938763621745481,0.16557447538209524,won,0.8928571428571429
2024_18_KC_DEN,2024,18,moneyline,away,,370.0,0.6531171086337636,0.4403511511869551,lost,-1.0
2024_18_KC_DEN,2024,18,spread,away,10.5,-115.0,0.8755292585440748,0.3406455376138423,lost,-1.0
2024_18_KC_DEN,2024,18,total_points,over,40.5,-105.0,0.5833732964139585,0.071178174462739,lost,-1.0
2024_18_LAC_LV,2024,18,moneyline,home,,275.0,0.4451716251312805,0.17850495846461384,lost,-1.0
2024_18_LAC_LV,2024,18,spread,home,7.0,-102.0,0.642386867910857,0.13743637286135202,lost,-1.0
2024_18_LAC_LV,2024,18,total_points,over,42.5,-108.0,0.612078648893842,0.09284787966307273,won,0.9259259259259259
2024_18_MIA_NYJ,2024,18,moneyline,away,,102.0,0.5376130313030852,0.0425635263525902,lost,-1.0
2024_18_MIA_NYJ,2024,18,spread,away,1.5,-110.0,0.5840241399686599,0.060214616159136036,lost,-1.0
2024_18_MIA_NYJ,2024,18,total_points,over,39.5,-108.0,0.5931149115995389,0.07388414236876961,won,0.9259259259259259
2024_18_MIN_DET,2024,18,moneyline,away,,124.0,0.532095891902668,0.08566732047409659,lost,-1.0
2024_18_MIN_DET,2024,18,spread,away,3.0,-118.0,0.6174867592578135,0.07620235558808874,lost,-1.0
2024_18_MIN_DET,2024,18,total_points,under,56.5,-102.0,0.7157336348974852,0.21078313984798025,won,0.9803921568627451
2024_18_NO_TB,2024,18,moneyline,away,,675.0,0.5030727595464555,0.37404050148193935,lost,-1.0
2024_18_NO_TB,2024,18,spread,away,14.5,-102.0,0.8476339589085944,0.34268346385908943,won,0.9803921568627451
2024_18_NO_TB,2024,18,total_points,over,44.5,-108.0,0.6454959152062051,0.1262651459754358,won,0.9259259259259259
2024_18_NYG_PHI,2024,18,moneyline,home,,-155.0,0.7346341863475121,0.1267910490926102,won,0.6451612903225806
2024_18_NYG_PHI,2024,18,spread,home,-3.0,-110.0,0.6655340469784158,0.14172452316889195,won,0.9090909090909091
2024_18_NYG_PHI,2024,18,total_points,over,36.5,-102.0,0.7235631203849195,0.2186126253354146,lost,-1.0
2024_18_SEA_LA,2024,18,moneyline,home,,285.0,0.5269963989946765,0.2672561392544168,lost,-1.0
2024_18_SEA_LA,2024,18,spread,home,7.5,-110.0,0.7271990185667889,0.2033894947572651,won,0.9090909090909091
2024_18_SEA_LA,2024,18,total_points,over,38.5,-108.0,0.7013719562312064,0.18214118700043713,won,0.9259259259259259
2024_18_SF_ARI,2024,18,moneyline,away,,160.0,0.5009324229273799,0.1163170383119953,lost,-1.0
2024_18_SF_ARI,2024,18,spread,away,4.5,-110.0,0.6310734431486519,0.10726391933912804,lost,-1.0
2024_18_SF_ARI,2024,18,total_points,over,42.5,-110.0,0.6164928924245248,0.09268336861500093,won,0.9090909090909091
2024_18_WAS_DAL,2024,18,moneyline,home,,250.0,0.6896208528895756,0.40390656717528994,lost,-1.0
2024_18_WAS_DAL,2024,18,spread,home,7.0,-112.0,0.8452416848040133,0.31693979801156047,won,0.8928571428571429
2024_18_WAS_DAL,2024,18,total_points,over,43.5,-102.0,0.5794587962232195,0.07450830117371454,lost,-1.0
2025_01_DAL_PHI,2025,1,moneyline,away,,330.0,0.4497468730111913,0.2171887334763076,lost,-1.0
2025_01_DAL_PHI,2025,1,spread,away,8.5,-110.0,0.6831342782716648,0.159324754462141,won,0.9090909090909091
2025_01_ARI_NO,2025,1,moneyline,home,,220.0,0.6546453146786854,0.34214531467868536,lost,-1.0
2025_01_ARI_NO,2025,1,spread,home,6.0,-112.0,0.7954472522949628,0.26714536550251,lost,-1.0
2025_01_ARI_NO,2025,1,total_points,over,44.5,-108.0,0.6049680088832307,0.08573723965246138,lost,-1.0
2025_01_BAL_BUF,2025,1,moneyline,home,,110.0,0.5152047496909636,0.03901427350048747,won,1.1
2025_01_BAL_BUF,2025,1,spread,home,1.5,-102.0,0.5577144407062686,0.05276394565676368,won,0.9803921568627451
2025_01_BAL_BUF,2025,1,total_points,under,50.5,-105.0,0.6469991377839605,0.13480401583274093,lost,-1.0
2025_01_CAR_JAX,2025,1,moneyline,away,,170.0,0.4693174587408388,0.09894708837046845,lost,-1.0
2025_01_CAR_JAX,2025,1,spread,away,4.5,-110.0,0.6023777518678228,0.078568228058299,lost,-1.0
2025_01_CIN_CLE,2025,1,moneyline,home,,195.0,0.4318850366111399,0.0929019857636823,lost,-1.0
2025_01_CIN_CLE,2025,1,spread,home,5.5,-115.0,0.5829798513605169,0.04809613043028438,won,0.8695652173913043
2025_01_CIN_CLE,2025,1,total_points,under,47.5,100.0,0.5879046948060096,0.0879046948060096,won,1.0
2025_01_DET_GB,2025,1,moneyline,home,,-120.0,0.6298683195632477,0.08441377410870232,won,0.8333333333333334
2025_01_DET_GB,2025,1,spread,home,-1.5,-105.0,0.5863937960351254,0.0741986740839059,won,0.9523809523809523
2025_01_HOU_LA,2025,1,spread,home,-3.5,-102.0,0.5541165950797986,0.04916610003029365,won,0.9803921568627451
2025_01_LV_NE,2025,1,moneyline,home,,-155.0,0.7209136053990232,0.11307046814412125,lost,-1.0
2025_01_LV_NE,2025,1,spread,home,-2.5,-120.0,0.6606293875072676,0.11517484205272221,lost,-1.0
2025_01_MIA_IND,2025,1,moneyline,home,,-112.0,0.5863011751428107,0.057999288350357836,won,0.8928571428571429
2025_01_MIA_IND,2025,1,spread,home,-1.5,-102.0,0.5410824168272584,0.036131921777753484,won,0.9803921568627451
2025_01_NYG_WAS,2025,1,moneyline,away,,240.0,0.39705002031608455,0.10293237325726101,lost,-1.0
2025_01_NYG_WAS,2025,1,spread,away,6.0,-108.0,0.568043466798899,0.04881269756812978,lost,-1.0
2025_01_NYG_WAS,2025,1,total_points,under,45.5,-110.0,0.5763289693047687,0.0525194454952449,won,0.9090909090909091
2025_01_PIT_NYJ,2025,1,moneyline,away,,-155.0,0.6503272412122207,0.04248410395731883,won,0.6451612903225806
2025_01_PIT_NYJ,2025,1,spread,away,-3.0,-110.0,0.5728230427884806,0.04901351897895678,lost,-1.0
2025_01_PIT_NYJ,2025,1,total_points,over,37.5,-112.0,0.5670085484257875,0.038706661633334694,won,0.8928571428571429
2025_01_SF_SEA,2025,1,moneyline,home,,114.0,0.6033253720955493,0.13603565246938104,lost,-1.0
2025_01_SF_SEA,2025,1,spread,home,2.5,-115.0,0.6638421740169597,0.12895845308672715,lost,-1.0
2025_01_SF_SEA,2025,1,total_points,over,43.5,-108.0,0.5780897951186732,0.058859025887903926,lost,-1.0
2025_01_TEN_DEN,2025,1,moneyline,away,,350.0,0.4414117230345519,0.21918950081232969,lost,-1.0
2025_01_TEN_DEN,2025,1,spread,away,8.5,-105.0,0.6837301467977679,0.17153502484654837,won,0.9523809523809523
2025_01_MIN_CHI,2025,1,moneyline,away,,-112.0,0.5758041048494664,0.0475022180570136,won,0.8928571428571429
2025_02_WAS_GB,2025,2,spread,home,-3.5,-102.0,0.5908378928015594,0.08588739775205445,won,0.9803921568627451
2025_02_WAS_GB,2025,2,total_points,under,48.5,-105.0,0.5764303055142838,0.06423518356306424,won,0.9523809523809523
2025_02_BUF_NYJ,2025,2,total_points,under,47.5,-110.0,0.6334761001305843,0.10966657632106047,won,0.9090909090909091
2025_02_CAR_ARI,2025,2,moneyline,away,,250.0,0.4022332977017273,0.11651901198744158,lost,-1.0
2025_02_CAR_ARI,2025,2,spread,away,7.0,-110.0,0.6029548752261903,0.07914535141666645,won,0.9090909090909091
2025_02_CHI_DET,2025,2,moneyline,away,,220.0,0.40236381608746513,0.08986381608746513,lost,-1.0
2025_02_CHI_DET,2025,2,spread,away,6.0,-110.0,0.5714582593611184,0.047648735551594545,lost,-1.0
2025_02_CLE_BAL,2025,2,moneyline,away,,600.0,0.20596760747622905,0.0631104646190862,lost,-1.0
2025_02_CLE_BAL,2025,2,total_points,under,46.5,-110.0,0.5639209297718013,0.04011140596227747,lost,-1.0
2025_02_DEN_IND,2025,2,moneyline,home,,110.0,0.5577233618527985,0.08153288566232231,won,1.1
2025_02_DEN_IND,2025,2,spread,home,2.5,-115.0,0.620978108671669,0.08609438774143652,won,0.8695652173913043
2025_02_JAX_CIN,2025,2,total_points,under,49.5,-115.0,0.6452889594081356,0.11040523847790307,lost,-1.0
2025_02_LA_TEN,2025,2,moneyline,home,,205.0,0.4719163252996244,0.14404747284060804,lost,-1.0
2025_02_LA_TEN,2025,2,spread,home,5.5,-112.0,0.6217967197518371,0.09349483295938432,lost,-1.0
2025_02_LA_TEN,2025,2,total_points,over,41.5,-108.0,0.5851556734093737,0.06592490417860442,won,0.9259259259259259
2025_02_NE_MIA,2025,2,moneyline,away,,105.0,0.6219802780676207,0.1341754000188402,won,1.05
2025_02_NE_MIA,2025,2,spread,away,1.5,-110.0,0.6656385104743553,0.14182898666483146,won,0.9090909090909091
2025_02_NYG_DAL,2025,2,spread,home,-4.5,-120.0,0.6169448025299171,0.07149025707537171,lost,-1.0
2025_02_PHI_KC,2025,2,moneyline,home,,102.0,0.6341048046420966,0.13905529969160157,lost,-1.0
2025_02_PHI_KC,2025,2,spread,home,1.5,-110.0,0.6728395382099199,0.1490300144003961,lost,-1.0
2025_02_SEA_PIT,2025,2,moneyline,away,,160.0,0.4589458186002823,0.07433043398489764,won,1.6
2025_02_SEA_PIT,2025,2,spread,away,3.5,-110.0,0.5611356161094095,0.037326092299885705,won,0.9090909090909091
2025_02_SEA_PIT,2025,2,total_points,over,40.5,-112.0,0.5754445043413232,0.04714261754887039,won,0.8928571428571429
2025_02_SF_NO,2025,2,moneyline,home,,140.0,0.6138031839557312,0.1971365172890645,lost,-1.0
2025_02_SF_NO,2025,2,spread,home,3.0,-110.0,0.6933497035236114,0.16954017971408752,lost,-1.0
2025_02_SF_NO,2025,2,total_points,over,40.5,-115.0,0.7024397718157085,0.16755605088547598,won,0.8695652173913043
2025_02_LAC_LV,2025,2,moneyline,home,,164.0,0.44242613826793187,0.06363825948005308,lost,-1.0
2025_02_TB_HOU,2025,2,moneyline,away,,114.0,0.5430013640659291,0.07571164443976092,won,1.14
2025_02_TB_HOU,2025,2,spread,away,2.5,-110.0,0.609335483823217,0.08552596001369317,won,0.9090909090909091
2025_02_TB_HOU,2025,2,total_points,over,42.5,-110.0,0.6134012146962836,0.08959169088675978,lost,-1.0
2025_03_MIA_BUF,2025,3,moneyline,away,,550.0,0.2814370269501028,0.12759087310394895,lost,-1.0
2025_03_MIA_BUF,2025,3,spread,away,12.5,-110.0,0.6198896159217975,0.09608009211227364,won,0.9090909090909091
2025_03_MIA_BUF,2025,3,total_points,under,50.5,-112.0,0.630452068005759,0.10215018121330621,lost,-1.0
2025_03_ARI_SF,2025,3,total_points,over,44.5,-108.0,0.5559512201187792,0.0367204508880099,lost,-1.0
2025_03_ATL_CAR,2025,3,moneyline,home,,185.0,0.4890251778714919,0.1381479848890358,won,1.85
2025_03_ATL_CAR,2025,3,spread,home,5.5,-115.0,0.6365882872896862,0.10170456635945369,won,0.8695652173913043
2025_03_ATL_CAR,2025,3,total_points,over,44.5,-105.0,0.5662342138187595,0.05403909186753997,lost,-1.0
2025_03_CIN_MIN,2025,3,total_points,over,41.5,-115.0,0.5972769697134134,0.062393248783180866,won,0.8695652173913043
2025_03_DAL_CHI,2025,3,moneyline,away,,-125.0,0.5927140944661541,0.037158538910598504,lost,-1.0
2025_03_DAL_CHI,2025,3,total_points,under,49.5,100.0,0.6521777888167971,0.1521777888167971,won,1.0
2025_03_DEN_LAC,2025,3,total_points,under,45.5,-110.0,0.6111046271727683,0.08729510336324442,won,0.9090909090909091
2025_03_GB_CLE,2025,3,moneyline,home,,360.0,0.3535126992562256,0.1361213949083995,won,3.6
2025_03_GB_CLE,2025,3,spread,home,8.5,-118.0,0.589671282298217,0.048386878628492225,won,0.847457627118644
2025_03_GB_CLE,2025,3,total_points,over,41.5,-105.0,0.5987150123370983,0.08651989038587882,lost,-1.0
2025_03_IND_TEN,2025,3,moneyline,home,,200.0,0.5320499589433298,0.19871662560999653,lost,-1.0
2025_03_IND_TEN,2025,3,spread,home,6.0,-112.0,0.6937739919326528,0.16547210514019994,lost,-1.0
2025_03_IND_TEN,2025,3,total_points,over,43.5,-105.0,0.5595958855542045,0.04740076360298495,won,0.9523809523809523
2025_03_KC_NYG,2025,3,spread,away,-6.0,-115.0,0.5769528055924485,0.04206908466221604,won,0.8695652173913043
2025_03_LA_PHI,2025,3,moneyline,away,,164.0,0.4227741785758703,0.04398629978799151,lost,-1.0
2025_03_LV_WAS,2025,3,total_points,over,43.5,-110.0,0.5662276449506096,0.042418121141085785,won,0.9090909090909091
2025_03_NO_SEA,2025,3,moneyline,away,,295.0,0.4609363589067541,0.20777180194472877,lost,-1.0
2025_03_NO_SEA,2025,3,spread,away,7.5,-115.0,0.6709114662626827,0.1360277453324502,lost,-1.0
2025_03_NO_SEA,2025,3,total_points,over,41.5,-112.0,0.666341067259194,0.13803918046674113,won,0.8928571428571429
2025_03_PIT_NE,2025,3,moneyline,home,,100.0,0.6075493483071818,0.10754934830718177,lost,-1.0
2025_03_PIT_NE,2025,3,spread,home,1.5,-115.0,0.6490616585674209,0.11417793763718842,lost,-1.0
2025_03_PIT_NE,2025,3,total_points,under,44.5,-112.0,0.6067669507389478,0.078465063946495,won,0.8928571428571429
2025_03_DET_BAL,2025,3,spread,home,-4.5,-115.0,0.5784968687815648,0.0436131478513323,lost,-1.0
2025_03_DET_BAL,2025,3,total_points,under,53.5,-105.0,0.6341598448142195,0.12196472286299997,lost,-1.0
2025_04_SEA_ARI,2025,4,total_points,over,43.5,-112.0,0.5802997124648231,0.051997825672370324,lost,-1.0
2025_04_BAL_KC,2025,4,moneyline,home,,124.0,0.5640566640521522,0.1176280926235807,won,1.24
2025_04_BAL_KC,2025,4,spread,home,2.5,100.0,0.6261982209640793,0.1261982209640793,won,1.0
2025_04_BAL_KC,2025,4,total_points,under,48.5,100.0,0.5409549369593148,0.04095493695931485,lost,-1.0
2025_04_CAR_NE,2025,4,spread,home,-5.5,-112.0,0.5785289002069133,0.05022701341446045,won,0.8928571428571429
2025_04_CHI_LV,2025,4,total_points,under,47.5,-105.0,0.6122582600342658,0.10006313808304623,lost,-1.0
2025_04_CLE_DET,2025,4,moneyline,away,,410.0,0.34079144366126074,0.14471301228871172,lost,-1.0
2025_04_CLE_DET,2025,4,spread,away,10.0,-108.0,0.6188421570781298,0.09961138784736057,lost,-1.0
2025_04_CLE_DET,2025,4,total_points,over,44.5,-105.0,0.5748616398855659,0.06266651793434641,lost,-1.0
2025_04_GB_DAL,2025,4,moneyline,home,,275.0,0.5481534062406797,0.281486739574013,push,0.0
2025_04_GB_DAL,2025,4,spread,home,7.0,-115.0,0.7355762173074097,0.20069249637717723,won,0.8695652173913043
2025_04_IND_LA,2025,4,total_points,under,49.5,-105.0,0.5683755700704056,0.0561804481191861,won,0.9523809523809523
2025_04_JAX_SF,2025,4,spread,home,-3.5,100.0,0.5546608115276304,0.05466081152763036,lost,-1.0
2025_04_LAC_NYG,2025,4,moneyline,home,,230.0,0.3792388158745752,0.07620851284427216,won,2.3
2025_04_MIN_PIT,2025,4,moneyline,home,,124.0,0.5444883226313404,0.09805975120276894,won,1.24
2025_04_MIN_PIT,2025,4,spread,home,2.5,105.0,0.6081829616462071,0.12037808359742663,won,1.05
2025_04_NO_BUF,2025,4,moneyline,away,,800.0,0.40700125245914875,0.29589014134803765,lost,-1.0
2025_04_NO_BUF,2025,4,spread,away,15.5,-115.0,0.8042325597050615,0.26934883877482896,won,0.8695652173913043
2025_04_PHI_TB,2025,4,moneyline,home,,154.0,0.507414207864332,0.11371342046275718,lost,-1.0
2025_04_PHI_TB,2025,4,spread,home,3.5,-118.0,0.6021570703324751,0.060872666662750374,lost,-1.0
2025_04_PHI_TB,2025,4,total_points,over,44.5,-102.0,0.621446690467872,0.11649619541836709,won,0.9803921568627451
2025_04_TEN_HOU,2025,4,moneyline,away,,340.0,0.47182281016972094,0.24455008289699368,lost,-1.0
2025_04_TEN_HOU,2025,4,spread,away,7.5,-115.0,0.6858784732475647,0.15099475231733217,lost,-1.0
2025_04_TEN_HOU,2025,4,total_points,over,39.5,-115.0,0.6073787585318069,0.07249503760157439,lost,-1.0
2025_04_WAS_ATL,2025,4,total_points,over,43.5,-108.0,0.5824292655592602,0.06319849632849095,won,0.9259259259259259
2025_04_CIN_DEN,2025,4,moneyline,away,,360.0,0.46176907916443544,0.24437777481660936,lost,-1.0
2025_04_CIN_DEN,2025,4,spread,away,7.5,-115.0,0.6784524627087186,0.1435687417784861,lost,-1.0
2025_04_CIN_DEN,2025,4,total_points,under,44.5,-115.0,0.5801327088427127,0.04524898791248022,won,0.8695652173913043
2025_05_SF_LA,2025,5,moneyline,away,,340.0,0.41582576408209443,0.18855303680936716,won,3.4
2025_05_SF_LA,2025,5,spread,away,8.5,-110.0,0.6537201875286635,0.12991066371913962,won,0.9090909090909091
2025_05_SF_LA,2025,5,total_points,over,43.5,-112.0,0.5765301143440519,0.04822822755159906,won,0.8928571428571429
2025_05_DAL_NYJ,2025,5,moneyline,away,,-105.0,0.6577012391754888,0.14550611722426932,won,0.9523809523809523
2025_05_DAL_NYJ,2025,5,spread,away,1.5,-120.0,0.6994628070818711,0.15400826162732573,won,0.8333333333333334
2025_05_DAL_NYJ,2025,5,total_points,under,48.5,-110.0,0.6254977976951639,0.10168827388564006,lost,-1.0
2025_05_DET_CIN,2025,5,moneyline,home,,425.0,0.5436799158992902,0.35320372542309975,lost,-1.0
2025_05_DET_CIN,2025,5,spread,home,10.5,-118.0,0.7996936962677921,0.25840929259806733,lost,-1.0
2025_05_HOU_BAL,2025,5,moneyline,home,,124.0,0.7421949196266825,0.29576634819811104,lost,-1.0
2025_05_HOU_BAL,2025,5,spread,home,2.5,-102.0,0.7917291467079887,0.2867786516584837,lost,-1.0
2025_05_HOU_BAL,2025,5,total_points,over,41.5,-105.0,0.566485911161368,0.054290789210148516,won,0.9523809523809523
2025_05_LV_IND,2025,5,moneyline,away,,285.0,0.3926364351159739,0.1328961753757142,lost,-1.0
2025_05_LV_IND,2025,5,spread,away,7.0,100.0,0.5918467180444642,0.0918467180444642,lost,-1.0
2025_05_MIA_CAR,2025,5,moneyline,home,,100.0,0.538898084276025,0.038898084276025036,won,1.0
2025_05_MIA_CAR,2025,5,spread,home,1.5,-115.0,0.5809138599035606,0.04603013897332808,won,0.8695652173913043
2025_05_MIN_CLE,2025,5,total_points,over,35.5,-108.0,0.7296356343819768,0.2104048651512075,won,0.9259259259259259
2025_05_NE_BUF,2025,5,moneyline,away,,310.0,0.44015169586586084,0.1962492568414706,won,3.1
2025_05_NE_BUF,2025,5,spread,away,7.5,-105.0,0.6566623177385266,0.14446719578730705,won,0.9523809523809523
2025_05_NE_BUF,2025,5,total_points,under,49.5,-108.0,0.6631477290013675,0.14391695977059826,won,0.9259259259259259
2025_05_NYG_NO,2025,5,moneyline,home,,-120.0,0.7361116938980831,0.19065714844353765,won,0.8333333333333334
2025_05_NYG_NO,2025,5,spread,home,-1.5,-105.0,0.6968284269727711,0.18463330502155162,won,0.9523809523809523
2025_05_NYG_NO,2025,5,total_points,over,41.5,-115.0,0.6016230398326885,0.06673931890245599,lost,-1.0
2025_05_TB_SEA,2025,5,total_points,over,44.5,-110.0,0.5905126356920791,0.06670311188255529,won,0.9090909090909091
2025_05_TEN_ARI,2025,5,moneyline,away,,330.0,0.43337314351117917,0.20081500397629545,won,3.3
2025_05_TEN_ARI,2025,5,spread,away,7.5,-108.0,0.6483546356452237,0.1291238664144544,won,0.9259259259259259
2025_05_TEN_ARI,2025,5,total_points,over,41.5,-110.0,0.5963861430850826,0.0725766192755588,won,0.9090909090909091
2025_05_WAS_LAC,2025,5,moneyline,home,,-155.0,0.6601293096418432,0.05228617238694133,lost,-1.0
2025_05_WAS_LAC,2025,5,spread,home,-2.5,-120.0,0.5956446386220035,0.05019009316745804,lost,-1.0
2025_05_WAS_LAC,2025,5,total_points,under,47.5,-115.0,0.5707336333348761,0.035849912404643636,won,0.8695652173913043
2025_05_KC_JAX,2025,5,spread,away,-3.5,-110.0,0.6033963952360212,0.07958687142649734,lost,-1.0
2025_06_PHI_NYG,2025,6,moneyline,home,,310.0,0.3502327863864143,0.10633034736202407,won,3.1
2025_06_PHI_NYG,2025,6,spread,home,7.0,100.0,0.5461042958239392,0.046104295823939156,won,1.0
2025_06_PHI_NYG,2025,6,total_points,over,40.5,-115.0,0.6088314837394619,0.07394776280922943,won,0.8695652173913043
2025_06_ARI_IND,2025,6,moneyline,away,,360.0,0.4317598351559237,0.21436853080809762,lost,-1.0
2025_06_ARI_IND,2025,6,spread,away,8.5,-110.0,0.6674949576769598,0.14368543386743593,won,0.9090909090909091
2025_06_CIN_GB,2025,6,moneyline,away,,650.0,0.36361028314789295,0.23027694981455962,lost,-1.0
2025_06_CIN_GB,2025,6,spread,away,14.0,-110.0,0.7478321912311313,0.22402266742160748,won,0.9090909090909091
2025_06_CLE_PIT,2025,6,spread,home,-5.5,-120.0,0.583253522861193,0.037798977406647616,won,0.8333333333333334
2025_06_CLE_PIT,2025,6,total_points,over,37.5,-120.0,0.6155100759713413,0.07005553051679592,lost,-1.0
2025_06_DEN_NYJ,2025,6,moneyline,home,,310.0,0.424069042339178,0.1801666033147878,lost,-1.0
2025_06_DEN_NYJ,2025,6,spread,home,7.5,-120.0,0.6442863570909237,0.09883181163637833,won,0.8333333333333334
2025_06_DEN_NYJ,2025,6,total_points,under,43.5,-112.0,0.628713170651702,0.10041128385924913,won,0.8928571428571429
2025_06_DET_KC,2025,6,moneyline,home,,-142.0,0.7046950148866691,0.1179181553825368,won,0.704225352112676
2025_06_DET_KC,2025,6,spread,home,-2.5,-115.0,0.6444522068031209,0.10956848587288837,won,0.8695652173913043
2025_06_LAC_MIA,2025,6,moneyline,home,,170.0,0.44884433224395026,0.07847396187357991,lost,-1.0
2025_06_LA_BAL,2025,6,moneyline,home,,280.0,0.6428319331065417,0.37967403836969965,lost,-1.0
2025_06_LA_BAL,2025,6,spread,home,7.0,-115.0,0.8121025741585188,0.2772188532282863,lost,-1.0
2025_06_LA_BAL,2025,6,total_points,over,43.5,-112.0,0.5705580045384064,0.042256117745953614,lost,-1.0
2025_06_NE_NO,2025,6,moneyline,home,,160.0,0.5125209218739315,0.12790553725854686,lost,-1.0
2025_06_NE_NO,2025,6,spread,home,3.5,-115.0,0.6088223268487816,0.07393860591854906,lost,-1.0
2025_06_SEA_JAX,2025,6,moneyline,away,,-115.0,0.6083414205633021,0.07345769963306958,won,0.8695652173913043
2025_06_SEA_JAX,2025,6,spread,away,-1.5,100.0,0.5664829905801622,0.06648299058016216,won,1.0
2025_06_SEA_JAX,2025,6,total_points,under,47.5,-115.0,0.5881904720045135,0.053306751074280956,won,0.8695652173913043
2025_06_SF_TB,2025,6,moneyline,away,,160.0,0.432059762477669,0.04744437786228434,lost,-1.0
2025_06_TEN_LV,2025,6,moneyline,away,,154.0,0.48800166100252385,0.09430087360094902,lost,-1.0
2025_06_TEN_LV,2025,6,spread,away,3.5,-110.0,0.5885007246487167,0.06469120083919289,lost,-1.0
2025_06_TEN_LV,2025,6,total_points,over,41.5,-115.0,0.6041131170843833,0.0692293961541508,lost,-1.0
2025_06_BUF_ATL,2025,6,moneyline,home,,170.0,0.41480291968705435,0.044432549316684,won,1.7
2025_06_BUF_ATL,2025,6,total_points,under,49.5,-102.0,0.5698598873132407,0.06490939226373571,won,0.9803921568627451
2025_06_CHI_WAS,2025,6,moneyline,away,,210.0,0.447846576950254,0.12526593178896367,won,2.1
2025_06_CHI_WAS,2025,6,spread,away,5.5,-108.0,0.6035392108280823,0.08430844159731299,won,0.9259259259259259
2025_06_CHI_WAS,2025,6,total_points,under,49.5,-105.0,0.6909150014685442,0.1787198795173247,won,0.9523809523809523
2025_07_PIT_CIN,2025,7,moneyline,home,,200.0,0.47631305640641197,0.14297972307307866,won,2.0
2025_07_PIT_CIN,2025,7,spread,home,5.5,-115.0,0.6269300462128088,0.09204632528257628,won,0.8695652173913043
2025_07_ATL_SF,2025,7,moneyline,home,,-115.0,0.5808291319073771,0.04594541097714455,won,0.8695652173913043
2025_07_ATL_SF,2025,7,spread,home,-1.5,100.0,0.5356433938234305,0.035643393823430514,won,1.0
2025_07_CAR_NYJ,2025,7,total_points,over,39.5,-118.0,0.6044442107890429,0.06315980711931812,lost,-1.0
2025_07_GB_ARI,2025,7,moneyline,home,,310.0,0.4513103854644823,0.20740794644009208,lost,-1.0
2025_07_GB_ARI,2025,7,spread,home,7.0,-105.0,0.6479754646428537,0.1357803426916342,won,0.9523809523809523
2025_07_GB_ARI,2025,7,total_points,over,44.5,-110.0,0.5651954487914664,0.0413859249819426,won,0.9090909090909091
2025_07_IND_LAC,2025,7,total_points,under,48.5,-110.0,0.5591881606744693,0.03537863686494547,lost,-1.0
2025_07_LV_KC,2025,7,moneyline,away,,625.0,0.2325778879906276,0.09464685350786897,lost,-1.0
2025_07_LV_KC,2025,7,spread,away,13.5,-115.0,0.584839662022502,0.04995594109226953,lost,-1.0
2025_07_LV_KC,2025,7,total_points,over,44.5,-105.0,0.5896668158208499,0.07747169386963038,lost,-1.0
2025_07_MIA_CLE,2025,7,moneyline,away,,124.0,0.5144297072603837,0.06800113583181228,lost,-1.0
2025_07_MIA_CLE,2025,7,spread,away,2.5,-102.0,0.582004732639308,0.07705423758980301,lost,-1.0
2025_07_MIA_CLE,2025,7,total_points,over,34.5,-108.0,0.7587062352762199,0.23947546604545067,won,0.9259259259259259
2025_07_NE_TEN,2025,7,moneyline,home,,235.0,0.3951778129896486,0.09667035030308146,lost,-1.0
2025_07_NE_TEN,2025,7,spread,home,6.5,-112.0,0.5749754963596754,0.04667360956722255,lost,-1.0
2025_07_NO_CHI,2025,7,moneyline,away,,185.0,0.585267468277411,0.23439027529495493,lost,-1.0
2025_07_NO_CHI,2025,7,spread,away,4.5,-120.0,0.7092020401349435,0.16374749468039806,lost,-1.0
2025_07_NYG_DEN,2025,7,moneyline,away,,330.0,0.34002923228604853,0.10747109275116482,lost,-1.0
2025_07_NYG_DEN,2025,7,spread,away,7.5,-105.0,0.5630647308492528,0.05086960889803327,won,0.9523809523809523
2025_07_PHI_MIN,2025,7,moneyline,home,,124.0,0.5409264398902744,0.094497868461703,lost,-1.0
2025_07_PHI_MIN,2025,7,spread,home,2.5,-110.0,0.6039975039222555,0.08018798011273165,lost,-1.0
2025_07_PHI_MIN,2025,7,total_points,over,43.5,-115.0,0.5832193362949976,0.04833561536476505,won,0.8695652173913043
2025_07_WAS_DAL,2025,7,moneyline,home,,-125.0,0.6807810834355627,0.12522552788000707,won,0.8
2025_07_WAS_DAL,2025,7,spread,home,-1.5,-112.0,0.6386645357059092,0.11036264891345637,won,0.8928571428571429
2025_07_WAS_DAL,2025,7,total_points,under,54.5,-108.0,0.7081503119001478,0.1889195426693785,lost,-1.0
2025_07_HOU_SEA,2025,7,spread,home,-3.0,-110.0,0.5956558818591072,0.07184635804958339,won,0.9090909090909091
2025_07_HOU_SEA,2025,7,total_points,over,41.5,-110.0,0.5717974597405279,0.04798793593100403,won,0.9090909090909091
2025_07_TB_DET,2025,7,moneyline,away,,225.0,0.4890183255345059,0.1813260178421982,lost,-1.0
2025_07_TB_DET,2025,7,spread,away,6.0,-112.0,0.6532710116135176,0.12496912482106481,lost,-1.0
2025_07_TB_DET,2025,7,total_points,under,54.5,-115.0,0.5954072200489026,0.060523499118670054,won,0.8695652173913043
2025_08_MIN_LAC,2025,8,moneyline,away,,142.0,0.47211961954406934,0.058896479048201555,lost,-1.0
2025_08_MIN_LAC,2025,8,spread,away,3.0,100.0,0.558529889416512,0.05852988941651205,lost,-1.0
2025_08_BUF_CAR,2025,8,moneyline,home,,310.0,0.36534554926999013,0.1214431102455999,lost,-1.0
2025_08_BUF_CAR,2025,8,spread,home,7.0,-105.0,0.5612622262478358,0.049067104296616315,lost,-1.0
2025_08_CHI_BAL,2025,8,moneyline,home,,-148.0,0.7415575747699225,0.14478338122153533,won,0.6756756756756757
2025_08_CHI_BAL,2025,8,spread,home,-2.5,-118.0,0.6828543205023926,0.14156991683266784,won,0.847457627118644
2025_08_CHI_BAL,2025,8,total_points,under,45.5,-112.0,0.580751700406663,0.052449813614210195,lost,-1.0
2025_08_CLE_NE,2025,8,spread,home,-7.0,-105.0,0.597539168384674,0.0853440464334545,won,0.9523809523809523
2025_08_DAL_DEN,2025,8,moneyline,away,,160.0,0.5413572191033388,0.15674183448795415,lost,-1.0
2025_08_DAL_DEN,2025,8,spread,away,3.5,-110.0,0.6407975540494156,0.1169880302398918,lost,-1.0
2025_08_DAL_DEN,2025,8,total_points,under,51.5,-110.0,0.7239305644075427,0.20012104059801883,lost,-1.0
2025_08_GB_PIT,2025,8,moneyline,home,,130.0,0.5359957361332155,0.10121312743756333,lost,-1.0
2025_08_GB_PIT,2025,8,spread,home,3.0,-120.0,0.6196844648032733,0.07422991934872791,lost,-1.0
2025_08_MIA_ATL,2025,8,moneyline,away,,280.0,0.40243952599167726,0.13928163125483517,won,2.8
2025_08_MIA_ATL,2025,8,spread,away,7.0,-115.0,0.6027102010204035,0.067826480090171,won,0.8695652173913043
2025_08_MIA_ATL,2025,8,total_points,over,44.5,-105.0,0.5614773043779018,0.04928218242668225,lost,-1.0
2025_08_SF_HOU,2025,8,moneyline,away,,130.0,0.5145972765546972,0.07981466785904506,lost,-1.0
2025_08_SF_HOU,2025,8,spread,away,2.5,100.0,0.5821928807386617,0.08219288073866171,lost,-1.0
2025_08_SF_HOU,2025,8,total_points,over,41.5,-108.0,0.5753679998707528,0.05613723063998355,lost,-1.0
2025_08_TB_NO,2025,8,moneyline,home,,180.0,0.5876431514745105,0.23050029433165337,lost,-1.0
2025_08_TB_NO,2025,8,spread,home,4.5,-115.0,0.7052964966210689,0.17041277569083635,lost,-1.0
2025_08_TB_NO,2025,8,total_points,over,46.5,-110.0,0.5972624633075017,0.07345293949797782,lost,-1.0
2025_08_TEN_IND,2025,8,moneyline,away,,950.0,0.41023497384672064,0.3149968786086254,lost,-1.0
2025_08_TEN_IND,2025,8,spread,away,15.5,-115.0,0.8098017736689099,0.2749180527386774,lost,-1.0
2025_08_TEN_IND,2025,8,total_points,under,47.5,-102.0,0.5543085713099983,0.04935807626049338,lost,-1.0
2025_08_WAS_KC,2025,8,moneyline,away,,500.0,0.23488890023471046,0.0682222335680438,lost,-1.0
2025_09_BAL_MIA,2025,9,moneyline,home,,350.0,0.35397769708953886,0.13175547486731665,lost,-1.0
2025_09_BAL_MIA,2025,9,spread,home,7.5,100.0,0.565077289483108,0.06507728948310798,lost,-1.0
2025_09_BAL_MIA,2025,9,total_points,under,51.5,-110.0,0.6614718240523831,0.1376623002428593,won,0.9090909090909091
2025_09_CAR_GB,2025,9,moneyline,away,,650.0,0.3052259682436917,0.17189263491035836,won,6.5
2025_09_CAR_GB,2025,9,spread,away,12.5,-102.0,0.6444156371695812,0.1394651421200762,won,0.9803921568627451
2025_09_CAR_GB,2025,9,total_points,over,43.5,-105.0,0.5870732176886787,0.07487809573745918,lost,-1.0
2025_09_CHI_CIN,2025,9,moneyline,home,,136.0,0.6005958568941185,0.17686704333479653,lost,-1.0
2025_09_CHI_CIN,2025,9,spread,home,3.0,-115.0,0.6827328662708615,0.14784914534062898,lost,-1.0
2025_09_CHI_CIN,2025,9,total_points,under,51.5,-108.0,0.7272459029353691,0.2080151337045998,lost,-1.0
2025_09_IND_PIT,2025,9,moneyline,home,,154.0,0.610226177149963,0.21652538974838814,won,1.54
2025_09_IND_PIT,2025,9,spread,home,3.5,-120.0,0.7005253884453956,0.15507084299085017,won,0.8333333333333334
2025_09_IND_PIT,2025,9,total_points,under,51.5,-105.0,0.6929977529617068,0.18080263101048732,won,0.9523809523809523
2025_09_JAX_LV,2025,9,moneyline,home,,110.0,0.5597309103746912,0.08354043418421508,lost,-1.0
2025_09_JAX_LV,2025,9,spread,home,2.5,-115.0,0.6225187494078073,0.08763502847757476,won,0.8695652173913043
2025_09_KC_BUF,2025,9,total_points,under,53.5,-115.0,0.6681785879396825,0.13329486700945004,won,0.8695652173913043
2025_09_LAC_TEN,2025,9,moneyline,home,,470.0,0.462066569948303,0.2866279734570749,lost,-1.0
2025_09_LAC_TEN,2025,9,spread,home,10.0,-108.0,0.7353984912222601,0.2161677219914908,won,0.9259259259259259
2025_09_MIN_DET,2025,9,moneyline,away,,410.0,0.5085138096489683,0.3124353782764193,won,4.1
2025_09_MIN_DET,2025,9,spread,away,9.5,-108.0,0.7514435961790935,0.23221282694832424,won,0.9259259259259259
2025_09_NO_LA,2025,9,moneyline,away,,750.0,0.4622520754014899,0.3446050165779605,lost,-1.0
2025_09_NO_LA,2025,9,spread,away,14.0,-105.0,0.8215906278496381,0.3093955058984186,lost,-1.0
2025_09_NO_LA,2025,9,total_points,over,44.5,-115.0,0.5811957502929502,0.04631202936271772,lost,-1.0
2025_09_SF_NYG,2025,9,total_points,under,47.5,-108.0,0.6106575581090699,0.09142678887830058,lost,-1.0
2025_09_ARI_DAL,2025,9,spread,home,-3.5,-105.0,0.5492382246027092,0.03704310265148969,lost,-1.0
2025_09_ARI_DAL,2025,9,total_points,under,53.5,-105.0,0.6498501239913543,0.1376550020401348,won,0.9523809523809523
2025_10_LV_DEN,2025,10,moneyline,away,,380.0,0.3783761489966774,0.17004281566334403,lost,-1.0
2025_10_LV_DEN,2025,10,spread,away,9.5,-112.0,0.6430048327533753,0.11470294596092245,won,0.8928571428571429
2025_10_ARI_SEA,2025,10,moneyline,away,,270.0,0.34856442116710723,0.07829415089683694,lost,-1.0
2025_10_ATL_IND,2025,10,moneyline,away,,250.0,0.43100850145569336,0.14529421574140766,lost,-1.0
2025_10_ATL_IND,2025,10,spread,away,6.5,-112.0,0.6093097693092546,0.0810078825168018,won,0.8928571428571429
2025_10_BAL_MIN,2025,10,moneyline,home,,190.0,0.46661580501661454,0.12178821880971796,lost,-1.0
2025_10_BAL_MIN,2025,10,spread,home,4.5,-115.0,0.5958813734465048,0.060997652516272316,lost,-1.0
2025_10_BAL_MIN,2025,10,total_points,under,48.5,-105.0,0.5996493532408385,0.08745423128961893,won,0.9523809523809523
2025_10_BUF_MIA,2025,10,moneyline,home,,350.0,0.36791327045216216,0.14569104822993995,won,3.5
2025_10_BUF_MIA,2025,10,spread,home,8.5,-115.0,0.6038789492435802,0.0689952283133477,won,0.8695652173913043
2025_10_BUF_MIA,2025,10,total_points,under,50.5,-115.0,0.6300885919926489,0.09520487106241637,won,0.8695652173913043
2025_10_CLE_NYJ,2025,10,moneyline,home,,110.0,0.5366802171376278,0.06048974094715165,won,1.1
2025_10_CLE_NYJ,2025,10,spread,home,1.5,-105.0,0.5798691410285618,0.06767401907734227,won,0.9523809523809523
2025_10_CLE_NYJ,2025,10,total_points,over,37.5,-105.0,0.6050138715841878,0.09281874963296832,won,0.9523809523809523
2025_10_DET_WAS,2025,10,moneyline,home,,350.0,0.4821958082094193,0.2599735859871971,lost,-1.0
2025_10_DET_WAS,2025,10,spread,home,8.5,-115.0,0.7082606980961864,0.1733769771659539,lost,-1.0
2025_10_JAX_HOU,2025,10,moneyline,home,,-105.0,0.5934396178497139,0.08124449589849436,won,0.9523809523809523
2025_10_JAX_HOU,2025,10,spread,home,1.5,-120.0,0.6349882716800976,0.08953372622555222,won,0.8333333333333334
2025_10_JAX_HOU,2025,10,total_points,over,37.5,-108.0,0.6372447943545559,0.11801402512378667,won,0.9259259259259259
2025_10_LA_SF,2025,10,moneyline,home,,210.0,0.5093508617583219,0.18677021659703158,lost,-1.0
2025_10_LA_SF,2025,10,spread,home,5.5,-105.0,0.6561590572753314,0.1439639353241119,lost,-1.0
2025_10_LA_SF,2025,10,total_points,under,49.5,-110.0,0.5952217806854825,0.07141225687595865,lost,-1.0
2025_10_NE_TB,2025,10,moneyline,away,,124.0,0.5307428817312668,0.08431431030269537,won,1.24
2025_10_NE_TB,2025,10,spread,away,2.5,100.0,0.597656143131683,0.09765614313168303,won,1.0
2025_10_NE_TB,2025,10,total_points,under,48.5,-105.0,0.5859286619210912,0.07373353996987164,lost,-1.0
2025_10_NO_CAR,2025,10,moneyline,away,,200.0,0.5857445857371231,0.25241125240378975,won,2.0
2025_10_NO_CAR,2025,10,spread,away,5.5,-112.0,0.7262218899010447,0.19792000310859192,won,0.8928571428571429
2025_10_NO_CAR,2025,10,total_points,over,38.5,-115.0,0.7373973915762732,0.20251367064604064,lost,-1.0
2025_10_NYG_CHI,2025,10,total_points,under,45.5,-112.0,0.6312707550397462,0.10296886824729334,won,0.8928571428571429
2025_10_PIT_LAC,2025,10,moneyline,away,,136.0,0.4611807440064203,0.03745193044709827,lost,-1.0
2025_11_NYJ_NE,2025,11,moneyline,away,,625.0,0.20973084491512156,0.07179981043236294,lost,-1.0
2025_11_NYJ_NE,2025,11,total_points,under,43.5,-115.0,0.5820833103368097,0.0471995894065772,won,0.8695652173913043
2025_11_BAL_CLE,2025,11,moneyline,home,,340.0,0.29009335282298643,0.06282062555025916,lost,-1.0
2025_11_BAL_CLE,2025,11,total_points,over,37.5,-115.0,0.6758566292399111,0.14097290830967857,won,0.8695652173913043
2025_11_CAR_ATL,2025,11,moneyline,away,,180.0,0.39623783839841387,0.039094981255556716,won,1.8
2025_11_CAR_ATL,2025,11,total_points,over,42.5,-110.0,0.6169570284444262,0.0931475046349024,won,0.9090909090909091
2025_11_CHI_MIN,2025,11,moneyline,home,,-148.0,0.6680372427728417,0.07126304922445459,lost,-1.0
2025_11_CHI_MIN,2025,11,spread,home,-3.0,-105.0,0.5896220475758756,0.07742692562465603,lost,-1.0
2025_11_CHI_MIN,2025,11,total_points,under,47.5,-102.0,0.6403406031738156,0.13539010812431063,won,0.9803921568627451
2025_11_CIN_PIT,2025,11,moneyline,away,,205.0,0.37756838252618713,0.04969953006717076,lost,-1.0
2025_11_CIN_PIT,2025,11,total_points,under,48.5,-110.0,0.634324390942163,0.11051486713263914,won,0.9090909090909091
2025_11_DET_PHI,2025,11,total_points,over,46.5,-112.0,0.5968676981228356,0.06856581133038275,lost,-1.0
2025_11_GB_NYG,2025,11,moneyline,home,,340.0,0.35392760578921895,0.12665487851649168,lost,-1.0
2025_11_GB_NYG,2025,11,spread,home,7.5,-110.0,0.5670365350175594,0.043227011208035515,won,0.9090909090909091
2025_11_GB_NYG,2025,11,total_points,over,41.5,-110.0,0.5687454255592065,0.04493590174968265,won,0.9090909090909091
2025_11_HOU_TEN,2025,11,moneyline,home,,215.0,0.5523917213742402,0.23493140391392275,lost,-1.0
2025_11_HOU_TEN,2025,11,spread,home,5.5,-112.0,0.6967922034931227,0.16849031670066983,won,0.8928571428571429
2025_11_HOU_TEN,2025,11,total_points,over,37.5,-102.0,0.6475675408602837,0.14261704581077872,lost,-1.0
2025_11_SEA_LA,2025,11,moneyline,away,,145.0,0.4705631004048507,0.06239983509872826,lost,-1.0
2025_11_SEA_LA,2025,11,spread,away,3.0,100.0,0.5564803860716182,0.056480386071618205,won,1.0
2025_11_SEA_LA,2025,11,total_points,under,49.5,-105.0,0.591484824421766,0.07928970247054645,won,0.9523809523809523
2025_11_SF_ARI,2025,11,moneyline,home,,160.0,0.5105037376510368,0.1258883530356522,lost,-1.0
2025_11_SF_ARI,2025,11,spread,home,3.5,-115.0,0.6062646022152022,0.07138088128496967,lost,-1.0
2025_11_TB_BUF,2025,11,moneyline,away,,230.0,0.36818147816204194,0.0651511751317389,lost,-1.0
2025_12_BUF_HOU,2025,12,moneyline,home,,210.0,0.3847210595004365,0.06214041433914619,won,2.1
2025_12_ATL_NO,2025,12,moneyline,home,,-122.0,0.6343517298418505,0.08480218029230091,lost,-1.0
2025_12_ATL_NO,2025,12,spread,home,-1.5,-108.0,0.5908273976071285,0.07159662837635927,lost,-1.0
2025_12_ATL_NO,2025,12,total_points,over,41.5,-102.0,0.6852156177534126,0.1802651227039076,lost,-1.0
2025_12_CLE_LV,2025,12,total_points,over,35.5,-118.0,0.7461049792845699,0.20482057561484512,lost,-1.0
2025_12_IND_KC,2025,12,spread,home,-3.5,-120.0,0.6181649173865916,0.07271037193204621,lost,-1.0
2025_12_JAX_ARI,2025,12,moneyline,home,,114.0,0.6056412048379,0.13835148521173174,lost,-1.0
2025_12_JAX_ARI,2025,12,spread,home,2.5,-112.0,0.6662492617616398,0.13794737496918696,lost,-1.0
2025_12_JAX_ARI,2025,12,total_points,under,47.5,-115.0,0.5704526683658301,0.035568947435597575,lost,-1.0
2025_12_MIN_GB,2025,12,moneyline,away,,235.0,0.43004860942422046,0.13154114673765332,lost,-1.0
2025_12_MIN_GB,2025,12,spread,away,6.5,-112.0,0.6100981443060484,0.08179625751359554,lost,-1.0
2025_12_MIN_GB,2025,12,total_points,over,41.5,-108.0,0.6143665609666648,0.09513579173589548,lost,-1.0
2025_12_NE_CIN,2025,12,moneyline,home,,310.0,0.41245876712424734,0.1685563280998571,lost,-1.0
2025_12_NE_CIN,2025,12,spread,home,7.5,-112.0,0.6263659029750194,0.09806401618256655,won,0.8928571428571429
2025_12_NE_CIN,2025,12,total_points,under,50.5,-102.0,0.676662803880153,0.17171230883064803,won,0.9803921568627451
2025_12_NYG_DET,2025,12,moneyline,away,,675.0,0.3299418325991808,0.20090957453466468,lost,-1.0
2025_12_NYG_DET,2025,12,spread,away,14.0,-115.0,0.7171227682647107,0.18223904733447815,won,0.8695652173913043
2025_12_NYG_DET,2025,12,total_points,under,50.5,100.0,0.6105382177248925,0.11053821772489247,lost,-1.0
2025_12_NYJ_BAL,2025,12,moneyline,away,,675.0,0.1933487363446747,0.06431647828015857,lost,-1.0
2025_12_NYJ_BAL,2025,12,spread,away,14.0,-110.0,0.5649333553937341,0.04112383158421029,won,0.9090909090909091
2025_12_NYJ_BAL,2025,12,total_points,under,44.5,-102.0,0.5587699452223948,0.053819450172889804,won,0.9803921568627451
2025_12_PHI_DAL,2025,12,moneyline,home,,136.0,0.5453547274323249,0.12162591387300292,won,1.36
2025_12_PHI_DAL,2025,12,spread,home,3.0,-115.0,0.6272617201803413,0.09237799925010881,won,0.8695652173913043
2025_12_PIT_CHI,2025,12,moneyline,away,,130.0,0.5686219322782944,0.13383932358264222,lost,-1.0
2025_12_PIT_CHI,2025,12,spread,away,3.0,-115.0,0.6566573896605011,0.12177366873026862,push,0.0
2025_12_PIT_CHI,2025,12,total_points,under,46.5,-108.0,0.6607588932225439,0.1415281239917746,lost,-1.0
2025_12_SEA_TEN,2025,12,moneyline,home,,625.0,0.42241677066773176,0.28448573618497314,lost,-1.0
2025_12_SEA_TEN,2025,12,spread,home,12.5,-105.0,0.7525034158819996,0.24030829393078013,won,0.9523809523809523
2025_12_SEA_TEN,2025,12,total_points,over,41.5,-110.0,0.584739888575736,0.060930364766212164,won,0.9090909090909091
2025_12_TB_LA,2025,12,moneyline,away,,295.0,0.42290107410105265,0.16973651713902732,lost,-1.0
2025_12_TB_LA,2025,12,spread,away,7.0,-110.0,0.6222277605444704,0.09841823673494654,lost,-1.0
2025_12_TB_LA,2025,12,total_points,under,49.5,100.0,0.5360840476188002,0.03608404761880024,won,1.0
2025_12_CAR_SF,2025,12,moneyline,away,,310.0,0.36090545247944594,0.1170030134550557,lost,-1.0
2025_12_CAR_SF,2025,12,spread,away,7.5,-115.0,0.5753943226509687,0.04051060172073617,lost,-1.0
2025_12_CAR_SF,2025,12,total_points,under,48.5,-105.0,0.5727777747728651,0.060582652821645544,won,0.9523809523809523
2025_13_CIN_BAL,2025,13,moneyline,away,,295.0,0.2929306070837799,0.03976605012175455,won,2.95
2025_13_CIN_BAL,2025,13,total_points,under,52.5,-115.0,0.6767874255894478,0.1419037046592153,won,0.8695652173913043
2025_13_GB_DET,2025,13,moneyline,away,,130.0,0.5246362776784046,0.08985366898275243,won,1.3
2025_13_GB_DET,2025,13,spread,away,2.5,105.0,0.5908452094444563,0.10304033139567581,won,1.05
2025_13_KC_DAL,2025,13,moneyline,home,,154.0,0.4558337482641303,0.062132960862555486,won,1.54
2025_13_KC_DAL,2025,13,total_points,under,53.5,-110.0,0.6280085362936733,0.10419901248414942,lost,-1.0
2025_13_CHI_PHI,2025,13,moneyline,away,,270.0,0.31619762857684586,0.04592735830657557,won,2.7
2025_13_ARI_TB,2025,13,total_points,over,44.5,-112.0,0.611169065445434,0.08286717865298121,lost,-1.0
2025_13_ATL_NYJ,2025,13,total_points,over,38.5,-115.0,0.6504773435257076,0.11559362259547512,won,0.8695652173913043
2025_13_BUF_PIT,2025,13,moneyline,home,,140.0,0.48989543622341775,0.07322876955675106,lost,-1.0
2025_13_BUF_PIT,2025,13,spread,home,3.0,-105.0,0.5736718566450277,0.06147673469380821,lost,-1.0
2025_13_DEN_WAS,2025,13,moneyline,home,,250.0,0.4882806591246484,0.2025663734103627,lost,-1.0
2025_13_DEN_WAS,2025,13,spread,home,6.5,-115.0,0.6652421646236693,0.13035844369343674,won,0.8695652173913043
2025_13_JAX_TEN,2025,13,moneyline,home,,220.0,0.5886797530170463,0.27617975301704634,lost,-1.0
2025_13_JAX_TEN,2025,13,spread,home,6.0,-112.0,0.74487297411744,0.2165710873249872,lost,-1.0
2025_13_LA_CAR,2025,13,moneyline,home,,425.0,0.41243846427355774,0.22196227379736727,won,4.25
2025_13_LA_CAR,2025,13,spread,home,10.0,-110.0,0.6896051212638562,0.16579559745433237,won,0.9090909090909091
2025_13_LV_LAC,2025,13,moneyline,away,,440.0,0.32389301652144215,0.13870783133625697,lost,-1.0
2025_13_LV_LAC,2025,13,spread,away,10.0,-115.0,0.6029541610691073,0.06807044013887475,lost,-1.0
2025_13_LV_LAC,2025,13,total_points,over,40.5,-112.0,0.6428144280737783,0.11451254128132549,won,0.8928571428571429
2025_13_MIN_SEA,2025,13,moneyline,away,,600.0,0.42033891932735556,0.2774817764702127,lost,-1.0
2025_13_MIN_SEA,2025,13,spread,away,12.5,-110.0,0.7526651991164395,0.22885567530691564,lost,-1.0
2025_13_MIN_SEA,2025,13,total_points,over,42.5,-110.0,0.5833938552806652,0.059584331471141394,lost,-1.0
2025_13_NO_MIA,2025,13,moneyline,away,,205.0,0.5703594609831116,0.24249060852409526,lost,-1.0
2025_13_NO_MIA,2025,13,spread,away,5.5,-110.0,0.7130715785916527,0.18926205478212887,won,0.9090909090909091
2025_13_NO_MIA,2025,13,total_points,over,41.5,-115.0,0.6547946477402787,0.11991092681004623,lost,-1.0
2025_13_SF_CLE,2025,13,moneyline,home,,205.0,0.41150042155886946,0.08363156909985309,lost,-1.0
2025_13_SF_CLE,2025,13,total_points,over,35.5,-108.0,0.7446114670461392,0.22538069781536996,lost,-1.0
2025_13_NYG_NE,2025,13,spread,home,-7.0,-115.0,0.6044456769275722,0.06956195599733972,won,0.8695652173913043
2025_13_NYG_NE,2025,13,total_points,under,46.5,-105.0,0.6415913108590297,0.12939618890781013,lost,-1.0
2025_14_DAL_DET,2025,14,moneyline,away,,160.0,0.5215800871995678,0.1369647025841832,lost,-1.0
2025_14_DAL_DET,2025,14,spread,away,3.5,-110.0,0.6183944949934485,0.09458497118392462,lost,-1.0
2025_14_DAL_DET,2025,14,total_points,under,55.5,-110.0,0.640498621143144,0.1166890973336202,lost,-1.0
2025_14_CIN_BUF,2025,14,total_points,under,54.5,-108.0,0.7184551965115978,0.19922442728082856,lost,-1.0
2025_14_DEN_LV,2025,14,moneyline,home,,360.0,0.4705413641009243,0.25315005975309823,lost,-1.0
2025_14_DEN_LV,2025,14,spread,home,8.5,-110.0,0.7046230483676916,0.1808135245581678,won,0.9090909090909091
2025_14_HOU_KC,2025,14,spread,home,-4.5,-105.0,0.6297992327166146,0.11760411076539512,lost,-1.0
2025_14_HOU_KC,2025,14,total_points,over,41.5,-110.0,0.6055819499128661,0.08177242610334223,lost,-1.0
2025_14_LA_ARI,2025,14,moneyline,home,,380.0,0.45725733749686365,0.2489240041635303,lost,-1.0
2025_14_LA_ARI,2025,14,spread,home,9.5,-110.0,0.7075914015294172,0.1837818777198934,lost,-1.0
2025_14_LA_ARI,2025,14,total_points,under,49.5,-110.0,0.5776060831951151,0.05379655938559125,lost,-1.0
2025_14_NO_TB,2025,14,moneyline,away,,330.0,0.4821722365648061,0.2496140970299224,won,3.3
2025_14_NO_TB,2025,14,spread,away,7.5,-102.0,0.6881933339199761,0.1832428388704711,won,0.9803921568627451
2025_14_NO_TB,2025,14,total_points,over,41.5,-115.0,0.708882523092453,0.17399880216222052,won,0.8695652173913043
2025_14_PIT_BAL,2025,14,moneyline,away,,220.0,0.3613132165380347,0.04881321653803472,won,2.2
2025_14_SEA_ATL,2025,14,moneyline,home,,280.0,0.4464499746155816,0.18329207987873952,lost,-1.0
2025_14_SEA_ATL,2025,14,spread,home,7.0,-120.0,0.6433136577223552,0.09785911226780974,lost,-1.0
2025_14_SEA_ATL,2025,14,total_points,over,44.5,-112.0,0.5636176954050292,0.03531580861257633,won,0.8928571428571429
2025_14_TEN_CLE,2025,14,moneyline,away,,170.0,0.5226839024103591,0.15231353203998876,won,1.7
2025_14_TEN_CLE,2025,14,spread,away,4.5,-120.0,0.6541559006088494,0.10870135515430401,won,0.8333333333333334
2025_14_TEN_CLE,2025,14,total_points,over,33.5,-115.0,0.7497911258107559,0.2149074048805234,won,0.8695652173913043
2025_14_WAS_MIN,2025,14,moneyline,home,,-105.0,0.6720458171556586,0.15985069520443906,won,0.9523809523809523
2025_14_WAS_MIN,2025,14,spread,home,1.5,-118.0,0.7098405343626462,0.1685561306929214,won,0.847457627118644
2025_14_PHI_LAC,2025,14,total_points,over,41.5,-115.0,0.6334947547722342,0.09861103384200165,lost,-1.0
2025_15_ATL_TB,2025,15,moneyline,away,,225.0,0.3996341399933053,0.09194183230099762,won,2.25
2025_15_ATL_TB,2025,15,spread,away,6.0,-112.0,0.5658831968846039,0.03758131009215104,won,0.8928571428571429
2025_15_ATL_TB,2025,15,total_points,over,43.5,-110.0,0.649751207866983,0.1259416840574592,won,0.9090909090909091
2025_15_ARI_HOU,2025,15,moneyline,away,,455.0,0.4574397900271807,0.27725960984700054,lost,-1.0
2025_15_ARI_HOU,2025,15,spread,away,10.5,-110.0,0.7416875529950404,0.21787802918551658,lost,-1.0
2025_15_ARI_HOU,2025,15,total_points,over,42.5,-108.0,0.5659393951829197,0.04670862595215042,won,0.9259259259259259
2025_15_BAL_CIN,2025,15,total_points,under,51.5,-110.0,0.6507976116394745,0.12698808782995064,won,0.9090909090909091
2025_15_BUF_NE,2025,15,moneyline,home,,120.0,0.5517626982049717,0.09721724365951717,lost,-1.0
2025_15_BUF_NE,2025,15,spread,home,2.5,-110.0,0.615023087517573,0.09121356370804912,lost,-1.0
2025_15_BUF_NE,2025,15,total_points,under,49.5,-105.0,0.6566223829128234,0.14442726096160385,lost,-1.0
2025_15_CAR_NO,2025,15,moneyline,home,,124.0,0.6804356163570597,0.23400704492848828,won,1.24
2025_15_CAR_NO,2025,15,spread,home,2.5,-102.0,0.7354803074870461,0.23052981243754112,won,0.9803921568627451
2025_15_CAR_NO,2025,15,total_points,over,41.5,-112.0,0.6505508192428825,0.12224893245042967,lost,-1.0
2025_15_CLE_CHI,2025,15,moneyline,away,,295.0,0.3815110944354503,0.12834653747342495,lost,-1.0
2025_15_CLE_CHI,2025,15,spread,away,7.5,-112.0,0.6023887817400825,0.07408689494762966,lost,-1.0
2025_15_CLE_CHI,2025,15,total_points,over,38.5,-105.0,0.5867799124351195,0.07458479048389999,lost,-1.0
2025_15_DET_LA,2025,15,moneyline,away,,200.0,0.38708831056429344,0.05375497723096012,lost,-1.0
2025_15_DET_LA,2025,15,total_points,under,54.5,-105.0,0.6472215669472446,0.13502644499602512,lost,-1.0
2025_15_IND_SEA,2025,15,moneyline,away,,650.0,0.35946369056347993,0.2261303572301466,lost,-1.0
2025_15_IND_SEA,2025,15,spread,away,13.5,-105.0,0.7214382607152833,0.20924313876406375,won,0.9523809523809523
2025_15_IND_SEA,2025,15,total_points,over,41.5,-112.0,0.6483192787189436,0.12001739192649075,lost,-1.0
2025_15_LAC_KC,2025,15,total_points,over,41.5,-112.0,0.6414452837452534,0.11314339695280062,lost,-1.0
2025_15_LV_PHI,2025,15,moneyline,away,,650.0,0.29272712953832836,0.15939379620499503,lost,-1.0
2025_15_LV_PHI,2025,15,spread,away,12.5,-108.0,0.6304776500458685,0.11124688081509926,lost,-1.0
2025_15_LV_PHI,2025,15,total_points,over,37.5,-102.0,0.743552926507779,0.2386024314582741,lost,-1.0
2025_15_MIN_DAL,2025,15,moneyline,away,,215.0,0.43341406578444636,0.11595374832412891,won,2.15
2025_15_MIN_DAL,2025,15,spread,away,5.5,-110.0,0.586472029876234,0.0626625060667102,won,0.9090909090909091
2025_15_NYJ_JAX,2025,15,moneyline,away,,675.0,0.3823470048516169,0.25331474678710075,lost,-1.0
2025_15_NYJ_JAX,2025,15,spread,away,13.5,-105.0,0.7508382218663382,0.23864309991511867,lost,-1.0
2025_15_TEN_SF,2025,15,moneyline,away,,600.0,0.37960161119858843,0.23674446834144558,lost,-1.0
2025_15_TEN_SF,2025,15,spread,away,12.5,-108.0,0.7191188920473027,0.19988812281653345,lost,-1.0
2025_15_WAS_NYG,2025,15,moneyline,away,,124.0,0.4972096905570265,0.050781119128455066,won,1.24
2025_15_WAS_NYG,2025,15,spread,away,2.5,-105.0,0.5653415927404238,0.053146470789204314,won,0.9523809523809523
2025_15_WAS_NYG,2025,15,total_points,under,46.5,-115.0,0.5851894109206125,0.05030568999037999,lost,-1.0
2025_15_MIA_PIT,2025,15,spread,home,-3.0,-118.0,0.580235000948703,0.038950597278978205,won,0.847457627118644
2025_16_LA_SEA,2025,16,total_points,over,42.5,-115.0,0.6065812346234454,0.07169751369321287,won,0.8695652173913043
2025_16_GB_CHI,2025,16,moneyline,away,,-102.0,0.580107124037261,0.07515662898775599,lost,-1.0
2025_16_GB_CHI,2025,16,spread,away,1.5,-115.0,0.6251625656770881,0.09027884474685555,lost,-1.0
2025_16_PHI_WAS,2025,16,moneyline,home,,300.0,0.3962311897024831,0.1462311897024831,lost,-1.0
2025_16_PHI_WAS,2025,16,spread,home,7.0,100.0,0.5934398559486146,0.09343985594861459,lost,-1.0
2025_16_PHI_WAS,2025,16,total_points,over,43.5,-110.0,0.5796015085066287,0.05579198469710489,won,0.9090909090909091
2025_16_ATL_ARI,2025,16,moneyline,home,,124.0,0.5371593724072101,0.09073080097863867,lost,-1.0
2025_16_ATL_ARI,2025,16,spread,home,2.5,-105.0,0.600087823447345,0.08789270149612549,lost,-1.0
2025_16_BUF_CLE,2025,16,moneyline,home,,425.0,0.30798561556340576,0.11750942508721529,lost,-1.0
2025_16_BUF_CLE,2025,16,spread,home,10.5,-110.0,0.5980155526302068,0.07420602882068295,won,0.9090909090909091
2025_16_BUF_CLE,2025,16,total_points,over,41.5,-102.0,0.5763283728792843,0.07137787782977933,won,0.9803921568627451
2025_16_CIN_MIA,2025,16,moneyline,home,,170.0,0.5158574052294004,0.14548703485903003,lost,-1.0
2025_16_CIN_MIA,2025,16,spread,home,3.5,100.0,0.6116997596630767,0.11169975966307666,lost,-1.0
2025_16_CIN_MIA,2025,16,total_points,under,48.5,-112.0,0.5702247236240005,0.04192283683154763,lost,-1.0
2025_16_JAX_DEN,2025,16,total_points,under,46.5,-108.0,0.6617877034480574,0.1425569342172881,lost,-1.0
2025_16_KC_TEN,2025,16,spread,away,-3.5,100.0,0.5675942599464231,0.0675942599464231,lost,-1.0
2025_16_KC_TEN,2025,16,total_points,over,37.5,-110.0,0.7196910217813977,0.19588149797187382,lost,-1.0
2025_16_LAC_DAL,2025,16,total_points,under,50.5,-102.0,0.5922276605532257,0.08727716550372078,lost,-1.0
2025_16_LV_HOU,2025,16,moneyline,away,,900.0,0.3890335920535853,0.28903359205358525,lost,-1.0
2025_16_LV_HOU,2025,16,spread,away,14.5,-115.0,0.7800368717691478,0.2451531508389153,won,0.8695652173913043
2025_16_LV_HOU,2025,16,total_points,over,39.5,-110.0,0.6326824860397496,0.1088729622302258,won,0.9090909090909091
2025_16_NE_BAL,2025,16,total_points,under,48.5,-112.0,0.6487583361839977,0.12045644939154487,lost,-1.0
2025_16_NYJ_NO,2025,16,spread,home,-6.5,-115.0,0.5795169122958124,0.04463319136557986,won,0.8695652173913043
2025_16_NYJ_NO,2025,16,total_points,over,39.5,-115.0,0.6442210647789576,0.10933734384872507,lost,-1.0
2025_16_PIT_DET,2025,16,moneyline,away,,330.0,0.5045072217402071,0.27194908220532343,won,3.3
2025_16_PIT_DET,2025,16,spread,away,7.5,-105.0,0.7105526933759044,0.1983575714246849,won,0.9523809523809523
2025_16_PIT_DET,2025,16,total_points,under,52.5,-115.0,0.6587154463332727,0.12383172540304022,lost,-1.0
2025_16_TB_CAR,2025,16,total_points,over,44.5,-112.0,0.5850295852939351,0.05672769850148229,lost,-1.0
2025_16_SF_IND,2025,16,moneyline,home,,185.0,0.5245184735298101,0.17364128054735395,lost,-1.0
2025_16_SF_IND,2025,16,spread,home,4.5,-115.0,0.6495907312230491,0.1147070102928166,lost,-1.0
2025_17_DAL_WAS,2025,17,moneyline,home,,380.0,0.4071714979689541,0.19883816463562073,lost,-1.0
2025_17_DAL_WAS,2025,17,spread,home,8.5,100.0,0.6411172608849738,0.14111726088497378,won,1.0
2025_17_DAL_WAS,2025,17,total_points,under,50.5,-108.0,0.589348606279354,0.07011783704858476,lost,-1.0
2025_17_DEN_KC,2025,17,moneyline,home,,700.0,0.7164928562539908,0.5914928562539908,lost,-1.0
2025_17_DEN_KC,2025,17,spread,home,13.5,-115.0,0.9371355619413185,0.402251841011086,won,0.8695652173913043
2025_17_DEN_KC,2025,17,total_points,over,37.5,-120.0,0.6512437592997984,0.10578921384525297,lost,-1.0
2025_17_DET_MIN,2025,17,moneyline,home,,285.0,0.6033927455061112,0.3436524857658515,won,2.85
2025_17_DET_MIN,2025,17,spread,home,7.0,100.0,0.7801892845741987,0.28018928457419867,won,1.0
2025_17_DET_MIN,2025,17,total_points,over,45.5,-105.0,0.5742026159736191,0.06200749402239958,lost,-1.0
2025_17_BAL_GB,2025,17,moneyline,away,,120.0,0.5155866463713532,0.06104119182589868,won,1.2
2025_17_BAL_GB,2025,17,spread,away,2.5,-108.0,0.5827747235303185,0.06354395429954918,won,0.9259259259259259
2025_17_BAL_GB,2025,17,total_points,over,38.5,-105.0,0.7018825071663706,0.18968738521515105,won,0.9523809523809523
2025_17_HOU_LAC,2025,17,moneyline,home,,-118.0,0.6370266836390083,0.09574227996928353,lost,-1.0
2025_17_HOU_LAC,2025,17,spread,home,-1.5,-105.0,0.5922816332960662,0.08008651134484668,lost,-1.0
2025_17_HOU_LAC,2025,17,total_points,over,40.5,-115.0,0.5861690657214906,0.051285344791258125,lost,-1.0
2025_17_ARI_CIN,2025,17,moneyline,away,,275.0,0.42930627672926447,0.1626396100625978,lost,-1.0
2025_17_ARI_CIN,2025,17,spread,away,7.0,-110.0,0.6295772737963596,0.1057677499868358,lost,-1.0
2025_17_ARI_CIN,2025,17,total_points,under,52.5,-105.0,0.6449195160409612,0.13272439408974168,won,0.9523809523809523
2025_17_CHI_SF,2025,17,total_points,under,51.5,-112.0,0.7173082388320943,0.18900635203964145,lost,-1.0
2025_17_JAX_IND,2025,17,moneyline,home,,185.0,0.6121451750578106,0.2612679820753545,lost,-1.0
2025_17_JAX_IND,2025,17,spread,home,3.5,-105.0,0.7016957067798119,0.18950058482859233,lost,-1.0
2025_17_JAX_IND,2025,17,total_points,under,48.5,-108.0,0.5805878861640084,0.061357116933239086,won,0.9259259259259259
2025_17_NE_NYJ,2025,17,moneyline,home,,625.0,0.28480940440335345,0.14687836992059483,lost,-1.0
2025_17_NE_NYJ,2025,17,spread,home,12.5,100.0,0.6291945618933253,0.12919456189332534,lost,-1.0
2025_17_NO_TEN,2025,17,total_points,over,39.5,-102.0,0.6810759048181833,0.1761254097686783,won,0.9803921568627451
2025_17_NYG_LV,2025,17,moneyline,home,,136.0,0.5795382573392889,0.15580944377996686,lost,-1.0
2025_17_NYG_LV,2025,17,spread,home,3.0,-118.0,0.6623526214626811,0.1210682177929564,lost,-1.0
2025_17_NYG_LV,2025,17,total_points,over,40.5,-108.0,0.5871509926113819,0.06792022338061265,won,0.9259259259259259
2025_17_PIT_CLE,2025,17,total_points,over,35.5,-108.0,0.6790012612164948,0.15977049198572557,lost,-1.0
2025_17_SEA_CAR,2025,17,moneyline,home,,245.0,0.38930917027668904,0.09945409781292092,lost,-1.0
2025_17_SEA_CAR,2025,17,spread,home,6.5,-102.0,0.5659997600369552,0.061049264987450225,lost,-1.0
2025_17_SEA_CAR,2025,17,total_points,over,42.5,-110.0,0.5938161291067091,0.07000660529718528,lost,-1.0
2025_17_TB_MIA,2025,17,moneyline,home,,205.0,0.4635448485112306,0.13567599605221425,won,2.05
2025_17_TB_MIA,2025,17,spread,home,5.5,-112.0,0.6118437016185923,0.08354181482613943,won,0.8928571428571429
2025_17_TB_MIA,2025,17,total_points,over,44.5,-102.0,0.588128460573844,0.08317796552433909,lost,-1.0
2025_17_LA_ATL,2025,17,moneyline,home,,300.0,0.4608825249764251,0.21088252497642512,won,3.0
2025_17_LA_ATL,2025,17,spread,home,7.5,-118.0,0.6681644172182942,0.12688001354856948,won,0.847457627118644
2025_18_CAR_TB,2025,18,moneyline,home,,-155.0,0.6480398115331935,0.040196674278291544,won,0.6451612903225806
2025_18_CAR_TB,2025,18,spread,home,-3.0,-105.0,0.5696178478271468,0.05742272587592723,lost,-1.0
2025_18_CAR_TB,2025,18,total_points,over,43.5,-102.0,0.6143266824471779,0.10937618739767296,lost,-1.0
2025_18_SEA_SF,2025,18,moneyline,home,,124.0,0.4844177131829238,0.03798914175435236,lost,-1.0
2025_18_SEA_SF,2025,18,spread,home,2.5,100.0,0.5484906105594202,0.048490610559420166,lost,-1.0
2025_18_ARI_LA,2025,18,moneyline,away,,800.0,0.34701909172695095,0.23590798061583984,lost,-1.0
2025_18_ARI_LA,2025,18,spread,away,14.5,-115.0,0.7397787769358203,0.20489505600558777,lost,-1.0
2025_18_ARI_LA,2025,18,total_points,under,49.5,-108.0,0.5627653411475695,0.04353457191680021,lost,-1.0
2025_18_BAL_PIT,2025,18,moneyline,home,,185.0,0.460955692929917,0.11007849994746088,won,1.85
2025_18_BAL_PIT,2025,18,spread,home,4.5,-115.0,0.591809400162539,0.056925679232306514,won,0.8695652173913043
2025_18_CLE_CIN,2025,18,moneyline,away,,350.0,0.3413389394492679,0.1191167172270457,won,3.5
2025_18_CLE_CIN,2025,18,spread,away,9.5,-112.0,0.6027759509275837,0.07447406413513091,won,0.8928571428571429
2025_18_CLE_CIN,2025,18,total_points,under,47.5,-118.0,0.5840072547786392,0.042722851108914495,won,0.847457627118644
2025_18_DAL_NYG,2025,18,total_points,under,50.5,-115.0,0.6377713872909502,0.10288766636071767,lost,-1.0
2025_18_DET_CHI,2025,18,moneyline,away,,150.0,0.5013076381819953,0.10130763818199529,won,1.5
2025_18_DET_CHI,2025,18,spread,away,3.5,-110.0,0.6008518743961722,0.07704235058664832,won,0.9090909090909091
2025_18_DET_CHI,2025,18,total_points,under,51.5,-115.0,0.6424076475630234,0.10752392663279087,won,0.8695652173913043
2025_18_GB_MIN,2025,18,moneyline,away,,470.0,0.46656581987167184,0.2911272233804438,lost,-1.0
2025_18_GB_MIN,2025,18,spread,away,12.5,-108.0,0.787912157229332,0.2686813879985628,lost,-1.0
2025_18_GB_MIN,2025,18,total_points,over,37.5,-102.0,0.7116923168036158,0.20674182175411082,lost,-1.0
2025_18_IND_HOU,2025,18,moneyline,away,,400.0,0.4802899045816882,0.2802899045816882,lost,-1.0
2025_18_IND_HOU,2025,18,spread,away,9.5,-110.0,0.7314747172150955,0.20766519340557166,won,0.9090909090909091
2025_18_IND_HOU,2025,18,total_points,over,37.5,-112.0,0.7038813541449784,0.1755794673525256,won,0.8928571428571429
2025_18_KC_LV,2025,18,spread,away,-3.5,-112.0,0.6143163623604998,0.08601447556804698,lost,-1.0
2025_18_KC_LV,2025,18,total_points,over,36.5,-102.0,0.7727681814259633,0.2678176863764583,lost,-1.0
2025_18_LAC_DEN,2025,18,moneyline,away,,900.0,0.5073295069040111,0.40732950690401115,lost,-1.0
2025_18_LAC_DEN,2025,18,spread,away,14.5,-108.0,0.8618822951216197,0.34265152589085046,lost,-1.0
2025_18_LAC_DEN,2025,18,total_points,over,37.5,-115.0,0.60657357498918,0.07168985405894746,lost,-1.0
2025_18_MIA_NE,2025,18,moneyline,away,,650.0,0.2756392719020935,0.14230593856876014,lost,-1.0
2025_18_MIA_NE,2025,18,spread,away,14.0,-112.0,0.6673852147472301,0.1390833279547773,lost,-1.0
2025_18_NO_ATL,2025,18,moneyline,away,,170.0,0.5382677247471339,0.16789735437676356,lost,-1.0
2025_18_NO_ATL,2025,18,spread,away,4.5,-115.0,0.6647216812629769,0.12983796033274442,won,0.8695652173913043
2025_18_NO_ATL,2025,18,total_points,over,43.5,-108.0,0.6340192232007076,0.11478845396993831,lost,-1.0
2025_18_NYJ_BUF,2025,18,moneyline,away,,550.0,0.20368341189863576,0.0498372580524819,lost,-1.0
2025_18_NYJ_BUF,2025,18,total_points,over,39.5,-105.0,0.6077359256915901,0.09554080374037055,won,0.9523809523809523
2025_18_TEN_JAX,2025,18,moneyline,away,,525.0,0.4689991243784619,0.3089991243784619,lost,-1.0
2025_18_TEN_JAX,2025,18,spread,away,12.5,-110.0,0.7923897506209382,0.26858022681141436,lost,-1.0
2025_18_TEN_JAX,2025,18,total_points,under,46.5,-112.0,0.5848662129676934,0.05656432617524054,lost,-1.0
2025_18_WAS_PHI,2025,18,spread,home,-3.0,-115.0,0.626454922461821,0.09157120153158849,lost,-1.0
2025_18_WAS_PHI,2025,18,total_points,over,38.5,-112.0,0.7077576351256272,0.17945574833317435,won,0.8928571428571429
